{
"type": "FeatureCollection",
"name": "municipios_hidalgo",
"crs": { "type": "name", "properties": { "name": "urn:ogc:def:crs:OGC:1.3:CRS84" } },
"features": [
{ "type": "Feature", "properties": { "CVEGEO": "13031", "CVE_ENT": "13", "CVE_MUN": "031", "NOMGEO": "Jacala de Ledezma" }, "geometry": { "type": "MultiPolygon", "coordinates": [ [ [ [ -99.177015599717521, 21.124419980034904 ], [ -99.168406019612149, 21.114430050104165 ], [ -99.158628979678667, 21.108885109849307 ], [ -99.156278739944327, 21.108369140225641 ], [ -99.155451200446052, 21.110053890434575 ], [ -99.152265400120015, 21.103450340362564 ], [ -99.152537319614837, 21.099045779677724 ], [ -99.14852162953585, 21.091406579852528 ], [ -99.142991830203243, 21.0895978002665 ], [ -99.140884460361619, 21.083696570215853 ], [ -99.135072770095476, 21.075410829604294 ], [ -99.125501820315733, 21.07008547982964 ], [ -99.129051829538398, 21.065682850004254 ], [ -99.120831910094367, 21.050522799778584 ], [ -99.115201480380762, 21.046906539724091 ], [ -99.114801600366974, 21.043736969843572 ], [ -99.110306680048268, 21.043896170352603 ], [ -99.095072660268286, 21.028637510043183 ], [ -99.094774579762429, 21.020438399552216 ], [ -99.098997400031934, 21.01774311963133 ], [ -99.092738309702568, 21.005897050137239 ], [ -99.087721940199685, 21.001274259896935 ], [ -99.087850049579103, 20.99776817024723 ], [ -99.078869200308461, 20.997340719618613 ], [ -99.078356489690535, 20.993740510301901 ], [ -99.072071150219685, 20.991705060345993 ], [ -99.062890540360556, 20.98105570961275 ], [ -99.060950260439711, 20.980523510113134 ], [ -99.066912940331989, 20.974299540016421 ], [ -99.066017180052285, 20.967806260440454 ], [ -99.063018089539739, 20.960962909628783 ], [ -99.057518540348312, 20.959236819684097 ], [ -99.059684519803852, 20.951861619838596 ], [ -99.051969510409364, 20.952527710021762 ], [ -99.050923490335649, 20.950654419756759 ], [ -99.054441049989151, 20.947980090255008 ], [ -99.05399966046636, 20.941821540441861 ], [ -99.064947199666364, 20.939108220152026 ], [ -99.06716765974808, 20.936535999956508 ], [ -99.063524679840995, 20.93206239969107 ], [ -99.063738649726304, 20.928970859625323 ], [ -99.059678089615119, 20.92440263015331 ], [ -99.065668349631054, 20.918075149938069 ], [ -99.059938539998768, 20.912217449562078 ], [ -99.062076939811433, 20.910392289598839 ], [ -99.059528230074577, 20.906944430410967 ], [ -99.064799879530483, 20.903640750220866 ], [ -99.068755779978616, 20.903200689852859 ], [ -99.06744037991615, 20.895909429989324 ], [ -99.068712450369148, 20.895517000307951 ], [ -99.067402279779756, 20.89320594966857 ], [ -99.0627886595409, 20.891244149763988 ], [ -99.062659230071915, 20.888350979550523 ], [ -99.057935860439301, 20.891211020149502 ], [ -99.055912919653323, 20.890242090067026 ], [ -99.059388110041198, 20.882261660301133 ], [ -99.052670119772444, 20.873361179593118 ], [ -99.038476749993265, 20.871642090447022 ], [ -99.037311689542165, 20.876355969703077 ], [ -99.034950379953514, 20.873019279962907 ], [ -99.031762319755686, 20.865642059832897 ], [ -99.032774059742565, 20.860230020166526 ], [ -99.017316540469366, 20.828107060295626 ], [ -99.025085879892757, 20.819715779635107 ], [ -99.039485859531865, 20.825863420066455 ], [ -99.051991110161453, 20.825844280038829 ], [ -99.06103745962676, 20.820101089562986 ], [ -99.066015799614107, 20.827025800142405 ], [ -99.077382919612774, 20.815520139627377 ], [ -99.082251739696474, 20.811577710211029 ], [ -99.084678880137687, 20.811481580026449 ], [ -99.088553349624718, 20.806007769995215 ], [ -99.104411690120159, 20.803134280018284 ], [ -99.104764029921924, 20.804582659729387 ], [ -99.101740309960746, 20.804926059822638 ], [ -99.098912690246507, 20.808977120264373 ], [ -99.102466950369248, 20.818137459846255 ], [ -99.106743749882938, 20.822440940101679 ], [ -99.105317179533159, 20.827789779816591 ], [ -99.107619179787889, 20.828126750090224 ], [ -99.109818280107888, 20.824553349631167 ], [ -99.114371879673925, 20.824174369707745 ], [ -99.122758149616828, 20.829347320005112 ], [ -99.123683780309051, 20.835371420220419 ], [ -99.127583519558385, 20.838744079859186 ], [ -99.134593290392743, 20.834985599636589 ], [ -99.137998019519898, 20.829382400099515 ], [ -99.140553850013291, 20.831062540370784 ], [ -99.140438920342262, 20.83447951973643 ], [ -99.143432509822617, 20.839211249609427 ], [ -99.142116939903687, 20.842993619663229 ], [ -99.143898819732868, 20.845982519948819 ], [ -99.143218230081132, 20.849009749915393 ], [ -99.135550980245256, 20.852291879573471 ], [ -99.135757570320507, 20.855519249570328 ], [ -99.132391820391234, 20.857689780142607 ], [ -99.129046950467284, 20.86342694970698 ], [ -99.117091710193918, 20.869703249960899 ], [ -99.113811599718531, 20.869485650349723 ], [ -99.112108060220862, 20.872051279766282 ], [ -99.113612180327863, 20.87983121986052 ], [ -99.115040250416669, 20.881162370126187 ], [ -99.118201060402143, 20.879764419848652 ], [ -99.123774380446363, 20.874197350105867 ], [ -99.131124850214647, 20.870135940053505 ], [ -99.136090859798188, 20.87418105960267 ], [ -99.129162890195786, 20.879897339928423 ], [ -99.132968249966737, 20.885899750210172 ], [ -99.140206599758841, 20.888419570153243 ], [ -99.159125549637906, 20.887000569603178 ], [ -99.15622088969198, 20.889095709996365 ], [ -99.154314489906085, 20.89318262989644 ], [ -99.158196519754711, 20.897193550098891 ], [ -99.165932290264067, 20.894345200193939 ], [ -99.168056540221599, 20.894773179855306 ], [ -99.170111600004461, 20.898740049643905 ], [ -99.171965490039042, 20.898804089698128 ], [ -99.175494629526469, 20.895129060311131 ], [ -99.175175910304304, 20.893517689655319 ], [ -99.180194620277803, 20.892030259828537 ], [ -99.188748980140488, 20.895258490126949 ], [ -99.19086298031543, 20.893144680381742 ], [ -99.19073899955184, 20.89051597983174 ], [ -99.198634279725866, 20.89448844985457 ], [ -99.203846089045911, 20.905326319860976 ], [ -99.203395379365162, 20.912402080375813 ], [ -99.209432398960899, 20.919015569770139 ], [ -99.210414398895566, 20.922275619577913 ], [ -99.207963689305572, 20.924083629630388 ], [ -99.209356338962252, 20.926901579558777 ], [ -99.205647139186041, 20.9332291103667 ], [ -99.206515548908399, 20.935679689745772 ], [ -99.209314569206043, 20.936047280227328 ], [ -99.208723548912488, 20.938998709584691 ], [ -99.210764278741493, 20.940712549651089 ], [ -99.210941749281048, 20.944160859872024 ], [ -99.219001178695265, 20.95026896992643 ], [ -99.220799198836602, 20.954119429550826 ], [ -99.227870579871194, 20.947975939830535 ], [ -99.229844309874892, 20.949239199635109 ], [ -99.230516979954416, 20.956190510362283 ], [ -99.23318593997314, 20.961652510142425 ], [ -99.240116749923388, 20.965466579692293 ], [ -99.244350229765004, 20.965908889594093 ], [ -99.246751030123534, 20.96856888005717 ], [ -99.247050230358298, 20.97520802956733 ], [ -99.244026249857882, 20.975809119660031 ], [ -99.24353228963723, 20.9785769095595 ], [ -99.245444119594964, 20.981025650400742 ], [ -99.250269549580523, 20.978389739922012 ], [ -99.250119059707728, 20.980905950406594 ], [ -99.251461490394931, 20.981968430051776 ], [ -99.253625660269449, 20.981062049613467 ], [ -99.255350830110373, 20.983251949559968 ], [ -99.253910779810383, 20.986554510257005 ], [ -99.258108170215209, 20.988255709591026 ], [ -99.252178199745103, 20.991092059662783 ], [ -99.249576400300171, 20.994584800124482 ], [ -99.238965260018432, 20.999196550393439 ], [ -99.235872509570697, 21.003862309758993 ], [ -99.236107489688592, 21.008367029595604 ], [ -99.231396969985838, 21.013977970234098 ], [ -99.230615430027868, 21.017670340248682 ], [ -99.232091379655174, 21.022718940025403 ], [ -99.226994059925119, 21.022580660050281 ], [ -99.222576630393533, 21.032258170041686 ], [ -99.232311490119884, 21.03695206030789 ], [ -99.238801520265369, 21.031412680116528 ], [ -99.241021149660327, 21.036295089840891 ], [ -99.242587399772646, 21.035550149832059 ], [ -99.248834140239978, 21.040161940075606 ], [ -99.254414830306615, 21.040511739846977 ], [ -99.265512770260116, 21.046442820175574 ], [ -99.266116570320079, 21.060373690115053 ], [ -99.259552940464459, 21.066421370318295 ], [ -99.256839650408693, 21.066297369794558 ], [ -99.249761879878704, 21.071390539787139 ], [ -99.248231850410235, 21.074437199904224 ], [ -99.248614880218909, 21.078019539955292 ], [ -99.246522980360908, 21.081934280177094 ], [ -99.24834663019351, 21.09273213968736 ], [ -99.240309580117994, 21.099129220075461 ], [ -99.243558799565264, 21.103850920346485 ], [ -99.234216109731335, 21.112803679923015 ], [ -99.230555319893142, 21.107554420193306 ], [ -99.226070050064934, 21.10798309001429 ], [ -99.223594619807727, 21.105740860180756 ], [ -99.215418949908312, 21.106210539867391 ], [ -99.209459350130089, 21.110196800113759 ], [ -99.209965949962324, 21.115053909941686 ], [ -99.206225399925586, 21.118689720194723 ], [ -99.195841369744315, 21.121890220305584 ], [ -99.185036249985615, 21.122071289621914 ], [ -99.180875889846874, 21.126641049743206 ], [ -99.177015599717521, 21.124419980034904 ] ] ] ] } },
{ "type": "Feature", "properties": { "CVEGEO": "13005", "CVE_ENT": "13", "CVE_MUN": "005", "NOMGEO": "Ajacuba" }, "geometry": { "type": "MultiPolygon", "coordinates": [ [ [ [ -99.054271948705434, 20.193732025100221 ], [ -99.041827199091856, 20.191461821090009 ], [ -99.040243309362197, 20.188708680814958 ], [ -99.036492058830035, 20.186842951289112 ], [ -99.030616488702236, 20.188823770985397 ], [ -99.015493949087315, 20.190229380742753 ], [ -99.012727939120936, 20.186199891240257 ], [ -99.0145018189084, 20.183551350906573 ], [ -99.008889148872868, 20.180842001227745 ], [ -99.00183488904122, 20.180901721136969 ], [ -99.00132330889511, 20.18253598129396 ], [ -98.990903228983029, 20.188880690717756 ], [ -98.987662398550412, 20.18713434080373 ], [ -98.983144549219745, 20.187361631335737 ], [ -98.980572448959066, 20.185120381129792 ], [ -98.97909451899271, 20.185968020521479 ], [ -98.979019219304689, 20.184764380782759 ], [ -98.968435369400694, 20.188016550734535 ], [ -98.971837058725853, 20.184438781068934 ], [ -98.970819618546344, 20.177024910587491 ], [ -98.967831319007999, 20.173724541076268 ], [ -98.971096319212492, 20.171178431324414 ], [ -98.970183339054444, 20.165247140450198 ], [ -98.972215598608855, 20.160300710786142 ], [ -98.979411259256011, 20.153875880931182 ], [ -98.98553274858952, 20.154941381169881 ], [ -98.996703139188639, 20.160080280533546 ], [ -99.007312819498111, 20.147610340810964 ], [ -99.009890049144559, 20.138916201245287 ], [ -99.012057059362647, 20.137153401048437 ], [ -98.988090539482755, 20.128346661082873 ], [ -98.986124818718196, 20.126047540674652 ], [ -98.9862104787954, 20.124808910879036 ], [ -98.998833288716185, 20.126278660928179 ], [ -99.000340198701636, 20.118337821259367 ], [ -99.002750108996594, 20.118373451241592 ], [ -99.003386448845532, 20.113028650975913 ], [ -99.001419579037616, 20.11263209060839 ], [ -99.001758778790261, 20.110805920952533 ], [ -98.997764179033013, 20.109741151204524 ], [ -99.002615289374219, 20.107412231007061 ], [ -99.011388689294492, 20.110606000799716 ], [ -99.01170174910223, 20.103853741070225 ], [ -99.014182419245188, 20.104667170714432 ], [ -99.0158701490016, 20.099992691119922 ], [ -99.013737548689335, 20.084724941233652 ], [ -99.01006014891702, 20.082106830837027 ], [ -99.002867948618061, 20.08342385078026 ], [ -99.004593739181701, 20.07141917108865 ], [ -99.006715778908514, 20.068037881242777 ], [ -99.033947018902822, 20.076994601189391 ], [ -99.034216878588268, 20.071813121273532 ], [ -99.038066028822342, 20.071610511162927 ], [ -99.042152319398795, 20.068343231067978 ], [ -99.047925318733235, 20.067741230730078 ], [ -99.060432549088873, 20.070319111215934 ], [ -99.063723198744469, 20.07244063127569 ], [ -99.066146079066627, 20.071962200779826 ], [ -99.071530548802997, 20.077033461320237 ], [ -99.069723418994187, 20.073946031045523 ], [ -99.071186398938423, 20.072464540780096 ], [ -99.069634858792185, 20.068110310792832 ], [ -99.07094650945092, 20.063978080521743 ], [ -99.069542738878155, 20.049435720787365 ], [ -99.075525569199769, 20.037363950598515 ], [ -99.070943860404697, 20.01801752087211 ], [ -99.078323949085657, 20.018299600575265 ], [ -99.079672678842542, 20.026212490740907 ], [ -99.08544996921168, 20.032487921081415 ], [ -99.08935131932158, 20.034348801014453 ], [ -99.095804828826886, 20.030639680702741 ], [ -99.10170457856826, 20.032033911258786 ], [ -99.112519289176518, 20.029204220677499 ], [ -99.118153180050697, 20.029304459605168 ], [ -99.125909249261255, 20.031713941158685 ], [ -99.133128919339498, 20.027516290664295 ], [ -99.142513199518447, 20.026973260289086 ], [ -99.145058519058324, 20.035215771172183 ], [ -99.14908807973427, 20.035020799896948 ], [ -99.144370309304549, 20.045617340572115 ], [ -99.152616628669023, 20.043419200614533 ], [ -99.154582028778108, 20.047007510569475 ], [ -99.158131918655457, 20.047625251039307 ], [ -99.163259079045488, 20.052869350482549 ], [ -99.165978289253559, 20.057398850594346 ], [ -99.173687979200494, 20.060848150677813 ], [ -99.177195978722921, 20.065770021180125 ], [ -99.180842089398752, 20.065276290442725 ], [ -99.182396459309444, 20.067637970448203 ], [ -99.185690138989173, 20.066789580529502 ], [ -99.188997919030115, 20.072815451318192 ], [ -99.181654399351572, 20.078327110543778 ], [ -99.173082460217103, 20.087964320396523 ], [ -99.163380848850124, 20.075432081326529 ], [ -99.154764708986193, 20.069806571075343 ], [ -99.153726678650855, 20.065767880525119 ], [ -99.151243909046727, 20.063791030719429 ], [ -99.136224519371993, 20.06521742078219 ], [ -99.140235198961378, 20.07049048087741 ], [ -99.136247218782302, 20.080563660867565 ], [ -99.134006709939641, 20.094260280197567 ], [ -99.125128549180602, 20.11856725059339 ], [ -99.125697429006209, 20.123573490554392 ], [ -99.104159449241791, 20.139140570837299 ], [ -99.103982199006325, 20.141363750576669 ], [ -99.175356110363168, 20.151087200216008 ], [ -99.166826539227941, 20.157126020963325 ], [ -99.139777830100329, 20.195275650551842 ], [ -99.138701198873648, 20.189759341009321 ], [ -99.133750568548876, 20.188780091184082 ], [ -99.129435709090899, 20.19079365046246 ], [ -99.125201028819575, 20.188421780779645 ], [ -99.109680568567029, 20.186505820999194 ], [ -99.107153368759882, 20.184130830500575 ], [ -99.104880569166923, 20.185538021031409 ], [ -99.102579288980721, 20.192188400614715 ], [ -99.087344948897893, 20.193031770436093 ], [ -99.078191518773536, 20.191072451325756 ], [ -99.067123279406232, 20.193615000773729 ], [ -99.054271948705434, 20.193732025100221 ] ] ] ] } },
{ "type": "Feature", "properties": { "CVEGEO": "13075", "CVE_ENT": "13", "CVE_MUN": "075", "NOMGEO": "Tolcayuca" }, "geometry": { "type": "MultiPolygon", "coordinates": [ [ [ [ -98.93612165934438, 20.052989170811308 ], [ -98.932641969453428, 20.040727660924592 ], [ -98.919674019958549, 20.046105940293778 ], [ -98.917303000191168, 20.048616769898885 ], [ -98.915013478588563, 20.046977110094229 ], [ -98.918937059373192, 20.045051089755905 ], [ -98.918393219233607, 20.040431950603772 ], [ -98.912023428999305, 20.031018400190536 ], [ -98.908848259857621, 20.02201974124219 ], [ -98.90305863042984, 20.016197290899662 ], [ -98.903858829078828, 20.008350280704747 ], [ -98.911489642863657, 20.008355335637539 ], [ -98.912900122749647, 20.001000626914564 ], [ -98.907975784621087, 19.998441914100969 ], [ -98.894813109741719, 19.996987032498321 ], [ -98.896081224717676, 19.987352820259936 ], [ -98.887116592240332, 19.964088394230547 ], [ -98.870840395615801, 19.956192482452455 ], [ -98.86836836707819, 19.953555999157185 ], [ -98.881863971700653, 19.937752760503891 ], [ -98.888439650132995, 19.932659650452695 ], [ -98.886869969231526, 19.929489909534812 ], [ -98.87979878020812, 19.924277650730279 ], [ -98.876174749601788, 19.932596260105218 ], [ -98.854824088734858, 19.912882549898875 ], [ -98.870619949541862, 19.894958029800101 ], [ -98.883162079897346, 19.901528749885742 ], [ -98.88259863025516, 19.900097479842501 ], [ -98.887685920459319, 19.899095520582883 ], [ -98.89206056949277, 19.894376110153853 ], [ -98.895889940232621, 19.895707570575205 ], [ -98.897195149641917, 19.894132720813321 ], [ -98.895196230394745, 19.893347171234414 ], [ -98.897788879188241, 19.889870920552578 ], [ -98.896178168553305, 19.885806001274776 ], [ -98.898269709814272, 19.883605341248067 ], [ -98.904117519784648, 19.887579950096264 ], [ -98.907746739333675, 19.883939141018896 ], [ -98.909203740014846, 19.879872061004892 ], [ -98.911824800203021, 19.881017261259561 ], [ -98.910165479999549, 19.87804854980002 ], [ -98.912740479375273, 19.879155859760669 ], [ -98.913621419560755, 19.877369260095787 ], [ -98.91143168876097, 19.875887861087943 ], [ -98.917418860274196, 19.878182680599235 ], [ -98.92181823008238, 19.883463851297552 ], [ -98.924695510409251, 19.884621491241422 ], [ -98.926735939509371, 19.883513860812872 ], [ -98.925761829439736, 19.885563600148103 ], [ -98.934662738821771, 19.890231920125768 ], [ -98.937323249446308, 19.886543079776896 ], [ -98.939798579915646, 19.886207429843186 ], [ -98.942993230221134, 19.891295340315047 ], [ -98.941877619170782, 19.893083179698223 ], [ -98.943234169859409, 19.893896079609547 ], [ -98.943174079275877, 19.897261180404524 ], [ -98.948198538838952, 19.898561400257616 ], [ -98.950687228723424, 19.900985751196608 ], [ -98.950662400122113, 19.906240751083484 ], [ -98.952722599614177, 19.906714570554456 ], [ -98.956112428648026, 19.92818355094585 ], [ -98.960444570364771, 19.925058110030776 ], [ -98.962326168856904, 19.926396141124663 ], [ -98.961825859633223, 19.929175079869811 ], [ -98.966105629503815, 19.929840710862376 ], [ -98.968333018634752, 19.933809081245322 ], [ -98.969966428777525, 19.93269890972816 ], [ -98.972505599758009, 19.935907221112675 ], [ -98.983164749926473, 19.93861283103049 ], [ -98.984690750253705, 19.946318020208484 ], [ -98.999778508576952, 19.941825020283041 ], [ -98.995622818816386, 19.956891721221016 ], [ -98.981175720322852, 19.954721400396032 ], [ -98.966219460240367, 19.973995079595657 ], [ -98.957713969396892, 19.975860171128165 ], [ -98.948549349605486, 19.974018460305718 ], [ -98.943331549253131, 19.976782571099161 ], [ -98.942131549573986, 20.000623199714795 ], [ -98.947487259099702, 20.008991780882898 ], [ -98.944279818711777, 20.017292200669786 ], [ -98.945134979935489, 20.023046369548485 ], [ -98.947936779468876, 20.029567889831775 ], [ -98.950906020316424, 20.029886021347657 ], [ -98.951836819098688, 20.02861117121267 ], [ -98.954282479887056, 20.031128080787585 ], [ -98.955163429773961, 20.027835659722939 ], [ -98.956630658658071, 20.027963780865527 ], [ -98.96058037021902, 20.028752090000317 ], [ -98.96024050941287, 20.031623001180709 ], [ -98.963976570054299, 20.031237690502852 ], [ -98.959877969620521, 20.032600689923012 ], [ -98.958361169317598, 20.038666830960469 ], [ -98.960461049570682, 20.039398509705343 ], [ -98.962761249466794, 20.046040020663561 ], [ -98.953050850029953, 20.051745120446377 ], [ -98.942516629249738, 20.048625600007423 ], [ -98.940734279947733, 20.052171420914345 ], [ -98.93612165934438, 20.052989170811308 ] ] ] ] } },
{ "type": "Feature", "properties": { "CVEGEO": "13028", "CVE_ENT": "13", "CVE_MUN": "028", "NOMGEO": "Huejutla de Reyes" }, "geometry": { "type": "MultiPolygon", "coordinates": [ [ [ [ -98.475953570275294, 21.251755770156056 ], [ -98.468359739682029, 21.24965114000889 ], [ -98.470493000409036, 21.244497570286335 ], [ -98.468518579951251, 21.23674068032955 ], [ -98.471704369602122, 21.232406260341321 ], [ -98.475830570300687, 21.233053850396949 ], [ -98.480814880306809, 21.230674650362424 ], [ -98.4817412202013, 21.228699890109574 ], [ -98.479195260392828, 21.226451769935416 ], [ -98.47965663033132, 21.223888460447458 ], [ -98.472806659855664, 21.219810549669035 ], [ -98.467759509989392, 21.223840709850425 ], [ -98.466506229671381, 21.219900119933676 ], [ -98.456947879945247, 21.21483299995392 ], [ -98.452892890414873, 21.210031949777949 ], [ -98.459626060296358, 21.204801750033564 ], [ -98.457067769690454, 21.202879030085132 ], [ -98.449359579869849, 21.20199305022755 ], [ -98.446672999897402, 21.199620000030777 ], [ -98.449067089555385, 21.193626320013063 ], [ -98.44939985018182, 21.186670689672962 ], [ -98.446766909853352, 21.179813150112853 ], [ -98.445459320043526, 21.180620119625317 ], [ -98.445133429653055, 21.178672400389772 ], [ -98.438963249623598, 21.176221550303939 ], [ -98.437041509971607, 21.1771704897033 ], [ -98.43546059958139, 21.174550659705066 ], [ -98.432998149532452, 21.174778829891295 ], [ -98.432352489994472, 21.172256199902254 ], [ -98.430107489648293, 21.17278774035605 ], [ -98.430255649590777, 21.168046060214721 ], [ -98.423710979945284, 21.167174599977233 ], [ -98.423454429523403, 21.163522109972885 ], [ -98.420379139878946, 21.161455490043409 ], [ -98.41871305025461, 21.162385279589831 ], [ -98.417087890138632, 21.160399119972286 ], [ -98.416435689981782, 21.154981889708608 ], [ -98.405418548564768, 21.154706680287756 ], [ -98.404544450120341, 21.152651890103495 ], [ -98.403196890457238, 21.154424510508345 ], [ -98.40380898020743, 21.157592449899919 ], [ -98.401058230055298, 21.155902950085384 ], [ -98.399533689985248, 21.158588080241238 ], [ -98.397801939926012, 21.156478260437424 ], [ -98.391132090379216, 21.160536320424718 ], [ -98.389332749792374, 21.158667879753033 ], [ -98.386807969960032, 21.16225914016486 ], [ -98.384042179908761, 21.160908650007144 ], [ -98.383597199619999, 21.158460829616491 ], [ -98.380167420253755, 21.158363419848293 ], [ -98.380219519820017, 21.155124740226256 ], [ -98.367740199569084, 21.15883097018958 ], [ -98.36624108016828, 21.162235059561702 ], [ -98.364966080179485, 21.161738380336764 ], [ -98.365063149915613, 21.158095179983846 ], [ -98.362039940491798, 21.157049029686302 ], [ -98.359478339701255, 21.157615660385062 ], [ -98.358141030278361, 21.156289179617161 ], [ -98.35368264987963, 21.159804769942394 ], [ -98.350754230164512, 21.157142679957254 ], [ -98.35058216986576, 21.159867650217038 ], [ -98.342112550030279, 21.160773710353428 ], [ -98.340886719766232, 21.164823629626813 ], [ -98.342356479696633, 21.167190149867146 ], [ -98.338149570342054, 21.172770909620592 ], [ -98.321146369530766, 21.181262980356749 ], [ -98.315855910368668, 21.186879620369901 ], [ -98.311188480435703, 21.183434850052556 ], [ -98.308445280064717, 21.184814910170374 ], [ -98.308034219820811, 21.180251940221339 ], [ -98.30499995047532, 21.182956540013642 ], [ -98.305383710035485, 21.18129477040554 ], [ -98.297903370336428, 21.177402490317625 ], [ -98.299568140458859, 21.184128350042077 ], [ -98.295978690212806, 21.183036800098353 ], [ -98.296150260449778, 21.187961540442021 ], [ -98.287178219637042, 21.194296199885624 ], [ -98.278102289633281, 21.192022000030576 ], [ -98.275516320162879, 21.187373060076407 ], [ -98.278874459942685, 21.182858450033546 ], [ -98.278579350179939, 21.17258471999477 ], [ -98.283147149883135, 21.163971109803072 ], [ -98.28639567972948, 21.161396649651294 ], [ -98.290715940392218, 21.160562690376068 ], [ -98.29592225032394, 21.153613260114668 ], [ -98.29451370999719, 21.147188549713519 ], [ -98.286249419947566, 21.145087350432188 ], [ -98.280779400123663, 21.141025689618846 ], [ -98.282637459934818, 21.1382750604403 ], [ -98.279354510156026, 21.126807600290405 ], [ -98.283985879637001, 21.120427319946693 ], [ -98.292194429892277, 21.118309540085459 ], [ -98.292348709747898, 21.109144179769796 ], [ -98.289563289648285, 21.105708479585822 ], [ -98.292930779785664, 21.101558770298649 ], [ -98.286897620363945, 21.096470949679304 ], [ -98.285815849583258, 21.093258370117848 ], [ -98.293804649966688, 21.093729320446876 ], [ -98.299249049913811, 21.089353250145862 ], [ -98.30262290953705, 21.092015460227206 ], [ -98.302346799728809, 21.096435909742773 ], [ -98.317329029875111, 21.088111620005556 ], [ -98.323534950356105, 21.089635179900736 ], [ -98.327017539548109, 21.092702180247539 ], [ -98.331729580348778, 21.092088460227846 ], [ -98.329576659947094, 21.097502599703155 ], [ -98.331398339809851, 21.103124780429887 ], [ -98.328426030176203, 21.110435230167035 ], [ -98.32987347999989, 21.111831339595312 ], [ -98.342486349729185, 21.10549482029376 ], [ -98.339878260306122, 21.100432460152483 ], [ -98.343789049694479, 21.097094089794403 ], [ -98.345604749890569, 21.100038919818729 ], [ -98.350314250437478, 21.097726979700546 ], [ -98.352806150394002, 21.09852991007617 ], [ -98.35197816995526, 21.099437949907205 ], [ -98.354533709802553, 21.102458799722925 ], [ -98.360000600015496, 21.102713659582975 ], [ -98.363568380413071, 21.101196880233683 ], [ -98.365668310160984, 21.102550379797552 ], [ -98.367518289684909, 21.100112570375288 ], [ -98.373400449866864, 21.099582179704356 ], [ -98.370878229998382, 21.094175170330985 ], [ -98.372065970019634, 21.092413630213038 ], [ -98.375193689580399, 21.090949350262068 ], [ -98.383171650410475, 21.092284169963801 ], [ -98.392944879755277, 21.081192380042975 ], [ -98.387143510357205, 21.078519580438876 ], [ -98.387402649578021, 21.076273370390219 ], [ -98.382097569736302, 21.071209779784049 ], [ -98.382141420292598, 21.066275450122355 ], [ -98.3807842897737, 21.065250849964681 ], [ -98.391674659787668, 21.062272910270064 ], [ -98.393186179656979, 21.063629170287111 ], [ -98.395849459807707, 21.062049830155544 ], [ -98.396996889718082, 21.063131019965361 ], [ -98.398210180417252, 21.060053740048613 ], [ -98.403493319892945, 21.056617119849118 ], [ -98.404973220071867, 21.052303600189919 ], [ -98.40319004987029, 21.049725780079729 ], [ -98.403433999814837, 21.046755110306037 ], [ -98.408954110077318, 21.044491319783855 ], [ -98.411905350138412, 21.045893720104583 ], [ -98.415955350353357, 21.043842340262636 ], [ -98.425325202474511, 21.046138073933314 ], [ -98.42723027981657, 21.044350830037136 ], [ -98.433310969530396, 21.044690770179212 ], [ -98.435983419760319, 21.046373829830067 ], [ -98.437091459584707, 21.044772200251799 ], [ -98.442033309960067, 21.043829520113672 ], [ -98.442649800003224, 21.042164380087321 ], [ -98.443587179786604, 21.043627150042738 ], [ -98.450635649585109, 21.044262279932489 ], [ -98.461043540240738, 21.040177479911915 ], [ -98.470874710079372, 21.039454979665198 ], [ -98.476630379754027, 21.034396629734857 ], [ -98.479100980328155, 21.035973250106331 ], [ -98.47896771995778, 21.039202429840898 ], [ -98.481802980176354, 21.038118879729822 ], [ -98.477348110275159, 21.045692340368472 ], [ -98.480728020014837, 21.055400660098435 ], [ -98.497625540294592, 21.057529800147208 ], [ -98.503927860035404, 21.056028509999368 ], [ -98.507996549700991, 21.05033230957072 ], [ -98.517589170284595, 21.046041690347426 ], [ -98.527440420098841, 21.045043830175644 ], [ -98.530011279579895, 21.04299624988731 ], [ -98.536487659537826, 21.044208679583178 ], [ -98.547596550271223, 21.052924349871876 ], [ -98.549106250314807, 21.057539460408449 ], [ -98.556454490335824, 21.06441141980574 ], [ -98.561516510355489, 21.065588109864695 ], [ -98.565834509851499, 21.064685710344744 ], [ -98.57580046040411, 21.057832459935614 ], [ -98.577329829581103, 21.065270550301694 ], [ -98.590670320462948, 21.076265309859309 ], [ -98.594563119843002, 21.077118230044011 ], [ -98.604083549643221, 21.074868649948179 ], [ -98.600772080403587, 21.08342807980199 ], [ -98.608080719611607, 21.087539339847275 ], [ -98.613014170321946, 21.085528689889433 ], [ -98.615766459720376, 21.086804799761985 ], [ -98.614068550226946, 21.090955250306514 ], [ -98.617132849912792, 21.093776540124438 ], [ -98.614645970263311, 21.101852430085657 ], [ -98.614595849575977, 21.121990630064108 ], [ -98.617466220255949, 21.125145049559283 ], [ -98.614991780391705, 21.127074280236233 ], [ -98.608339309968429, 21.129077770364397 ], [ -98.603681780351351, 21.13324682956587 ], [ -98.601811999632162, 21.12828194965881 ], [ -98.59574446010302, 21.127419519933746 ], [ -98.597656829941158, 21.123664980245326 ], [ -98.586999770393163, 21.125535919809533 ], [ -98.585599169965406, 21.123839680211322 ], [ -98.586848539542004, 21.121583910313991 ], [ -98.585081740056509, 21.120910109948468 ], [ -98.581574019610514, 21.125705339912933 ], [ -98.580954819916997, 21.137489050174807 ], [ -98.573237709561951, 21.141308920220059 ], [ -98.568851660296829, 21.145668740162282 ], [ -98.567136719994664, 21.150380110111797 ], [ -98.561425249681761, 21.154488120095014 ], [ -98.5563798598765, 21.150183850419616 ], [ -98.554477490039631, 21.140918629982732 ], [ -98.549787400105885, 21.131966769556545 ], [ -98.555306369528381, 21.121103919710116 ], [ -98.551404880398437, 21.121781320460332 ], [ -98.555332749857101, 21.114370860046499 ], [ -98.553147820421259, 21.113645910286237 ], [ -98.553645059605472, 21.110186979687033 ], [ -98.548692689651801, 21.109317060291623 ], [ -98.53949537977185, 21.110854909768442 ], [ -98.538365829891575, 21.115457000231782 ], [ -98.53455826018417, 21.110414029639475 ], [ -98.527814219637634, 21.115050400220067 ], [ -98.526025750139482, 21.113928450103749 ], [ -98.524480709660679, 21.115065919787963 ], [ -98.521363749644223, 21.125396889777573 ], [ -98.516961490415454, 21.124601800013505 ], [ -98.508639949764884, 21.13092294043053 ], [ -98.510260519630407, 21.125757619553195 ], [ -98.506615709865358, 21.124486369846689 ], [ -98.500916280114268, 21.132256349902161 ], [ -98.498599089867781, 21.138473149857212 ], [ -98.491737780028643, 21.143909739617822 ], [ -98.491431659848715, 21.145236460115107 ], [ -98.493460180310436, 21.146398720439258 ], [ -98.492909770323834, 21.154104820078629 ], [ -98.494150050382316, 21.155737289961984 ], [ -98.49220025989473, 21.158051229712459 ], [ -98.495942770230755, 21.16061648038907 ], [ -98.496591879984123, 21.164493690110511 ], [ -98.498896310273125, 21.163690279786085 ], [ -98.501974509738446, 21.164999739742182 ], [ -98.502947030245309, 21.168033049864118 ], [ -98.506270569770024, 21.167898830253211 ], [ -98.506806079887369, 21.169757919730444 ], [ -98.511120950015311, 21.171343660035735 ], [ -98.520169520204433, 21.172308579733475 ], [ -98.519583740101069, 21.175078540293239 ], [ -98.516762740265278, 21.174476429927925 ], [ -98.514674920401035, 21.17663936979832 ], [ -98.518808649516671, 21.18674951005957 ], [ -98.51777124966371, 21.190374150194675 ], [ -98.52511250985647, 21.197720019553429 ], [ -98.528385920051903, 21.197399109574768 ], [ -98.529971769951601, 21.198972289720693 ], [ -98.533502000224757, 21.196596489629091 ], [ -98.536560580293781, 21.199939340390255 ], [ -98.536868820114364, 21.20237591990125 ], [ -98.535235000137305, 21.202559689912317 ], [ -98.535859150204828, 21.203647080355896 ], [ -98.532849659800064, 21.207647849770993 ], [ -98.547276709625294, 21.20614093992943 ], [ -98.549080258816957, 21.205271219965027 ], [ -98.548884090381591, 21.202793420008938 ], [ -98.552054630260386, 21.200962850435008 ], [ -98.551745629947305, 21.204987490052066 ], [ -98.553475889617246, 21.207874030110812 ], [ -98.55133466039166, 21.211650800379154 ], [ -98.546879819602523, 21.214194520179255 ], [ -98.544727120397184, 21.224635150051597 ], [ -98.539520539662959, 21.232217259833636 ], [ -98.535673449809764, 21.235019140189387 ], [ -98.53465869047173, 21.233666490214457 ], [ -98.531339969757624, 21.233820490349789 ], [ -98.52565366024001, 21.237243650297025 ], [ -98.523740419727744, 21.243823339801303 ], [ -98.521618770037961, 21.243105290172871 ], [ -98.508326600371518, 21.247072569605525 ], [ -98.502637220238228, 21.245845649667206 ], [ -98.499832180106509, 21.247756680359085 ], [ -98.50054653969255, 21.25135437956407 ], [ -98.499328819841864, 21.252178939871982 ], [ -98.493197179560639, 21.250521679728084 ], [ -98.493137630094239, 21.251756509679026 ], [ -98.487005379839857, 21.250667580296433 ], [ -98.475953570275294, 21.251755770156056 ] ] ] ] } },
{ "type": "Feature", "properties": { "CVEGEO": "13045", "CVE_ENT": "13", "CVE_MUN": "045", "NOMGEO": "Omitlán de Juárez" }, "geometry": { "type": "MultiPolygon", "coordinates": [ [ [ [ -98.650026860222937, 20.250881579609231 ], [ -98.639148567707466, 20.247337981833045 ], [ -98.64031624868332, 20.240039200445199 ], [ -98.646006780159382, 20.232615350430656 ], [ -98.628801080375283, 20.230161170410771 ], [ -98.629952220336506, 20.227564630394763 ], [ -98.632629139753703, 20.226597860244546 ], [ -98.629022739846818, 20.207175690020133 ], [ -98.631394090156903, 20.202054180334081 ], [ -98.62961137037064, 20.199439150390287 ], [ -98.629179540125918, 20.189877549619442 ], [ -98.62448074014813, 20.193010619682518 ], [ -98.623880450468292, 20.197061750343696 ], [ -98.621944220262378, 20.19851822980155 ], [ -98.617268049602202, 20.195657480308668 ], [ -98.615866879590953, 20.198248090166672 ], [ -98.612489920049796, 20.199863659655449 ], [ -98.606780370313032, 20.198433379829353 ], [ -98.608718939854214, 20.196314290283013 ], [ -98.610675820069176, 20.184052179668853 ], [ -98.613571750192449, 20.180084889941529 ], [ -98.613650660105023, 20.176862600179842 ], [ -98.60962206048336, 20.177961399718058 ], [ -98.607086649670293, 20.175998250425543 ], [ -98.60342356965279, 20.180429460245591 ], [ -98.602978940318081, 20.174416400297442 ], [ -98.598692149953351, 20.173219919872331 ], [ -98.596403769600983, 20.175842370187823 ], [ -98.593873400266716, 20.171646879630867 ], [ -98.594165230052511, 20.169033419908292 ], [ -98.586362740007971, 20.16601425966325 ], [ -98.583378279789684, 20.17057374966139 ], [ -98.576220830318206, 20.16728631968526 ], [ -98.570310819816726, 20.172164480322419 ], [ -98.566450379770174, 20.171940620363735 ], [ -98.561143619541454, 20.179597820116886 ], [ -98.560574829788578, 20.176798080436328 ], [ -98.558941629619838, 20.176297710323169 ], [ -98.559994680462609, 20.168705060416734 ], [ -98.558509750181159, 20.160793820324987 ], [ -98.561924018065966, 20.158090769958843 ], [ -98.561612000309736, 20.14605270985334 ], [ -98.564180460142509, 20.14456725004711 ], [ -98.566092490106215, 20.130408550444585 ], [ -98.573582370332758, 20.121585339980431 ], [ -98.575950540151283, 20.122913460818758 ], [ -98.580391510027638, 20.121967460566655 ], [ -98.582523419857864, 20.125986261045554 ], [ -98.588816029710657, 20.126468941113068 ], [ -98.594051429614765, 20.121835580974224 ], [ -98.604822680234861, 20.117035249660827 ], [ -98.610497539729693, 20.132814219923226 ], [ -98.6117006503721, 20.132754489958931 ], [ -98.612790150424388, 20.128663220242615 ], [ -98.621070110012624, 20.130403860178255 ], [ -98.626363089550409, 20.127845780077219 ], [ -98.630833219606757, 20.129490580191916 ], [ -98.630333149838251, 20.131435309605873 ], [ -98.632471890350985, 20.131753570235119 ], [ -98.635792480479225, 20.13970702985252 ], [ -98.632257510409843, 20.141053799942469 ], [ -98.631606089846727, 20.144944370115756 ], [ -98.632915199599168, 20.147049220376068 ], [ -98.64771469023799, 20.147884480274026 ], [ -98.646894380411894, 20.145551340361486 ], [ -98.652388020283254, 20.144505770390555 ], [ -98.65583965992947, 20.147011889668867 ], [ -98.656966400021091, 20.150796289730891 ], [ -98.661600860179973, 20.153014280327678 ], [ -98.660040109643475, 20.153841879640407 ], [ -98.665197829967525, 20.160172169974832 ], [ -98.666270550375458, 20.164454279602385 ], [ -98.66047541955939, 20.165420149956777 ], [ -98.663318220225918, 20.168848750176021 ], [ -98.65964105000532, 20.17875445967908 ], [ -98.666265200200655, 20.182756650137748 ], [ -98.661374830314799, 20.18974657971458 ], [ -98.660649510356393, 20.192726400267077 ], [ -98.663684580473458, 20.193157689704435 ], [ -98.660136120284193, 20.19911854994055 ], [ -98.660659370400921, 20.209092180163591 ], [ -98.658444139873652, 20.211004979736114 ], [ -98.666194579531947, 20.220478289836748 ], [ -98.670050980399722, 20.222668350091347 ], [ -98.674267770170104, 20.222315999673651 ], [ -98.67243636955574, 20.226917709873288 ], [ -98.666621920046239, 20.229405290450277 ], [ -98.670567149635005, 20.237635679765958 ], [ -98.668485169537746, 20.241632539845028 ], [ -98.663977089973272, 20.245372289925431 ], [ -98.662682030448963, 20.243742819921973 ], [ -98.650026860222937, 20.250881579609231 ] ] ] ] } },
{ "type": "Feature", "properties": { "CVEGEO": "13021", "CVE_ENT": "13", "CVE_MUN": "021", "NOMGEO": "Emiliano Zapata" }, "geometry": { "type": "MultiPolygon", "coordinates": [ [ [ [ -98.615180249633411, 19.729415110158936 ], [ -98.608657370033924, 19.725856889971375 ], [ -98.602149340258492, 19.715733000152085 ], [ -98.584229400418451, 19.722106820324942 ], [ -98.587299059606934, 19.728139059616257 ], [ -98.569267279521455, 19.721033570178879 ], [ -98.569851569984607, 19.716931739995953 ], [ -98.567224950429761, 19.715064420292137 ], [ -98.568499220288345, 19.705737309635765 ], [ -98.567611380257901, 19.706957490325884 ], [ -98.564651660399676, 19.706035049735679 ], [ -98.565157450365859, 19.703374799774458 ], [ -98.562374340162989, 19.70107665967754 ], [ -98.562861310095542, 19.697498739720547 ], [ -98.559991110325186, 19.690179999887381 ], [ -98.541998650246725, 19.67602157971637 ], [ -98.528147250278025, 19.661017319711014 ], [ -98.524587459755352, 19.646958169992626 ], [ -98.550399679697833, 19.61857817030333 ], [ -98.550166219626064, 19.624548779801174 ], [ -98.555740430110333, 19.625392059928377 ], [ -98.555610460229175, 19.6281023698754 ], [ -98.563719510185038, 19.627148819984139 ], [ -98.561369949722376, 19.637595399843793 ], [ -98.566357800271987, 19.641119660281134 ], [ -98.569048909532725, 19.638757109684914 ], [ -98.579939980472957, 19.637416339898181 ], [ -98.584967720411441, 19.627821680371369 ], [ -98.58961570977398, 19.622940710086169 ], [ -98.590348709874164, 19.619363650429577 ], [ -98.600317779881692, 19.611409199641891 ], [ -98.600839460014797, 19.608284950322059 ], [ -98.603818710195171, 19.605561289912796 ], [ -98.609836079555606, 19.602014309834232 ], [ -98.625916889848526, 19.600332220233163 ], [ -98.631013799621741, 19.601993170320878 ], [ -98.634686629593759, 19.597758109691632 ], [ -98.638301920098229, 19.598941179559745 ], [ -98.641987139924112, 19.605367250018112 ], [ -98.64590929044455, 19.607530170052687 ], [ -98.649645690419007, 19.606440950457014 ], [ -98.654875180473368, 19.607645230158749 ], [ -98.657723979563556, 19.605555580037588 ], [ -98.663145620299858, 19.604754220034355 ], [ -98.665577089536342, 19.606153740109566 ], [ -98.661746600323951, 19.610112999741375 ], [ -98.661931650107135, 19.61169255020376 ], [ -98.668676489759207, 19.619175289561088 ], [ -98.670549109518873, 19.624827920323899 ], [ -98.672395719841603, 19.625147569735113 ], [ -98.672036649995761, 19.63672948039488 ], [ -98.66763140006428, 19.644355619958262 ], [ -98.670414229925498, 19.651222289655006 ], [ -98.670054820474562, 19.65867613985133 ], [ -98.66822856980194, 19.658504309929963 ], [ -98.666435980272297, 19.662267880133275 ], [ -98.665495890101454, 19.659789279896017 ], [ -98.665362490189651, 19.661608289735561 ], [ -98.664743340442968, 19.660729619962435 ], [ -98.664357019871574, 19.657032449842053 ], [ -98.658121019928004, 19.653967420332776 ], [ -98.655545830243568, 19.650472260021075 ], [ -98.653106659875405, 19.654315000262702 ], [ -98.644186579602575, 19.64883088957383 ], [ -98.6349491399464, 19.655537860004081 ], [ -98.629494889599087, 19.656736030129064 ], [ -98.625113509778814, 19.655560030086168 ], [ -98.62222085012705, 19.65765971970124 ], [ -98.619670570288136, 19.661163920393676 ], [ -98.623320629960517, 19.663451079558353 ], [ -98.627915369862578, 19.663535079988147 ], [ -98.630027169934621, 19.667310309687718 ], [ -98.634079250243033, 19.668072709968513 ], [ -98.635493520375647, 19.670765350327709 ], [ -98.637929549899255, 19.668973249686395 ], [ -98.639897089715532, 19.671083109834772 ], [ -98.637011680416919, 19.674867909631303 ], [ -98.632237109787539, 19.674526350276366 ], [ -98.630106940170108, 19.679025740371401 ], [ -98.629372540129864, 19.687275800064363 ], [ -98.625110279813725, 19.691374629936174 ], [ -98.623915400261694, 19.696408049675693 ], [ -98.630793250200426, 19.704704419712794 ], [ -98.629433570150994, 19.709720850408257 ], [ -98.632475740406733, 19.713292750403955 ], [ -98.630026349872296, 19.716104449702719 ], [ -98.63346158019543, 19.71496452040293 ], [ -98.63085373969318, 19.717719399902609 ], [ -98.63292434033751, 19.722235859583662 ], [ -98.627636370410798, 19.721821600209662 ], [ -98.626932380278618, 19.725647090411449 ], [ -98.62470304987599, 19.727424489656581 ], [ -98.623779690208252, 19.725574339886094 ], [ -98.615180249633411, 19.729415110158936 ] ] ] ] } },
{ "type": "Feature", "properties": { "CVEGEO": "13001", "CVE_ENT": "13", "CVE_MUN": "001", "NOMGEO": "Acatlán" }, "geometry": { "type": "MultiPolygon", "coordinates": [ [ [ [ -98.469467909742235, 20.335014709679989 ], [ -98.462080580474506, 20.331215739672434 ], [ -98.458548139541165, 20.333650520008248 ], [ -98.451885430138887, 20.328992970832036 ], [ -98.4396521497642, 20.327301601087367 ], [ -98.432546459749133, 20.323189460520812 ], [ -98.427078879835832, 20.326561089781656 ], [ -98.425820119932993, 20.325501279579122 ], [ -98.425642309666955, 20.315325019586322 ], [ -98.420879309589949, 20.317023710409224 ], [ -98.415153149815794, 20.314041850096995 ], [ -98.411406820126743, 20.318229619623263 ], [ -98.411952849748431, 20.320686890338585 ], [ -98.409341889734804, 20.318517279767374 ], [ -98.407585889511793, 20.321838400496958 ], [ -98.404160110273168, 20.319451520796925 ], [ -98.404401289939514, 20.320734080637742 ], [ -98.40092848004052, 20.321444881060525 ], [ -98.399843949863936, 20.312068770624258 ], [ -98.39812072035518, 20.315628150948839 ], [ -98.397449309990478, 20.314609711181003 ], [ -98.39544117953028, 20.315755090358149 ], [ -98.394840309959562, 20.315736779893399 ], [ -98.397905139821589, 20.311215180367633 ], [ -98.393586649518241, 20.3060758902933 ], [ -98.394610910234675, 20.304764629892357 ], [ -98.392918619909636, 20.300710600402468 ], [ -98.399618399695754, 20.295938218769617 ], [ -98.402460940071819, 20.289806179823277 ], [ -98.408816780165111, 20.286542739868977 ], [ -98.411615200372438, 20.281335030178202 ], [ -98.403912970351556, 20.27875870984877 ], [ -98.407844030026311, 20.275994250423651 ], [ -98.404794720325313, 20.273736150413548 ], [ -98.407602369426669, 20.268240249674623 ], [ -98.398141740400419, 20.224963399875612 ], [ -98.393647890333639, 20.220076180237921 ], [ -98.364451478780325, 20.209009320955058 ], [ -98.375144060014378, 20.208947881063466 ], [ -98.375191119080938, 20.205232149620503 ], [ -98.367391289437791, 20.204763121069462 ], [ -98.367656169409031, 20.197458079868778 ], [ -98.372463920119344, 20.190821751192221 ], [ -98.369945219850536, 20.187744979793948 ], [ -98.368646998985454, 20.182120430385737 ], [ -98.370920678871855, 20.179534680541678 ], [ -98.374835049703009, 20.178922399806993 ], [ -98.374524949662543, 20.176945020277305 ], [ -98.377956879783525, 20.172249370602369 ], [ -98.379278849060285, 20.162582340435812 ], [ -98.369399749984225, 20.140611219614428 ], [ -98.375931199478956, 20.141833350170646 ], [ -98.385658828571309, 20.133866371233779 ], [ -98.385195289106534, 20.126274380244293 ], [ -98.389651890425924, 20.131551739882479 ], [ -98.39748290968285, 20.130281941053315 ], [ -98.404389059203424, 20.136298280777098 ], [ -98.422429248192643, 20.122022151114837 ], [ -98.421323980775355, 20.120038200357065 ], [ -98.432452348750118, 20.115852690771742 ], [ -98.444046200398134, 20.107533000992127 ], [ -98.448616829092998, 20.100362690063232 ], [ -98.453583019839783, 20.096408540808721 ], [ -98.453975018758101, 20.093698819732506 ], [ -98.459137019448377, 20.089976540711614 ], [ -98.460299418705745, 20.086451820729831 ], [ -98.464162380174429, 20.085110250407165 ], [ -98.475075079063743, 20.074782373036744 ], [ -98.48123968978706, 20.077560420938731 ], [ -98.481116999774159, 20.07944786107868 ], [ -98.491739969675095, 20.086736080619939 ], [ -98.49884147965453, 20.089854550848319 ], [ -98.498849599643933, 20.094073001168187 ], [ -98.501411890195868, 20.095765710911092 ], [ -98.517282950452753, 20.0993059801011 ], [ -98.514276180122735, 20.105577430198903 ], [ -98.502507420034036, 20.112117000055925 ], [ -98.499483349977197, 20.118966740132006 ], [ -98.498575659769685, 20.126795819603501 ], [ -98.493739000283128, 20.126695120187989 ], [ -98.493297459733043, 20.133141229877591 ], [ -98.491218380182502, 20.133537120322202 ], [ -98.492021420093266, 20.141612199974645 ], [ -98.487981279759822, 20.146683219918927 ], [ -98.488764770347686, 20.150234349708409 ], [ -98.48802500022687, 20.148375689961085 ], [ -98.484790580334305, 20.148549260079051 ], [ -98.482528060158941, 20.153640620280424 ], [ -98.480343969416552, 20.152733120645184 ], [ -98.480073489939159, 20.159024691175233 ], [ -98.48583797014399, 20.183990550441376 ], [ -98.461451600170449, 20.194343309829193 ], [ -98.464101940255816, 20.197269709827182 ], [ -98.469521800415464, 20.210374650304612 ], [ -98.478467889602996, 20.215937550015706 ], [ -98.48029202021452, 20.218827549604708 ], [ -98.478396969823706, 20.222664339602748 ], [ -98.479345060326267, 20.228947850230043 ], [ -98.471541859749678, 20.229263710131647 ], [ -98.471129060263394, 20.232982060283156 ], [ -98.468266350152859, 20.232694490065445 ], [ -98.469348749853097, 20.235807659743504 ], [ -98.464882480099121, 20.234059549935317 ], [ -98.4686012904492, 20.244090779766754 ], [ -98.466573739941808, 20.246189600275791 ], [ -98.4711544901824, 20.248177849814063 ], [ -98.471776219685609, 20.25218383034138 ], [ -98.474816450107809, 20.252052890362695 ], [ -98.479494079600101, 20.256519519843877 ], [ -98.481638340161382, 20.256348849597671 ], [ -98.484822460369827, 20.262435600403631 ], [ -98.486869379592704, 20.263082509929582 ], [ -98.488697800125166, 20.266666429645401 ], [ -98.483962629621374, 20.269834169886245 ], [ -98.486044980310368, 20.274232969568821 ], [ -98.479537459643183, 20.280132320304826 ], [ -98.482106249685771, 20.280447690352606 ], [ -98.482207539526399, 20.282090549936282 ], [ -98.4879322501545, 20.285111550349111 ], [ -98.490942110297624, 20.289767890247823 ], [ -98.490409229988728, 20.291801060147481 ], [ -98.498451679794428, 20.297082780214645 ], [ -98.497567149537403, 20.308993050098223 ], [ -98.49444374034745, 20.307899000294377 ], [ -98.492007630188596, 20.31561868011859 ], [ -98.484462629822545, 20.320794650306382 ], [ -98.475875849710562, 20.321844979571345 ], [ -98.476660600219432, 20.324680340127351 ], [ -98.47898813853871, 20.324848461222718 ], [ -98.473061599669506, 20.331143849820684 ], [ -98.469798969906762, 20.332498150149856 ], [ -98.469467909742235, 20.335014709679989 ] ] ] ] } },
{ "type": "Feature", "properties": { "CVEGEO": "13002", "CVE_ENT": "13", "CVE_MUN": "002", "NOMGEO": "Acaxochitlán" }, "geometry": { "type": "MultiPolygon", "coordinates": [ [ [ [ -98.185204680051257, 20.259271825942061 ], [ -98.180299000064124, 20.256946281324954 ], [ -98.18047887881076, 20.255026019742331 ], [ -98.173860378737487, 20.252891059850516 ], [ -98.173829969843581, 20.250949750878316 ], [ -98.171610719875588, 20.250582940818713 ], [ -98.162804910394925, 20.240980770266262 ], [ -98.161097658619553, 20.236668751107057 ], [ -98.157061919733636, 20.238196549785044 ], [ -98.147726309480078, 20.226385401140476 ], [ -98.147005220416148, 20.220614030354344 ], [ -98.150150090074206, 20.221309951059727 ], [ -98.155062449634912, 20.217432970963443 ], [ -98.152904379475217, 20.21210855088475 ], [ -98.154011520419559, 20.208752489860359 ], [ -98.151398228711358, 20.207873049966228 ], [ -98.143835139693195, 20.19950531034835 ], [ -98.138896549975783, 20.199828880934639 ], [ -98.134891368981485, 20.19086368061323 ], [ -98.129656000147364, 20.188803429930683 ], [ -98.127958550420118, 20.185941369974877 ], [ -98.127527629696218, 20.182461220951712 ], [ -98.131786600388992, 20.1785866901871 ], [ -98.129800630006798, 20.176642540231928 ], [ -98.132709340058724, 20.170178400591649 ], [ -98.132172998850436, 20.167122981028047 ], [ -98.13051317000739, 20.166422250006747 ], [ -98.133155200346081, 20.166201800410136 ], [ -98.129726820451324, 20.161483110965886 ], [ -98.133554260284868, 20.159475659760311 ], [ -98.132608289316224, 20.15503242097596 ], [ -98.134786738991636, 20.154639620543108 ], [ -98.136748879285534, 20.156635219583094 ], [ -98.138113939946351, 20.154588321010959 ], [ -98.139808689319366, 20.154790950947525 ], [ -98.139582648582405, 20.15014162079888 ], [ -98.136200918645457, 20.146986720344856 ], [ -98.132967829442592, 20.149504690070945 ], [ -98.131491649700124, 20.148270421100133 ], [ -98.125553878946235, 20.14867588014949 ], [ -98.105079429454122, 20.142279510261222 ], [ -98.102319259235301, 20.143846051105569 ], [ -98.102337049481889, 20.145809970929644 ], [ -98.098831079142542, 20.146579230384695 ], [ -98.098088280362632, 20.143735750586156 ], [ -98.103143369266434, 20.137151031460533 ], [ -98.102091970143178, 20.12860922146502 ], [ -98.109476290161112, 20.12056757090134 ], [ -98.112928179075041, 20.121737740841493 ], [ -98.116587229984589, 20.120086081297458 ], [ -98.121913319308376, 20.12463457086411 ], [ -98.124607059482415, 20.124069890708327 ], [ -98.123899659333262, 20.12122123069684 ], [ -98.128104017688599, 20.115498090452544 ], [ -98.127007181179124, 20.109892542540656 ], [ -98.128272659667061, 20.107202649580255 ], [ -98.131573119085274, 20.107542911200067 ], [ -98.133889167723865, 20.104615181905569 ], [ -98.138537659052872, 20.105061659776965 ], [ -98.142447049467094, 20.098441310573243 ], [ -98.149141999444495, 20.09797968115787 ], [ -98.159237029527276, 20.0930526321666 ], [ -98.160272889570493, 20.090176950925017 ], [ -98.157079139056677, 20.086126151029735 ], [ -98.157744819613356, 20.084197860991182 ], [ -98.161062779062746, 20.085426111280842 ], [ -98.163985709767829, 20.084479770208386 ], [ -98.164774719460084, 20.085688121151343 ], [ -98.172411418588126, 20.084310820447261 ], [ -98.18096717021379, 20.0764629508487 ], [ -98.190798049801856, 20.079153121165803 ], [ -98.194716749438271, 20.078772940760675 ], [ -98.196995289517758, 20.081876050894053 ], [ -98.196754979612066, 20.084136381073975 ], [ -98.199875938970365, 20.084036461323521 ], [ -98.206499999961551, 20.080618481329275 ], [ -98.218401600074657, 20.079794230981506 ], [ -98.220348089039859, 20.070436511111708 ], [ -98.232848089517859, 20.07190215102721 ], [ -98.231607979586087, 20.081695309802001 ], [ -98.24265310910593, 20.086388580963281 ], [ -98.24603097003498, 20.084434149745931 ], [ -98.251085429008938, 20.08442111978048 ], [ -98.263510878647935, 20.073195821006717 ], [ -98.263612509294859, 20.076135091070082 ], [ -98.268659719611776, 20.081979311154758 ], [ -98.270363109661943, 20.08017595069694 ], [ -98.26940956892436, 20.075078920197473 ], [ -98.272754340341848, 20.076374290925795 ], [ -98.275500399769982, 20.079148781298649 ], [ -98.274882109628209, 20.083004079801096 ], [ -98.276304779534172, 20.086951490927103 ], [ -98.27053587974919, 20.090873459643554 ], [ -98.26854577988, 20.089724749671124 ], [ -98.264003660384219, 20.094598399752876 ], [ -98.260594049787457, 20.101509140354622 ], [ -98.25599101901912, 20.10068717121375 ], [ -98.254565689422748, 20.102474369674539 ], [ -98.255145199690389, 20.107613720369656 ], [ -98.253154579357656, 20.110712920865762 ], [ -98.247482780184242, 20.110592050532798 ], [ -98.246656818559231, 20.130995951118933 ], [ -98.252458539080436, 20.138679109856582 ], [ -98.252271649731625, 20.143433849562271 ], [ -98.256803259981467, 20.149584690575484 ], [ -98.26403288931742, 20.155104310071934 ], [ -98.268309719563064, 20.155815521448567 ], [ -98.272183830229267, 20.16778594024176 ], [ -98.275622617959286, 20.166587479847468 ], [ -98.277769889514047, 20.16300992106672 ], [ -98.282380850350464, 20.176435630436629 ], [ -98.288859479080841, 20.174622030110999 ], [ -98.290311489118324, 20.178139090007804 ], [ -98.283887658571189, 20.18209820122188 ], [ -98.287118718764347, 20.184686341136036 ], [ -98.290708780025184, 20.18500310965096 ], [ -98.292660260172397, 20.193367660266755 ], [ -98.288888399491768, 20.195595510997336 ], [ -98.280435020311913, 20.192093110385155 ], [ -98.273984080061922, 20.195173320941993 ], [ -98.272220180367228, 20.197248580680036 ], [ -98.277073398953817, 20.203191860947161 ], [ -98.273596379881369, 20.207164369874228 ], [ -98.26986050992123, 20.208474910364956 ], [ -98.266774349534899, 20.207493970038723 ], [ -98.265869320383644, 20.210330289607345 ], [ -98.261241858985628, 20.214475350121646 ], [ -98.253256539997096, 20.218159321451271 ], [ -98.2432870596474, 20.218219880695596 ], [ -98.241267339301061, 20.221934880819813 ], [ -98.235601420268026, 20.223817352199067 ], [ -98.234767829880909, 20.231759952006701 ], [ -98.229138718747706, 20.236613220728259 ], [ -98.221387049395545, 20.236503382225646 ], [ -98.21676819913003, 20.238125492078304 ], [ -98.212963859814366, 20.234291060539594 ], [ -98.208292649470835, 20.239364660217543 ], [ -98.209151889158591, 20.244181661620487 ], [ -98.20480213886681, 20.245022511004652 ], [ -98.192653219088015, 20.258085382203642 ], [ -98.185204680051257, 20.259271825942061 ] ] ] ] } },
{ "type": "Feature", "properties": { "CVEGEO": "13049", "CVE_ENT": "13", "CVE_MUN": "049", "NOMGEO": "Pisaflores" }, "geometry": { "type": "MultiPolygon", "coordinates": [ [ [ [ -98.944691978690528, 21.31037208125128 ], [ -98.940283310024583, 21.294602459611689 ], [ -98.932580140423397, 21.298294889611849 ], [ -98.929277000072318, 21.292729449602636 ], [ -98.926483909777176, 21.278667320051017 ], [ -98.927940799793788, 21.268741950573339 ], [ -98.921337780053236, 21.263216020117067 ], [ -98.922156540132761, 21.258689080324416 ], [ -98.917728820031599, 21.255501079915955 ], [ -98.917986860286362, 21.251552429935547 ], [ -98.92287341953876, 21.246731090414993 ], [ -98.917818109876023, 21.239754549715901 ], [ -98.912987419952103, 21.240031879664659 ], [ -98.910275520206326, 21.241936060222915 ], [ -98.90280778018743, 21.23839746033568 ], [ -98.900449579905541, 21.239997890311475 ], [ -98.899244180005539, 21.236047910667882 ], [ -98.901492630393093, 21.23514655095682 ], [ -98.898606679839986, 21.232963080150796 ], [ -98.898888219772203, 21.231270140577813 ], [ -98.907811879801216, 21.232793171102728 ], [ -98.91526940047136, 21.226316750313185 ], [ -98.914224089807306, 21.224294879552669 ], [ -98.906374109665521, 21.223136030726547 ], [ -98.903656649829102, 21.213595419735235 ], [ -98.904566919900788, 21.211061979907189 ], [ -98.914765149890229, 21.208741089595041 ], [ -98.913559080302022, 21.204063280342908 ], [ -98.914688429683423, 21.202233249550012 ], [ -98.922885850288409, 21.206450259981132 ], [ -98.923693939668723, 21.204314999853427 ], [ -98.921287950379877, 21.198902120091024 ], [ -98.921908970224962, 21.197215950238856 ], [ -98.926747539977725, 21.198846020434836 ], [ -98.935464220286477, 21.198752519574839 ], [ -98.935252659712006, 21.19024297975632 ], [ -98.948425939528192, 21.189073720300367 ], [ -98.955224939645561, 21.186014950366417 ], [ -98.951569450386373, 21.184433050014121 ], [ -98.946903709643237, 21.18590258038769 ], [ -98.944960400362746, 21.183113080197721 ], [ -98.946020749539443, 21.180075570060747 ], [ -98.950519259561347, 21.181095550386612 ], [ -98.95823765982324, 21.176690649803245 ], [ -98.959995219673729, 21.18219103033141 ], [ -98.967439509950935, 21.184903260017911 ], [ -98.974657850217625, 21.180799570294781 ], [ -98.982140519713482, 21.182092260091064 ], [ -98.987666600003408, 21.179648940397545 ], [ -98.998936949783669, 21.180935459788085 ], [ -99.00115205963688, 21.17893242024423 ], [ -99.000239970479043, 21.172787889710918 ], [ -98.993859950381136, 21.170619280360011 ], [ -98.992155379554404, 21.167451860183618 ], [ -98.993411179968518, 21.166101709646522 ], [ -98.996388539584231, 21.16588035023825 ], [ -98.999318620314739, 21.168714939758825 ], [ -99.004513769905927, 21.169531250169644 ], [ -99.014984450421281, 21.167040460026278 ], [ -99.01958198035517, 21.157305229574238 ], [ -99.022553419596804, 21.158193340168513 ], [ -99.023721850341374, 21.166397849976224 ], [ -99.027601280172391, 21.167051950308892 ], [ -99.030543050316908, 21.164988220036086 ], [ -99.027993220418821, 21.158521829926165 ], [ -99.029354770240175, 21.154815089667103 ], [ -99.03987657027767, 21.151164740386012 ], [ -99.047718140225541, 21.152931740178449 ], [ -99.050900539522189, 21.151950369843473 ], [ -99.054787939905722, 21.159439090247471 ], [ -99.054108320055747, 21.165535660445904 ], [ -99.048590430424881, 21.1698115500892 ], [ -99.046666370075442, 21.174108479667606 ], [ -99.047934550382962, 21.177928080087693 ], [ -99.043079850236296, 21.178677250160906 ], [ -99.050438739578482, 21.20985602970962 ], [ -99.052557090243582, 21.212807080357269 ], [ -99.051943280375127, 21.218448920056318 ], [ -99.056070540039613, 21.222359170164932 ], [ -99.068354479672138, 21.223918780408287 ], [ -99.073532108638673, 21.230425285215009 ], [ -99.073731169632595, 21.235776860178401 ], [ -99.073447829836823, 21.238811679899172 ], [ -99.069940490329188, 21.243058149623486 ], [ -99.056801770099042, 21.246971680236435 ], [ -99.055427829666414, 21.250483680190165 ], [ -99.051176739661813, 21.253429679971443 ], [ -99.052343979550471, 21.269990860133447 ], [ -99.050629860353411, 21.274700909773852 ], [ -99.053243820256426, 21.281631350278719 ], [ -99.05513849013883, 21.282538479944208 ], [ -99.049849370327351, 21.283193199958578 ], [ -99.048790059711749, 21.281432450012083 ], [ -99.04652514000604, 21.282129230426591 ], [ -99.046676949796918, 21.279674649680299 ], [ -99.043453379781099, 21.279433019967307 ], [ -99.039330320478911, 21.284213430142533 ], [ -99.037132660098138, 21.282570819982723 ], [ -99.031921580300292, 21.285959909958443 ], [ -99.030244920435734, 21.283920380001742 ], [ -99.026021889558933, 21.287226200092078 ], [ -99.023341969815306, 21.28715896990991 ], [ -99.020540489582658, 21.291236620215042 ], [ -99.015412569593195, 21.292606219883677 ], [ -99.012784510377855, 21.295370909813261 ], [ -99.002279369801812, 21.297957690190032 ], [ -98.99574078015597, 21.297737089737527 ], [ -98.992962460190427, 21.299479059994308 ], [ -98.989425119939497, 21.297496570032536 ], [ -98.98188427981799, 21.298427369706012 ], [ -98.977855460203173, 21.296418020094915 ], [ -98.975043310298545, 21.297003600283428 ], [ -98.974837770415377, 21.303084850262429 ], [ -98.970035339637064, 21.304386860071219 ], [ -98.969732679611113, 21.305975200352165 ], [ -98.964852050352604, 21.3069158496291 ], [ -98.962498089971461, 21.30245947969242 ], [ -98.959666680402776, 21.303440709601418 ], [ -98.95651354996437, 21.301804050060696 ], [ -98.954617580263815, 21.306685620174243 ], [ -98.952596629703066, 21.306818880139716 ], [ -98.953168080427432, 21.308773000454909 ], [ -98.944691978690528, 21.31037208125128 ] ] ] ] } },
{ "type": "Feature", "properties": { "CVEGEO": "13003", "CVE_ENT": "13", "CVE_MUN": "003", "NOMGEO": "Actopan" }, "geometry": { "type": "MultiPolygon", "coordinates": [ [ [ [ -98.904316319619454, 20.435853049698228 ], [ -98.90000764984444, 20.43213035069909 ], [ -98.899586489313748, 20.428836520737278 ], [ -98.887891508622019, 20.425640939954008 ], [ -98.884246199602174, 20.420387950733794 ], [ -98.882146138824339, 20.421113480879448 ], [ -98.881621080106953, 20.419708650816165 ], [ -98.877319049744244, 20.418966660651382 ], [ -98.868344580359278, 20.41993785023373 ], [ -98.865393940074313, 20.417480179785265 ], [ -98.861530219381464, 20.418718490083243 ], [ -98.860774019626376, 20.414450771059986 ], [ -98.854097448712423, 20.413566149926385 ], [ -98.851790448725382, 20.410888581220725 ], [ -98.849916569030839, 20.411615459902503 ], [ -98.849730048792964, 20.409292849854065 ], [ -98.8472548594752, 20.41000932012237 ], [ -98.846311058591041, 20.407824550152515 ], [ -98.843385689476321, 20.406576341280854 ], [ -98.837720148861379, 20.408465260749711 ], [ -98.834076488823229, 20.407655489532555 ], [ -98.831838420319841, 20.410911750717837 ], [ -98.827789519194965, 20.410905230019534 ], [ -98.828845819902625, 20.412672620779858 ], [ -98.827723219325449, 20.41392738085403 ], [ -98.824355340242661, 20.412761450842439 ], [ -98.819386619462776, 20.407122569982445 ], [ -98.819728778587901, 20.404215829818305 ], [ -98.817414059520146, 20.403478540406379 ], [ -98.81790477855975, 20.400807801320077 ], [ -98.815660430406595, 20.402435939921613 ], [ -98.813732749961517, 20.398891690783042 ], [ -98.813567489849021, 20.397225450073005 ], [ -98.815867338610445, 20.396823949720861 ], [ -98.814623170251977, 20.394362420032039 ], [ -98.816884218760634, 20.393777311035993 ], [ -98.815941379009146, 20.388228260117657 ], [ -98.81341036979066, 20.386269951332334 ], [ -98.81448782026203, 20.384657220572109 ], [ -98.811277028753011, 20.381867751129413 ], [ -98.813503200370135, 20.379546820024675 ], [ -98.80978538030331, 20.378618620966041 ], [ -98.811091648822767, 20.375724060149579 ], [ -98.803756178612517, 20.371078779598292 ], [ -98.80398727891118, 20.368626119837657 ], [ -98.801695348965197, 20.367536660858924 ], [ -98.801453748868141, 20.365674201320797 ], [ -98.802986198860665, 20.3646719399242 ], [ -98.799195199301863, 20.362225221043218 ], [ -98.803494850422624, 20.358541450593957 ], [ -98.804245249088652, 20.354575139698706 ], [ -98.807923719449221, 20.350028399837921 ], [ -98.80356357891128, 20.343487890987291 ], [ -98.805926999132325, 20.340374230186011 ], [ -98.805579318908087, 20.335898141175598 ], [ -98.807707628801083, 20.331898860801303 ], [ -98.810560170432908, 20.329370511331739 ], [ -98.820369308844889, 20.330034199944016 ], [ -98.82044991857957, 20.325650249800624 ], [ -98.824100689390718, 20.324719079780486 ], [ -98.81989504889647, 20.321721689567617 ], [ -98.820233859981712, 20.318378309800028 ], [ -98.814011878821802, 20.313833521009911 ], [ -98.813628170412656, 20.310275220804858 ], [ -98.808083819424965, 20.313473461081522 ], [ -98.807173910401019, 20.310842150294189 ], [ -98.803009849389682, 20.311525620140248 ], [ -98.802925969219203, 20.313751180970147 ], [ -98.799809740157485, 20.313272429600303 ], [ -98.798193400015435, 20.317277060525999 ], [ -98.794610659377597, 20.31593288041698 ], [ -98.795145459887095, 20.317427969654311 ], [ -98.793520120323763, 20.318794119583508 ], [ -98.792731379226552, 20.31569851056253 ], [ -98.790003688944452, 20.31610147966537 ], [ -98.789385150128865, 20.313897649883749 ], [ -98.786583549776182, 20.313837369773182 ], [ -98.786292089619991, 20.311613090511798 ], [ -98.784035418671479, 20.311624770391926 ], [ -98.797890749720722, 20.292178180147946 ], [ -98.80358011915061, 20.288929980917885 ], [ -98.805055939005669, 20.285811340414405 ], [ -98.808977768978622, 20.285363650857548 ], [ -98.810467629906796, 20.2796719808298 ], [ -98.814200720076343, 20.277464630419573 ], [ -98.814923778959553, 20.273122771251508 ], [ -98.820401969437185, 20.268603020030479 ], [ -98.817428800005999, 20.264673020219149 ], [ -98.818216148897633, 20.262088140338829 ], [ -98.814769939561003, 20.263445320676261 ], [ -98.812840849068948, 20.262630181340807 ], [ -98.813204379170486, 20.26082971992852 ], [ -98.810200628749811, 20.256814830092424 ], [ -98.812276119012708, 20.253196280220081 ], [ -98.811307799412759, 20.252344090514814 ], [ -98.812946600013589, 20.251504820079962 ], [ -98.812465119794055, 20.249525060054577 ], [ -98.814330910096444, 20.249393970088192 ], [ -98.814660228550281, 20.247740520801081 ], [ -98.819163490438783, 20.250875031147476 ], [ -98.823018168600882, 20.250190019889278 ], [ -98.829652568573678, 20.245781690045192 ], [ -98.837707488540687, 20.244522661113983 ], [ -98.846099779305547, 20.24906545967325 ], [ -98.851351399010554, 20.246058770539644 ], [ -98.854775020349265, 20.252108369603196 ], [ -98.857121110300866, 20.251996741044273 ], [ -98.857714549436693, 20.255027800734535 ], [ -98.860379859325135, 20.255025200251527 ], [ -98.861625229282055, 20.257901001253426 ], [ -98.872462197319919, 20.262673415493335 ], [ -98.880817080287528, 20.263946939798711 ], [ -98.882160520130427, 20.265852890780156 ], [ -98.878990679063506, 20.268014220250414 ], [ -98.870229450425256, 20.270465509726247 ], [ -98.869901279339174, 20.2694050609085 ], [ -98.866174488978928, 20.271571450840177 ], [ -98.865617048743502, 20.277965820531943 ], [ -98.869107818934609, 20.284337620012835 ], [ -98.867635549889968, 20.288935149644285 ], [ -98.863337690069088, 20.293272091087182 ], [ -98.86462427930411, 20.2977532604814 ], [ -98.864961199504947, 20.296398569956978 ], [ -98.86735868995693, 20.297191570740054 ], [ -98.87757085899328, 20.294109650789071 ], [ -98.887222030041215, 20.285319651191166 ], [ -98.904019249141257, 20.276344430225834 ], [ -98.904331198589674, 20.279574370287026 ], [ -98.91558404878738, 20.277643980553837 ], [ -98.914108310135134, 20.275950510681113 ], [ -98.914146108878498, 20.270182889558694 ], [ -98.920658420173297, 20.265483279603725 ], [ -98.929603149491513, 20.262130480764512 ], [ -98.92888931911493, 20.259525720343181 ], [ -98.925536769860017, 20.257166079600886 ], [ -98.927503719295757, 20.25318922108595 ], [ -98.930269580425517, 20.25368922013714 ], [ -98.934027049350931, 20.251873910429207 ], [ -98.938131649383848, 20.253089781266997 ], [ -98.93950245861862, 20.246158771059093 ], [ -98.938612399825928, 20.243792310497135 ], [ -98.940223429213361, 20.242772550670871 ], [ -98.939725749509876, 20.216908939896019 ], [ -98.946534000246288, 20.207324109773733 ], [ -98.945127219070599, 20.202567599728656 ], [ -98.948094199404395, 20.201043340913508 ], [ -98.946828710145397, 20.195940030593899 ], [ -98.94111413830511, 20.191545999969485 ], [ -98.943877449205644, 20.185018140537821 ], [ -98.949252519867258, 20.184816310835028 ], [ -98.946693398778152, 20.182143450842467 ], [ -98.954299419856383, 20.181851599946516 ], [ -98.969313679439239, 20.188454830650578 ], [ -98.979019219304689, 20.184764380782759 ], [ -98.983555089047712, 20.187494420490591 ], [ -98.988032679131578, 20.187224911212855 ], [ -98.990903228983029, 20.188880690717756 ], [ -98.990289719803556, 20.189696180276147 ], [ -98.980660649114398, 20.193628220429371 ], [ -98.978489750107926, 20.196931480403094 ], [ -98.981206120244707, 20.217529800952949 ], [ -98.980017578555859, 20.217571311060279 ], [ -98.980587749589603, 20.224235180722918 ], [ -98.981185368824114, 20.225962741173372 ], [ -98.985347178689807, 20.226328969627129 ], [ -98.983956418872594, 20.245787980429153 ], [ -98.984797050466071, 20.249602519797872 ], [ -98.986824339259357, 20.249835522549766 ], [ -98.987467180173297, 20.254285400969941 ], [ -98.989406079230605, 20.254321801277825 ], [ -98.987649748720131, 20.258441430663424 ], [ -98.992998598773283, 20.268140450496293 ], [ -98.988233578661166, 20.268939831296152 ], [ -98.991914910450063, 20.272901819619566 ], [ -98.993444569824817, 20.278629180808295 ], [ -98.991702539189703, 20.283588321247873 ], [ -98.979992628590182, 20.279400999526683 ], [ -98.981767688203945, 20.281971110385996 ], [ -98.978295309147299, 20.282507950615717 ], [ -98.977914570169816, 20.289015951130448 ], [ -98.976416169414563, 20.288505850229473 ], [ -98.976183719720083, 20.290793489824463 ], [ -98.988794684075941, 20.300159560100571 ], [ -98.950622399577497, 20.314099740351175 ], [ -98.959708149850599, 20.357079540548821 ], [ -98.955097229021035, 20.356202980003751 ], [ -98.943510909756185, 20.349809489627116 ], [ -98.942062850154102, 20.326857571127203 ], [ -98.936415980005378, 20.327263150845859 ], [ -98.935008799767175, 20.331410340704913 ], [ -98.929329779068425, 20.337691921309695 ], [ -98.921367118574636, 20.338123091184638 ], [ -98.916254830006764, 20.335567570934401 ], [ -98.912700708916745, 20.337376030529452 ], [ -98.907186089197111, 20.337394849840145 ], [ -98.905650320438653, 20.348698910056289 ], [ -98.910763779125446, 20.360030381221083 ], [ -98.91328717908651, 20.363110249777673 ], [ -98.919718938566874, 20.362848429646267 ], [ -98.917277739027696, 20.366861689686239 ], [ -98.913391090007138, 20.366556480383547 ], [ -98.918126109787195, 20.373413911018282 ], [ -98.912946420077461, 20.38144063105652 ], [ -98.903423200184363, 20.380760540827286 ], [ -98.906554230411857, 20.388319459911056 ], [ -98.90375826045225, 20.391823770509102 ], [ -98.905114749156823, 20.39501379995551 ], [ -98.903095290123673, 20.402985659709241 ], [ -98.906878768981187, 20.408638451266334 ], [ -98.903321538645244, 20.412040140597199 ], [ -98.909164649552935, 20.413914170844674 ], [ -98.912334458738457, 20.419420340561217 ], [ -98.91311981906631, 20.424893280265675 ], [ -98.908838139899103, 20.432404061200213 ], [ -98.904316319619454, 20.435853049698228 ] ] ] ] } },
{ "type": "Feature", "properties": { "CVEGEO": "13030", "CVE_ENT": "13", "CVE_MUN": "030", "NOMGEO": "Ixmiquilpan" }, "geometry": { "type": "MultiPolygon", "coordinates": [ [ [ [ -99.177101769540428, 20.708655680123474 ], [ -99.17541622912897, 20.703104769596276 ], [ -99.17182564915116, 20.699399660320751 ], [ -99.169858079000335, 20.674902879642502 ], [ -99.173181019093235, 20.668541309578828 ], [ -99.170523538699427, 20.662459220071312 ], [ -99.17696124883652, 20.663775890006953 ], [ -99.17841377945507, 20.662764319759532 ], [ -99.177531198843951, 20.660669259794457 ], [ -99.179616049061707, 20.659425939842841 ], [ -99.170186878983429, 20.650188430417536 ], [ -99.169873458980362, 20.647564350325283 ], [ -99.164151679024712, 20.64168182026404 ], [ -99.158501458858282, 20.632423540158104 ], [ -99.165102138593298, 20.626066319671047 ], [ -99.15716405889637, 20.624719279915848 ], [ -99.15568733907503, 20.617848029998132 ], [ -99.151030419368794, 20.616826799652834 ], [ -99.150674779038127, 20.609501429724187 ], [ -99.153334449329151, 20.600608739708306 ], [ -99.151324618694233, 20.596886980334506 ], [ -99.151538058941441, 20.590640179660888 ], [ -99.150307399014721, 20.592505349894562 ], [ -99.149427859250366, 20.590337119554842 ], [ -99.148593179290927, 20.592039490072633 ], [ -99.147634369218963, 20.590638420134109 ], [ -99.148088818722115, 20.568245800343949 ], [ -99.144839629058765, 20.563064830405803 ], [ -99.15162007896393, 20.562631570182198 ], [ -99.158300879392357, 20.556528449660551 ], [ -99.153869109456664, 20.551889910120579 ], [ -99.152683308724889, 20.555247370213518 ], [ -99.149663968706122, 20.554271650337732 ], [ -99.14982402949046, 20.546324399636127 ], [ -99.142120848602119, 20.549709220067541 ], [ -99.139260458581404, 20.548596749717287 ], [ -99.137820878940587, 20.543311860256775 ], [ -99.136554828900856, 20.543543509598447 ], [ -99.136486798902098, 20.536898349690183 ], [ -99.129289549060502, 20.536226550257492 ], [ -99.124904249210772, 20.530142719615927 ], [ -99.118565709405019, 20.530878199993978 ], [ -99.11325764893131, 20.533404649825389 ], [ -99.111672229056907, 20.536043549632769 ], [ -99.109483447597327, 20.530254109828238 ], [ -99.108151429271004, 20.530645310066152 ], [ -99.10630207833124, 20.526982019338565 ], [ -99.106971908974984, 20.525708019198817 ], [ -99.103965048212899, 20.525899279807046 ], [ -99.103045259295669, 20.523424169744256 ], [ -99.098588199376863, 20.522095650151648 ], [ -99.101040219350423, 20.514165200138727 ], [ -99.10802419903051, 20.511525949612654 ], [ -99.105639859217248, 20.508047459784351 ], [ -99.108197398926478, 20.502941689872539 ], [ -99.112965719186235, 20.50278579957843 ], [ -99.111919939242497, 20.499217939705964 ], [ -99.107452709010303, 20.496781820352084 ], [ -99.108026199136773, 20.492066820038321 ], [ -99.111078228851738, 20.490105599999435 ], [ -99.114856738841979, 20.492467049932834 ], [ -99.116440278843271, 20.491882029605573 ], [ -99.122035799253553, 20.485220049675682 ], [ -99.121041118670846, 20.483369350343068 ], [ -99.123188378928944, 20.478374219814704 ], [ -99.128121309445888, 20.475258940258655 ], [ -99.129938338615744, 20.475643599677817 ], [ -99.131895599303775, 20.472460349784953 ], [ -99.125185708957133, 20.459637940409142 ], [ -99.092821249053927, 20.451900140057258 ], [ -99.093114578708935, 20.449270509657218 ], [ -99.100279708952243, 20.448338490107609 ], [ -99.101411048701024, 20.446348830356115 ], [ -99.097640088594616, 20.438265219990036 ], [ -99.091646579290298, 20.434045720985921 ], [ -99.093470620453033, 20.425597921218802 ], [ -99.091462878848773, 20.425008351250515 ], [ -99.095104689391249, 20.420956139835631 ], [ -99.093465979273887, 20.416990381326571 ], [ -99.090160309357415, 20.414706880498354 ], [ -99.085446659620771, 20.414278581016671 ], [ -99.079211690200708, 20.407300459900867 ], [ -99.087180120016185, 20.400124080600982 ], [ -99.091056999720792, 20.39965041995271 ], [ -99.090367969465291, 20.39481826109381 ], [ -99.08552667954153, 20.391436539622177 ], [ -99.086461519213458, 20.382477489549174 ], [ -99.09616082903247, 20.378929710877717 ], [ -99.096125180315482, 20.377049851058135 ], [ -99.103134769712923, 20.368566721031645 ], [ -99.106021369162377, 20.36925378114238 ], [ -99.105959659565158, 20.370890821101632 ], [ -99.109821429552994, 20.370763380802895 ], [ -99.114958659135169, 20.375003049878099 ], [ -99.115494078667481, 20.379407141119295 ], [ -99.112960120115318, 20.380385770490857 ], [ -99.120617688610636, 20.382780370832961 ], [ -99.114126260277942, 20.389660171129627 ], [ -99.113445680200556, 20.394524711348712 ], [ -99.129843919742541, 20.407193450969466 ], [ -99.132660799060403, 20.405885170892645 ], [ -99.139675289200369, 20.406568140815818 ], [ -99.163431858903166, 20.410721969553123 ], [ -99.194175800407663, 20.408928319874573 ], [ -99.20063837978114, 20.406194349770814 ], [ -99.210478340413275, 20.410888080032301 ], [ -99.218095850359788, 20.41052646026867 ], [ -99.223790379960619, 20.412999291027663 ], [ -99.227237430114926, 20.411808429706429 ], [ -99.242308340306153, 20.412037969960007 ], [ -99.249808459596494, 20.414722620099656 ], [ -99.250467220348298, 20.412912830444725 ], [ -99.253372059811923, 20.412127049603978 ], [ -99.254420649828518, 20.4086351697221 ], [ -99.257186319581123, 20.407629279801643 ], [ -99.261392620260338, 20.410039619779624 ], [ -99.265960030212426, 20.41002645982276 ], [ -99.267759660437434, 20.416765340065343 ], [ -99.279443939522324, 20.412640650096368 ], [ -99.282600350233295, 20.408584969574612 ], [ -99.289671119952857, 20.40647599974983 ], [ -99.297686448875922, 20.440517140380205 ], [ -99.298758218669818, 20.447083079532803 ], [ -99.290588178596167, 20.450697719604229 ], [ -99.289827259437601, 20.452433719626956 ], [ -99.288160689471454, 20.452084800413438 ], [ -99.285442938888565, 20.45905328983746 ], [ -99.285050688738252, 20.473559889576499 ], [ -99.288349338972836, 20.479065919662755 ], [ -99.292688259442073, 20.482513120229306 ], [ -99.279248999027331, 20.485806600567891 ], [ -99.279116998901287, 20.490071220928101 ], [ -99.281174679352802, 20.490089740816391 ], [ -99.280971139278009, 20.493138980812507 ], [ -99.28201150889646, 20.492529420717016 ], [ -99.286694979452378, 20.498926400682613 ], [ -99.284578979180296, 20.509313481003609 ], [ -99.281059478863313, 20.511951741021299 ], [ -99.272222278736237, 20.509156891298954 ], [ -99.268587058904458, 20.514637111168227 ], [ -99.264164519295207, 20.51709617130545 ], [ -99.260016919132141, 20.517831970617376 ], [ -99.257161859475914, 20.516014370733075 ], [ -99.251662059349272, 20.519075321008977 ], [ -99.248078339136484, 20.518054920508185 ], [ -99.249124748805116, 20.523441581278259 ], [ -99.247915218949387, 20.526934151236507 ], [ -99.263815769383712, 20.531835631048203 ], [ -99.266173459431798, 20.54001163122388 ], [ -99.272368518903292, 20.538739540547773 ], [ -99.277028278703185, 20.541063181195128 ], [ -99.281096118667605, 20.539937690493506 ], [ -99.282277089399599, 20.548048080481447 ], [ -99.28519070900775, 20.550400521063512 ], [ -99.282223089011538, 20.554339830539043 ], [ -99.277199048646935, 20.556385350670787 ], [ -99.274417418972519, 20.564638891187816 ], [ -99.270414489449394, 20.567783171068296 ], [ -99.269169828663948, 20.572722220802845 ], [ -99.273982749263396, 20.579214620567555 ], [ -99.271836518734801, 20.589183880067232 ], [ -99.26807281905792, 20.593653480109076 ], [ -99.266117089467841, 20.593201219799173 ], [ -99.261872378738403, 20.596716620040816 ], [ -99.261559029330485, 20.600504600208129 ], [ -99.256623219177982, 20.605436119972524 ], [ -99.255270908660108, 20.610251490239943 ], [ -99.257201888808765, 20.616657449575964 ], [ -99.262841969025303, 20.620558379696082 ], [ -99.266956139024302, 20.621169480259265 ], [ -99.266299769227132, 20.623104400421692 ], [ -99.270619018752157, 20.629746520207181 ], [ -99.269604918960169, 20.635090519564681 ], [ -99.274414658637212, 20.636277380113782 ], [ -99.278684598734614, 20.641419779544698 ], [ -99.275576019025081, 20.642155549841945 ], [ -99.2773923789413, 20.64959882985665 ], [ -99.274595458654318, 20.652161199622778 ], [ -99.28051824933911, 20.65090320020138 ], [ -99.280255108648191, 20.653064879638784 ], [ -99.284371369165186, 20.654779080090499 ], [ -99.282461459140677, 20.655524250056995 ], [ -99.281182689341293, 20.65969832003535 ], [ -99.276940568810744, 20.661922859773171 ], [ -99.276976889366324, 20.666518489704593 ], [ -99.273211508941714, 20.675336769907631 ], [ -99.280577859132833, 20.680654260370197 ], [ -99.286861048721732, 20.682447980127716 ], [ -99.27564648947741, 20.684909320408849 ], [ -99.27777750858229, 20.694085430038825 ], [ -99.275151078970097, 20.699437849558706 ], [ -99.26307498043947, 20.699764349577464 ], [ -99.250904309707735, 20.70409813995273 ], [ -99.243134399630151, 20.703414080236932 ], [ -99.237329919762701, 20.707698550090882 ], [ -99.232306570458604, 20.701011779786128 ], [ -99.227751970450086, 20.697724799669373 ], [ -99.224603740396788, 20.690332450319918 ], [ -99.219683950205408, 20.692553679909182 ], [ -99.219736260214972, 20.695367000271911 ], [ -99.217394169597952, 20.698164970308707 ], [ -99.205373619806949, 20.696636889999048 ], [ -99.200300519867156, 20.703249540240904 ], [ -99.177101769540428, 20.708655680123474 ] ] ] ] } },
{ "type": "Feature", "properties": { "CVEGEO": "13023", "CVE_ENT": "13", "CVE_MUN": "023", "NOMGEO": "Francisco I. Madero" }, "geometry": { "type": "MultiPolygon", "coordinates": [ [ [ [ -99.088368109810645, 20.297987980590037 ], [ -99.081073080035864, 20.285511461235632 ], [ -99.080613569873677, 20.278076740876259 ], [ -99.065863649378727, 20.274817921062592 ], [ -99.066021490370204, 20.268833541201158 ], [ -99.062562738716878, 20.266161680569439 ], [ -99.065259029534587, 20.260504680610548 ], [ -99.061407800074605, 20.250537681123081 ], [ -99.056175818807773, 20.252662021004671 ], [ -99.051186110300051, 20.257217050554679 ], [ -99.049590999822101, 20.254605480571747 ], [ -99.013386779611366, 20.264404880642211 ], [ -99.012892597009042, 20.242281490906439 ], [ -99.018128969393018, 20.239692830812224 ], [ -99.018793889668814, 20.237243152916999 ], [ -99.021522768535078, 20.235927321130728 ], [ -99.017531519109767, 20.234430370468353 ], [ -99.026808829982656, 20.23133763152288 ], [ -99.028378739105989, 20.223435980690063 ], [ -99.030956849562173, 20.221203381333236 ], [ -99.031493489131293, 20.211690460538943 ], [ -99.037516019736927, 20.203369740724366 ], [ -99.033883028722471, 20.199451860924519 ], [ -99.033785030247017, 20.196135310737372 ], [ -99.035444029893796, 20.192033120527761 ], [ -99.039245049765881, 20.189050060835822 ], [ -99.041827199091856, 20.191461821090009 ], [ -99.054672908850748, 20.193780260936506 ], [ -99.067123279406232, 20.193615000773729 ], [ -99.078191518773536, 20.191072451325756 ], [ -99.091667779169015, 20.193210941178638 ], [ -99.102579288980721, 20.192188400614715 ], [ -99.104880569166923, 20.185538021031409 ], [ -99.107153368759882, 20.184130830500575 ], [ -99.109680568567029, 20.186505820999194 ], [ -99.125201028819575, 20.188421780779645 ], [ -99.129435709090899, 20.19079365046246 ], [ -99.133750568548876, 20.188780091184082 ], [ -99.139118309324601, 20.18992065047782 ], [ -99.139777830100329, 20.195275650551842 ], [ -99.137153689666761, 20.197421521235583 ], [ -99.116800570362031, 20.197675861136851 ], [ -99.112773079741515, 20.199030221033009 ], [ -99.112069969706596, 20.201756771344058 ], [ -99.113389920378566, 20.206465480621596 ], [ -99.13183914983037, 20.21731749056725 ], [ -99.136227339616113, 20.224569801034821 ], [ -99.137200849914038, 20.229651340627004 ], [ -99.121491049990283, 20.238403661235424 ], [ -99.123664629517705, 20.247744371260072 ], [ -99.126269860415093, 20.247985481057302 ], [ -99.126177179625515, 20.262427540662497 ], [ -99.130935310252127, 20.268713510621858 ], [ -99.125146310284066, 20.277461321229946 ], [ -99.111049029779849, 20.283402830538044 ], [ -99.11190911976928, 20.291281401162916 ], [ -99.097552910224181, 20.288945430610749 ], [ -99.096220649394411, 20.286363650492181 ], [ -99.092788908779397, 20.291419820738259 ], [ -99.092709618808769, 20.295675690607705 ], [ -99.088368109810645, 20.297987980590037 ] ] ] ] } },
{ "type": "Feature", "properties": { "CVEGEO": "13004", "CVE_ENT": "13", "CVE_MUN": "004", "NOMGEO": "Agua Blanca de Iturbide" }, "geometry": { "type": "MultiPolygon", "coordinates": [ [ [ [ -98.316303309923327, 20.427986140510516 ], [ -98.31572456964291, 20.425835430966202 ], [ -98.311600369757798, 20.424337281028315 ], [ -98.308690680265542, 20.418995920508348 ], [ -98.305584020279994, 20.418143050666711 ], [ -98.305896860264525, 20.416046150757467 ], [ -98.303658109885689, 20.415446601322895 ], [ -98.298207769731619, 20.408315740844664 ], [ -98.29728260043133, 20.404837181142003 ], [ -98.298547449600093, 20.39671082063537 ], [ -98.304366519573023, 20.382126720755338 ], [ -98.307381779934374, 20.380837740714576 ], [ -98.306839199612355, 20.374210510736468 ], [ -98.314939379607324, 20.363196260653726 ], [ -98.313832080170499, 20.363684601110659 ], [ -98.314974919519642, 20.355114691183406 ], [ -98.318371890445306, 20.355298520748985 ], [ -98.326593319773536, 20.348566911222054 ], [ -98.334472450258517, 20.335173910836655 ], [ -98.333361850065188, 20.33263577092476 ], [ -98.337008710136118, 20.318700630955224 ], [ -98.334931649852237, 20.316598550705333 ], [ -98.338000459528729, 20.314173970983951 ], [ -98.337995859698268, 20.31228892062369 ], [ -98.358237050140829, 20.30817105070826 ], [ -98.365223509940748, 20.30581095079302 ], [ -98.369328880192597, 20.302216981263822 ], [ -98.371091430011575, 20.305816921262227 ], [ -98.369708949970118, 20.309447231335021 ], [ -98.38107861953489, 20.313023721316256 ], [ -98.381933339511278, 20.315289751333538 ], [ -98.384252309487096, 20.313650421216412 ], [ -98.384683380150804, 20.317158741051681 ], [ -98.383452690252994, 20.318264911188642 ], [ -98.386567860139394, 20.319204850514158 ], [ -98.389517249184479, 20.317306551398222 ], [ -98.389006829937088, 20.314929230966531 ], [ -98.393366140193393, 20.317648861157174 ], [ -98.397155150170732, 20.314673180473331 ], [ -98.39812072035518, 20.315628150948839 ], [ -98.399843949863936, 20.312068770624258 ], [ -98.40119781972983, 20.321751491199528 ], [ -98.404401289939514, 20.320734080637742 ], [ -98.404160110273168, 20.319451520796925 ], [ -98.409482769542493, 20.32337849077615 ], [ -98.412561180033194, 20.324471091000696 ], [ -98.413598279624267, 20.323494681228009 ], [ -98.417968509789162, 20.326118540896875 ], [ -98.419141149850631, 20.325057980874877 ], [ -98.422734859908871, 20.328045120610231 ], [ -98.425023249514936, 20.328097340724657 ], [ -98.432546459749133, 20.323189460520812 ], [ -98.4396521497642, 20.327301601087367 ], [ -98.451885430138887, 20.328992970832036 ], [ -98.457661769894003, 20.332185800580717 ], [ -98.458548139541165, 20.333650520008248 ], [ -98.418294140354647, 20.380048690486742 ], [ -98.386148779740381, 20.40271291083944 ], [ -98.380731289715683, 20.399225341254017 ], [ -98.37658437005382, 20.398508601115445 ], [ -98.370471049683047, 20.401881430965229 ], [ -98.359819969998924, 20.3998097409157 ], [ -98.358809910125657, 20.401409371184624 ], [ -98.348656480213663, 20.405015170863571 ], [ -98.348554149793245, 20.406626291170141 ], [ -98.343708630198321, 20.410302401125858 ], [ -98.338646309590331, 20.411136551089701 ], [ -98.337179549963324, 20.414130620700149 ], [ -98.330107969819963, 20.415686050454504 ], [ -98.326053509948352, 20.418284740896461 ], [ -98.32101361962701, 20.418013800576723 ], [ -98.318528430294492, 20.422432861330901 ], [ -98.316053829676875, 20.423190540737522 ], [ -98.319812449969291, 20.424225550621831 ], [ -98.318398029582511, 20.428192021021449 ], [ -98.316303309923327, 20.427986140510516 ] ] ] ] } },
{ "type": "Feature", "properties": { "CVEGEO": "13027", "CVE_ENT": "13", "CVE_MUN": "027", "NOMGEO": "Huehuetla" }, "geometry": { "type": "MultiPolygon", "coordinates": [ [ [ [ -98.071342890047205, 20.677116230211713 ], [ -98.066782889742413, 20.673869739773675 ], [ -98.039979420010653, 20.631932430430705 ], [ -98.03601714975575, 20.633330220445252 ], [ -98.029392770459879, 20.632121829652917 ], [ -98.021009999740741, 20.626779999593055 ], [ -98.017709799551497, 20.601704910257052 ], [ -98.028728170137754, 20.589711600029549 ], [ -98.008305649692602, 20.532689819968663 ], [ -98.012075939984129, 20.529534309686429 ], [ -98.018462649898581, 20.528632280012548 ], [ -98.014233279616192, 20.524103939711672 ], [ -98.00451787977066, 20.524941310408884 ], [ -98.003272050037211, 20.52283787960679 ], [ -97.99876462040784, 20.525199860375515 ], [ -97.997923020239952, 20.523024310207806 ], [ -97.994978049924029, 20.522979509744424 ], [ -97.992651310349174, 20.51986082010237 ], [ -97.990029199703514, 20.520198710427231 ], [ -97.9897433197754, 20.518299429709366 ], [ -97.985377170271988, 20.517898969647486 ], [ -97.985282599538067, 20.515604350383196 ], [ -97.989341030331644, 20.515454350102797 ], [ -97.991591420172639, 20.513046719889946 ], [ -97.992880510165207, 20.507632830174792 ], [ -97.997473429961929, 20.505879340098847 ], [ -97.99606834027162, 20.503304420405417 ], [ -97.993328419525199, 20.50252533986426 ], [ -97.992909020176597, 20.49961127981134 ], [ -97.988791000193345, 20.495385199852716 ], [ -97.991935369884871, 20.492817339945205 ], [ -97.993667030269421, 20.484913619710913 ], [ -97.999012919916453, 20.48711779971957 ], [ -97.997927830028914, 20.484379309664824 ], [ -97.999850799875347, 20.482544720102087 ], [ -98.008864779898275, 20.482541000004172 ], [ -98.008342520315679, 20.474746030430197 ], [ -98.014065750375934, 20.466209649887297 ], [ -98.011561950445454, 20.461233000391033 ], [ -98.014974249978167, 20.459186690136914 ], [ -98.012079799682652, 20.458420950084665 ], [ -98.014022549662386, 20.457030349919229 ], [ -98.011404830159734, 20.456327220796307 ], [ -98.011939619918408, 20.455144680565621 ], [ -98.017093850118869, 20.454739289764298 ], [ -98.021948249743858, 20.448893310887204 ], [ -98.033849829764165, 20.447690689555778 ], [ -98.039990949933284, 20.440185090204974 ], [ -98.042785620385615, 20.440567879750013 ], [ -98.044553650421435, 20.436634880227793 ], [ -98.046813939858211, 20.436891400217245 ], [ -98.052001259800846, 20.441878630050216 ], [ -98.053618779996697, 20.438589090069769 ], [ -98.056992339786731, 20.438747620217391 ], [ -98.06127272018081, 20.435485550334707 ], [ -98.063440279827333, 20.435876139779278 ], [ -98.07048426040339, 20.430273169869285 ], [ -98.074276510038203, 20.421614659559303 ], [ -98.0766010204552, 20.420809949903877 ], [ -98.076108379721006, 20.417685049978605 ], [ -98.071894630276546, 20.416395220164805 ], [ -98.079044679563879, 20.40892808007753 ], [ -98.076867768755406, 20.407025230485534 ], [ -98.077317910451896, 20.403119750343233 ], [ -98.088375029645618, 20.396402629980908 ], [ -98.088648230095842, 20.390419080226931 ], [ -98.091748419540437, 20.386805019651476 ], [ -98.101968770474414, 20.389020949609609 ], [ -98.104199850268685, 20.394025940246362 ], [ -98.106633000313195, 20.394689479909733 ], [ -98.107400650466516, 20.393406740384428 ], [ -98.110400449600291, 20.397198549668534 ], [ -98.11487098008422, 20.397444279801949 ], [ -98.11583248992018, 20.401825459560797 ], [ -98.111907520020239, 20.404374520401742 ], [ -98.107990939980738, 20.403511379549911 ], [ -98.106879309915428, 20.404770119854916 ], [ -98.107075779695663, 20.406596049712917 ], [ -98.112990379724565, 20.409302769922498 ], [ -98.124348519944746, 20.406018819981366 ], [ -98.124547150092042, 20.401432059613594 ], [ -98.126597020115355, 20.398495860016094 ], [ -98.137595880455294, 20.400032419703766 ], [ -98.137584999897612, 20.398096720175722 ], [ -98.140439850452793, 20.398371319585042 ], [ -98.14391765965695, 20.391422109550454 ], [ -98.159165719687891, 20.387743139649594 ], [ -98.16168990988163, 20.392561420088402 ], [ -98.170978290225236, 20.398377149732934 ], [ -98.174952819783471, 20.404109769752996 ], [ -98.175023420192943, 20.412988781044536 ], [ -98.172874379563169, 20.413499711049191 ], [ -98.171908719566872, 20.411803880993407 ], [ -98.167830380223137, 20.413353141280446 ], [ -98.165444509931092, 20.408831020959894 ], [ -98.158872050010999, 20.408436711245681 ], [ -98.154461629794369, 20.411869020708455 ], [ -98.153061629841986, 20.416574680532328 ], [ -98.149853579884962, 20.417195600760316 ], [ -98.150707050423705, 20.421091691117578 ], [ -98.144528230318443, 20.426339570519673 ], [ -98.14000423039144, 20.426695890895179 ], [ -98.136691120224853, 20.430492020551004 ], [ -98.131960230316395, 20.429032521017618 ], [ -98.11367759971175, 20.439595091092496 ], [ -98.112523940396215, 20.442181600717841 ], [ -98.109308970271954, 20.442820570599665 ], [ -98.115620950051081, 20.449938941224374 ], [ -98.115963659823421, 20.456306051343383 ], [ -98.12040916956029, 20.456197351164064 ], [ -98.120694489748601, 20.459797551106838 ], [ -98.113457199939759, 20.468684050990841 ], [ -98.096358049999537, 20.477157120911823 ], [ -98.105209490346326, 20.483526851091881 ], [ -98.1014446497352, 20.489296081139372 ], [ -98.09891181955129, 20.49008540124116 ], [ -98.094918430081876, 20.486460631089273 ], [ -98.085069169941505, 20.492318881080809 ], [ -98.083967120031403, 20.503945350792947 ], [ -98.090003539919536, 20.508517021339816 ], [ -98.086868770376398, 20.511364120760977 ], [ -98.078803510193069, 20.512119800540237 ], [ -98.075396370379934, 20.510707551347512 ], [ -98.073263050183243, 20.514045631167818 ], [ -98.071804519556579, 20.513999320483379 ], [ -98.073311460018772, 20.507701741324052 ], [ -98.070902030325669, 20.502073521152759 ], [ -98.07116146008741, 20.49789735079047 ], [ -98.063530400335338, 20.500229280901955 ], [ -98.058596520057179, 20.499798431185166 ], [ -98.052887320066745, 20.504660921017337 ], [ -98.047966000059503, 20.502934201125903 ], [ -98.043070020045405, 20.505899450939911 ], [ -98.057215080400638, 20.523504150575022 ], [ -98.056416079950424, 20.528096050487154 ], [ -98.057816630078847, 20.531443061149901 ], [ -98.056490660261815, 20.532612481117106 ], [ -98.059613649846952, 20.533039481306012 ], [ -98.059254319875478, 20.529804891061403 ], [ -98.05995443035259, 20.529640941162391 ], [ -98.061155459751518, 20.532376720710289 ], [ -98.062193399634069, 20.531697620601989 ], [ -98.062074259993793, 20.533730890813814 ], [ -98.064721310416019, 20.534179781275927 ], [ -98.071489259562355, 20.541539201014682 ], [ -98.071691029812939, 20.544394520679223 ], [ -98.069225819519303, 20.548134971265487 ], [ -98.071822680066518, 20.553785261074001 ], [ -98.069309829719288, 20.56126368092378 ], [ -98.071144320356339, 20.566109341358572 ], [ -98.070297149881313, 20.569068571093752 ], [ -98.077886509946012, 20.565902341161912 ], [ -98.079665289986238, 20.572047311115185 ], [ -98.093248319607, 20.574265140813541 ], [ -98.095640880165362, 20.579470370975496 ], [ -98.094506149767767, 20.584310291158836 ], [ -98.091101740170856, 20.585476090972985 ], [ -98.088779539571703, 20.590912721321306 ], [ -98.095229660384589, 20.59986923053205 ], [ -98.096378650182785, 20.604759200763709 ], [ -98.094786710331093, 20.608095780691773 ], [ -98.10052487961228, 20.614026890435301 ], [ -98.098303429561824, 20.617028940122648 ], [ -98.100552370448611, 20.621249049935507 ], [ -98.09861980017223, 20.624089490119992 ], [ -98.094994650271659, 20.62554873969798 ], [ -98.087509780297935, 20.622501290162628 ], [ -98.085456050449196, 20.629759620344995 ], [ -98.080609710305964, 20.633513980369354 ], [ -98.082756310385847, 20.642081510258663 ], [ -98.079317969566475, 20.649696119867521 ], [ -98.071958109531508, 20.657720630014914 ], [ -98.072554619609832, 20.660660649715851 ], [ -98.070248149542138, 20.667579460341198 ], [ -98.071309879732098, 20.669918170360013 ], [ -98.075641820312526, 20.670283140433011 ], [ -98.076780950321989, 20.673798600349919 ], [ -98.075366979964713, 20.676335220145198 ], [ -98.071342890047205, 20.677116230211713 ] ] ] ] } },
{ "type": "Feature", "properties": { "CVEGEO": "13022", "CVE_ENT": "13", "CVE_MUN": "022", "NOMGEO": "Epazoyucan" }, "geometry": { "type": "MultiPolygon", "coordinates": [ [ [ [ -98.583859149810891, 20.12200374066688 ], [ -98.593931030363123, 20.103417781123419 ], [ -98.589436459813697, 20.099416404032148 ], [ -98.593850820348933, 20.09949126070131 ], [ -98.594506770357739, 20.09422815095483 ], [ -98.603255779575719, 20.086632400885534 ], [ -98.595953909892785, 20.080490831044667 ], [ -98.600539850272682, 20.073733061359992 ], [ -98.599019090187227, 20.073060050825731 ], [ -98.600743230154279, 20.072130891021541 ], [ -98.598563799587154, 20.070070320667401 ], [ -98.597576510245077, 20.071815150980989 ], [ -98.593605379880486, 20.071269200708567 ], [ -98.586759750380722, 20.077381430490302 ], [ -98.580631060094177, 20.070054430869682 ], [ -98.577609850260501, 20.072426060599366 ], [ -98.575928920124838, 20.070752850993983 ], [ -98.591607349953094, 20.054978450607756 ], [ -98.600346379505993, 20.041232421283318 ], [ -98.600304249745164, 20.037091980951974 ], [ -98.605175919745193, 20.035952370902073 ], [ -98.620576679738306, 20.018626540802146 ], [ -98.615183479871817, 20.017567510694171 ], [ -98.600209349706105, 20.005553020887692 ], [ -98.600610710355085, 20.001497741267734 ], [ -98.598750549934479, 19.999970001130766 ], [ -98.593209879699486, 20.007098851158709 ], [ -98.589033629714734, 20.002822831055919 ], [ -98.582649310099768, 19.999507200757076 ], [ -98.592316920319618, 19.983371490395179 ], [ -98.597133890251456, 19.986858520188282 ], [ -98.603495289541442, 19.976517150211627 ], [ -98.608915890315942, 19.971617179756205 ], [ -98.63190032027515, 19.965171170178266 ], [ -98.629517250215656, 19.959908379629802 ], [ -98.635475460370415, 19.955993709632082 ], [ -98.637151479802128, 19.957300599987832 ], [ -98.641546459792806, 19.953676479941297 ], [ -98.64862599972669, 19.959694710174361 ], [ -98.652237290182555, 19.953945799739685 ], [ -98.657419350020319, 19.95449146037965 ], [ -98.653975510094952, 19.960524570273964 ], [ -98.657858220381627, 19.961066620081194 ], [ -98.656260349846548, 19.966645279928564 ], [ -98.657873619725351, 19.973658480217868 ], [ -98.662944229964822, 19.981712169893534 ], [ -98.670819799603095, 19.987107520059585 ], [ -98.67515696995649, 19.984615309725189 ], [ -98.675197049626263, 19.988216120357702 ], [ -98.679018309637826, 19.989733479841334 ], [ -98.681828089831896, 19.994307720406024 ], [ -98.683468630289397, 19.993145369631424 ], [ -98.683229779947339, 19.989767119805165 ], [ -98.686396479608803, 19.987618720171774 ], [ -98.695336939572172, 19.991552250417389 ], [ -98.698949749692176, 19.989164399581934 ], [ -98.702357139669701, 19.98980254969652 ], [ -98.704459489748672, 19.986903030253536 ], [ -98.701455599751839, 19.978436050442564 ], [ -98.708179420010268, 19.984249569824328 ], [ -98.719419739835516, 19.986559060104106 ], [ -98.718402859996047, 19.992699711286154 ], [ -98.715048548876638, 19.992188320521599 ], [ -98.728417370234197, 20.00450346134652 ], [ -98.71316277006612, 19.998908451286901 ], [ -98.716403939590819, 20.006753030531385 ], [ -98.727214519944482, 20.008477121128724 ], [ -98.723081579347735, 20.022045771194101 ], [ -98.722056289262753, 20.020162451017001 ], [ -98.715562780053091, 20.020485981068017 ], [ -98.715338423860103, 20.023878976639082 ], [ -98.707113216055589, 20.023918265317395 ], [ -98.706040028625978, 20.021170031184841 ], [ -98.703796370335866, 20.021878721341846 ], [ -98.700724338579988, 20.019671740867381 ], [ -98.689291169686328, 20.01878122046714 ], [ -98.688044459418123, 20.016545031047283 ], [ -98.68555001932441, 20.018910031221623 ], [ -98.683841938884498, 20.015578461156185 ], [ -98.679699979643644, 20.012620030837013 ], [ -98.675488880268375, 20.026158680733278 ], [ -98.681675288815967, 20.02674014119966 ], [ -98.686759998820193, 20.034130020523921 ], [ -98.69745997911113, 20.030050000823156 ], [ -98.699161980075687, 20.048552420562164 ], [ -98.69685061899925, 20.050947250951857 ], [ -98.696898770000772, 20.053327520773582 ], [ -98.690013629866925, 20.055078770705528 ], [ -98.688730979319047, 20.058415631000731 ], [ -98.682286739358233, 20.062179322394634 ], [ -98.674927798872133, 20.062204511118225 ], [ -98.673605736622577, 20.066745449841846 ], [ -98.665176318850811, 20.066353033031824 ], [ -98.664083047492184, 20.073250710762455 ], [ -98.666787779399613, 20.09998638088647 ], [ -98.666342579016401, 20.102569551280471 ], [ -98.664415319902261, 20.101808060527297 ], [ -98.66249956975318, 20.105201201264794 ], [ -98.663142350276573, 20.109556919921392 ], [ -98.6615707502948, 20.105514179995136 ], [ -98.653899020173952, 20.099953259924302 ], [ -98.63862546021744, 20.097747540402999 ], [ -98.629474769635991, 20.093005090039757 ], [ -98.625427459627033, 20.093766199814617 ], [ -98.622500860182413, 20.092072180156105 ], [ -98.621547150110914, 20.08830498002331 ], [ -98.61930677028586, 20.088287569847001 ], [ -98.617034539584651, 20.090396850055615 ], [ -98.618203139888976, 20.092451229621346 ], [ -98.615806509662889, 20.096011250090662 ], [ -98.614967380128178, 20.107654230202808 ], [ -98.607181860296336, 20.112166419889292 ], [ -98.608065310047905, 20.114563909988213 ], [ -98.605486549705731, 20.117485769806311 ], [ -98.603029339613187, 20.116950139812829 ], [ -98.583859149810891, 20.12200374066688 ] ] ] ] } },
{ "type": "Feature", "properties": { "CVEGEO": "13020", "CVE_ENT": "13", "CVE_MUN": "020", "NOMGEO": "Eloxochitlán" }, "geometry": { "type": "MultiPolygon", "coordinates": [ [ [ [ -98.895291119152631, 20.844003340226553 ], [ -98.885756019679889, 20.842895581054801 ], [ -98.886235280316967, 20.836474550787948 ], [ -98.873917648640841, 20.82302346120483 ], [ -98.87450850974416, 20.811830830653829 ], [ -98.871924540374536, 20.803046140895692 ], [ -98.874332580460546, 20.796450200205637 ], [ -98.876344078800358, 20.796915919756987 ], [ -98.874850548792509, 20.795373490479491 ], [ -98.876543599493345, 20.794663140411426 ], [ -98.875321078862498, 20.793140339866532 ], [ -98.878154170078417, 20.788873291104267 ], [ -98.8773960187048, 20.787023661180946 ], [ -98.8702579202089, 20.789150169640529 ], [ -98.852350289725365, 20.785638219855013 ], [ -98.850116968764752, 20.780386090602349 ], [ -98.851130690140693, 20.775524621323903 ], [ -98.845540018914491, 20.768975380595002 ], [ -98.832336599420927, 20.769296121186855 ], [ -98.812291318548731, 20.779868150960183 ], [ -98.799865309926886, 20.783989260723313 ], [ -98.794197818671734, 20.78819842131691 ], [ -98.792830218844159, 20.792037339837577 ], [ -98.787755339777931, 20.792824690338502 ], [ -98.778479428846424, 20.799368171288481 ], [ -98.773217088797836, 20.796251860655328 ], [ -98.774330448818631, 20.793408510603417 ], [ -98.771170938954285, 20.791812220758601 ], [ -98.76574797871227, 20.78458226050483 ], [ -98.765469049165944, 20.778198320891075 ], [ -98.761676419129458, 20.775906220927805 ], [ -98.761273109263911, 20.773005681050012 ], [ -98.755581978831117, 20.76679189056912 ], [ -98.756658198763517, 20.764234940525625 ], [ -98.754936519196136, 20.761896970886568 ], [ -98.75694282867812, 20.753579521154471 ], [ -98.753085220193014, 20.740849619725232 ], [ -98.76066439937243, 20.74018271007527 ], [ -98.769737058941544, 20.735231580100489 ], [ -98.772648539501404, 20.731580739646883 ], [ -98.772273288750725, 20.728555650753432 ], [ -98.780799219253467, 20.724914289726705 ], [ -98.782151479417834, 20.72226202086085 ], [ -98.785159619372394, 20.721226021200572 ], [ -98.794609509345264, 20.723729691037917 ], [ -98.799796599153311, 20.72146922094981 ], [ -98.827911768600174, 20.717726650755484 ], [ -98.828089490038195, 20.713781689590402 ], [ -98.824737858557995, 20.712263290220157 ], [ -98.823498180312612, 20.708385520246928 ], [ -98.821383228669802, 20.709807399765708 ], [ -98.822123848905434, 20.707328879600581 ], [ -98.820820799306077, 20.706820580774572 ], [ -98.818332890051792, 20.708235581268461 ], [ -98.81714766009884, 20.699120150594162 ], [ -98.814843320352026, 20.69570432117251 ], [ -98.823161659623594, 20.690846621347731 ], [ -98.822515678585873, 20.685663169610844 ], [ -98.824903739979405, 20.685293139667653 ], [ -98.826428079028815, 20.681768060028585 ], [ -98.830813689332672, 20.681818800205093 ], [ -98.830835618600247, 20.679566019703675 ], [ -98.836517718886356, 20.679719679919476 ], [ -98.836515860325122, 20.677601771359761 ], [ -98.841613029895555, 20.676633740669395 ], [ -98.85280233934823, 20.679816890876598 ], [ -98.841711878579133, 20.680044150646808 ], [ -98.841678518892749, 20.68216347977641 ], [ -98.844897979104189, 20.682271650048847 ], [ -98.844609859713003, 20.685899651048544 ], [ -98.841856340213283, 20.685850259775673 ], [ -98.841720289675237, 20.689468620123982 ], [ -98.83759388038105, 20.689271850185833 ], [ -98.839223679781455, 20.694202350037408 ], [ -98.843793689140583, 20.698147510059382 ], [ -98.847581679749837, 20.69675677979852 ], [ -98.846386689220822, 20.70017986095791 ], [ -98.841772780963538, 20.703194661265147 ], [ -98.844350279924711, 20.712558690783336 ], [ -98.848359400287308, 20.711892170085871 ], [ -98.850366090302217, 20.714439710942994 ], [ -98.849899509274991, 20.716132401122675 ], [ -98.852162319256621, 20.717180549662896 ], [ -98.855210488580283, 20.715768721113967 ], [ -98.85831755034279, 20.716730119657431 ], [ -98.862186120216649, 20.708487859915042 ], [ -98.866675019346971, 20.704196290175222 ], [ -98.876374910027337, 20.708213689581346 ], [ -98.878108750124497, 20.70700497987529 ], [ -98.889736149174411, 20.715516940182667 ], [ -98.892354019761598, 20.705074199829514 ], [ -98.890299649225057, 20.700188479562229 ], [ -98.895789628792116, 20.69859348009447 ], [ -98.899065939773038, 20.693941540565618 ], [ -98.891143909418432, 20.686943630437533 ], [ -98.894891508750931, 20.677968779535099 ], [ -98.892248709138286, 20.672843350184571 ], [ -98.88714317896968, 20.668492310055139 ], [ -98.888198690464876, 20.664893370161607 ], [ -98.890155580009633, 20.663248550325324 ], [ -98.896756169148929, 20.662322430976324 ], [ -98.900822018780801, 20.66331389051949 ], [ -98.901461948701339, 20.666405340459544 ], [ -98.909329979284777, 20.664374950371641 ], [ -98.910483920339999, 20.660008820592157 ], [ -98.91645245956073, 20.657187949879287 ], [ -98.930081449009037, 20.65847769024165 ], [ -98.931833229103248, 20.652853310152658 ], [ -98.9387135790423, 20.649421480625453 ], [ -98.940762858953306, 20.646695221204137 ], [ -98.942616058794314, 20.647703580855847 ], [ -98.943870998905808, 20.647004090161996 ], [ -98.942420149076341, 20.646805770584322 ], [ -98.943158459510315, 20.642166139567156 ], [ -98.943511738933779, 20.64420931022752 ], [ -98.944116778579954, 20.644655229678641 ], [ -98.943673579040464, 20.643922460157917 ], [ -98.944017489359439, 20.64138707977321 ], [ -98.947167429150511, 20.649147311276646 ], [ -98.950156318767142, 20.652414111317963 ], [ -98.94950103002418, 20.659426951343608 ], [ -98.954252629098477, 20.661741310621696 ], [ -98.965764710193667, 20.659604740808973 ], [ -98.96612633964935, 20.662990001059903 ], [ -98.969744348891581, 20.664380030424404 ], [ -98.970867649378192, 20.66802630994702 ], [ -98.975359370395381, 20.669863820707235 ], [ -98.967790179827929, 20.673724510628013 ], [ -98.965088508933064, 20.676907521157627 ], [ -98.959822019290769, 20.675227681282209 ], [ -98.957930909557959, 20.67234376965898 ], [ -98.953808920280338, 20.670646181038496 ], [ -98.952032998883709, 20.67032995113362 ], [ -98.951232509291103, 20.672415230810088 ], [ -98.952560279559762, 20.677147110206423 ], [ -98.954287489645182, 20.677708280149034 ], [ -98.955828398702522, 20.691027689567733 ], [ -98.957881429074718, 20.694267231122975 ], [ -98.961098519138417, 20.697152619831069 ], [ -98.966067349337763, 20.691540571257466 ], [ -98.971685368644813, 20.693542380295693 ], [ -98.972500949795545, 20.695241420087747 ], [ -98.971162029078613, 20.697909539808844 ], [ -98.964283088824402, 20.70512683106114 ], [ -98.966267660125524, 20.708193420815753 ], [ -98.965063220160403, 20.712325521284175 ], [ -98.970436110051949, 20.714435549621818 ], [ -98.973752599764993, 20.718955459690456 ], [ -98.972399109940298, 20.720039370318354 ], [ -98.978057768555743, 20.723347080689173 ], [ -98.974644349353753, 20.726904059636823 ], [ -98.975953658647867, 20.729209450572633 ], [ -98.97973250878411, 20.730383150417861 ], [ -98.983174108735753, 20.728270050040372 ], [ -98.98580858015228, 20.735884949551039 ], [ -98.980605999157845, 20.738741020979273 ], [ -98.97812976956638, 20.746976629744129 ], [ -98.970318150266095, 20.750859849792455 ], [ -98.967236970135403, 20.750859280045599 ], [ -98.968433048624718, 20.754915630588947 ], [ -98.967199538814626, 20.757582250160727 ], [ -98.94585467989755, 20.7628003109049 ], [ -98.943702278879741, 20.761676109893351 ], [ -98.935001089084381, 20.763122171130085 ], [ -98.9301746004395, 20.770632829619455 ], [ -98.923864629049234, 20.773524180666367 ], [ -98.929979849800787, 20.775314089542459 ], [ -98.940452509215632, 20.783765709919869 ], [ -98.942887088732007, 20.790194339660626 ], [ -98.937065138715283, 20.791557650435539 ], [ -98.935934119124099, 20.796399399729285 ], [ -98.930137818963814, 20.795300431044627 ], [ -98.923955140352319, 20.802320149628549 ], [ -98.922036649127548, 20.807235120769619 ], [ -98.91378165917277, 20.813066480387835 ], [ -98.918062709675581, 20.818378879793048 ], [ -98.910946339912343, 20.830452631177778 ], [ -98.907091579113626, 20.830951881278793 ], [ -98.90395192001003, 20.836481720530273 ], [ -98.895291119152631, 20.844003340226553 ] ] ] ] } },
{ "type": "Feature", "properties": { "CVEGEO": "13074", "CVE_ENT": "13", "CVE_MUN": "074", "NOMGEO": "Tlaxcoapan" }, "geometry": { "type": "MultiPolygon", "coordinates": [ [ [ [ -99.166190050191162, 20.130245719984352 ], [ -99.167310060207157, 20.125216429720791 ], [ -99.17512777983724, 20.115607889803961 ], [ -99.190502829924171, 20.108426120064461 ], [ -99.17892078009173, 20.095882550335293 ], [ -99.203201969523732, 20.092934709940973 ], [ -99.200251859622668, 20.085919260143022 ], [ -99.205641260085841, 20.081174400110164 ], [ -99.207410549762741, 20.082656549769833 ], [ -99.219184247835415, 20.07958151359318 ], [ -99.219413308830624, 20.083017830326373 ], [ -99.240480968660322, 20.078908739798358 ], [ -99.241339059633759, 20.075774170060253 ], [ -99.243864770304612, 20.075667510295329 ], [ -99.242890370404865, 20.071960059830399 ], [ -99.24467371041186, 20.071775320348245 ], [ -99.243486149714414, 20.069101260371212 ], [ -99.254979450373284, 20.06526555100767 ], [ -99.260708179606823, 20.064394949716252 ], [ -99.291343850235606, 20.093624230040533 ], [ -99.275234883059454, 20.103848596879139 ], [ -99.275224722342756, 20.101042875560715 ], [ -99.264313933186202, 20.100410797643477 ], [ -99.260931119233021, 20.106290913693481 ], [ -99.24563974814501, 20.105974516163027 ], [ -99.24669248394828, 20.108603043675998 ], [ -99.23584377277038, 20.108291786710936 ], [ -99.235479773299588, 20.106784561102891 ], [ -99.231647995683915, 20.109090258684471 ], [ -99.227040806524826, 20.108615296398973 ], [ -99.226866745281512, 20.112530943755026 ], [ -99.222329263323047, 20.113026176010514 ], [ -99.222557395362642, 20.116561927890377 ], [ -99.204405653134302, 20.116808861430357 ], [ -99.205544571087444, 20.121036400924648 ], [ -99.188367527058858, 20.122708072563661 ], [ -99.166190050191162, 20.130245719984352 ] ] ] ] } },
{ "type": "Feature", "properties": { "CVEGEO": "13070", "CVE_ENT": "13", "CVE_MUN": "070", "NOMGEO": "Tlahuelilpan" }, "geometry": { "type": "MultiPolygon", "coordinates": [ [ [ [ -99.211349350395295, 20.16022246037587 ], [ -99.190042680329569, 20.15424580035063 ], [ -99.191223879594261, 20.15192970989348 ], [ -99.188961090151508, 20.151464511034948 ], [ -99.193136548812916, 20.147633781031498 ], [ -99.185344229223702, 20.143851261240489 ], [ -99.184052569740885, 20.141007800499349 ], [ -99.172963580048219, 20.133235340626186 ], [ -99.170294449373799, 20.133696630997484 ], [ -99.166132527667131, 20.130589995751247 ], [ -99.188367527058858, 20.122708072563661 ], [ -99.205544571087444, 20.121036400924648 ], [ -99.204405653134302, 20.116808861430357 ], [ -99.222557395362642, 20.116561927890377 ], [ -99.222329263323047, 20.113026176010514 ], [ -99.226866745281512, 20.112530943755026 ], [ -99.227040806524826, 20.108615296398973 ], [ -99.231647995683915, 20.109090258684471 ], [ -99.235479773299588, 20.106784561102891 ], [ -99.23584377277038, 20.108291786710936 ], [ -99.24669248394828, 20.108603043675998 ], [ -99.24563974814501, 20.105974516163027 ], [ -99.260931119233021, 20.106290913693481 ], [ -99.264313933186202, 20.100410797643477 ], [ -99.275224722342756, 20.101042875560715 ], [ -99.275234883059454, 20.103848596879139 ], [ -99.250375149658851, 20.124106620775603 ], [ -99.242143538984436, 20.127738749877306 ], [ -99.240946709616466, 20.131025350161472 ], [ -99.242669980166099, 20.136046660676456 ], [ -99.242049380200484, 20.141826250343343 ], [ -99.235110029353791, 20.144963510736584 ], [ -99.232843509498537, 20.155377666376822 ], [ -99.224019378801373, 20.15714063011588 ], [ -99.213534818709377, 20.155762539595038 ], [ -99.211349350395295, 20.16022246037587 ] ] ] ] } },
{ "type": "Feature", "properties": { "CVEGEO": "13018", "CVE_ENT": "13", "CVE_MUN": "018", "NOMGEO": "Chapulhuacán" }, "geometry": { "type": "MultiPolygon", "coordinates": [ [ [ [ -98.903425459632004, 21.212508080975613 ], [ -98.89513520035517, 21.210378800698358 ], [ -98.895423509740795, 21.203895939641384 ], [ -98.885125889759962, 21.196339860288923 ], [ -98.885652600430461, 21.195122911358201 ], [ -98.882896770285015, 21.192612599600935 ], [ -98.882658820252843, 21.179610880013339 ], [ -98.874697310030726, 21.180896619666694 ], [ -98.863753089611606, 21.188369380367387 ], [ -98.857399800090477, 21.189264221090195 ], [ -98.85457570970496, 21.187290830451598 ], [ -98.856440979948957, 21.18412571991265 ], [ -98.855598879639004, 21.180096150979931 ], [ -98.852095339553401, 21.176799290143673 ], [ -98.847949060060373, 21.174710249661608 ], [ -98.847067259876283, 21.176619661097469 ], [ -98.843629580325086, 21.170704080184905 ], [ -98.840491550222978, 21.169080030851632 ], [ -98.837569690194712, 21.170550969835297 ], [ -98.832548490175256, 21.167075510033062 ], [ -98.829281180255322, 21.166679180004316 ], [ -98.828483109962093, 21.163522180486819 ], [ -98.824537139786287, 21.161248139807341 ], [ -98.831388850161673, 21.159440580383283 ], [ -98.834679090017517, 21.16233342987605 ], [ -98.838603379795316, 21.162238719869912 ], [ -98.843771449972351, 21.155501199724281 ], [ -98.843925280430881, 21.148631369599212 ], [ -98.840575799871942, 21.13445228973703 ], [ -98.847638260175202, 21.133251020454683 ], [ -98.857176650389164, 21.137431249811158 ], [ -98.867078350460062, 21.137070919740736 ], [ -98.868757489548841, 21.141515979557916 ], [ -98.871018450026284, 21.142022399995557 ], [ -98.874675689699771, 21.140671249721844 ], [ -98.881852489986912, 21.133754800236037 ], [ -98.881373490478509, 21.129509910171482 ], [ -98.874975090298776, 21.128164619730338 ], [ -98.869409480347045, 21.123176509638096 ], [ -98.872805110050876, 21.118630719850852 ], [ -98.878207080406014, 21.119039910259342 ], [ -98.879206289515764, 21.117493830432764 ], [ -98.87130611966225, 21.103877779567245 ], [ -98.873308489626183, 21.103669919855633 ], [ -98.878709689853451, 21.109427910087053 ], [ -98.881977949742165, 21.110601950398909 ], [ -98.890088059923713, 21.10559444992019 ], [ -98.8903640904078, 21.098501089750584 ], [ -98.89235302039755, 21.096657340039453 ], [ -98.900612679577989, 21.095045030209604 ], [ -98.903713090152721, 21.100200080212119 ], [ -98.906287690239907, 21.101153339848967 ], [ -98.91203466040578, 21.096654569927139 ], [ -98.918775540428769, 21.097944139919946 ], [ -98.927976030143881, 21.089832879911384 ], [ -98.927004119957161, 21.083291689874127 ], [ -98.929055850054425, 21.078688149900906 ], [ -98.931912919764827, 21.076182280296059 ], [ -98.937075089920015, 21.075709489925597 ], [ -98.937499049872017, 21.071814149750573 ], [ -98.943773780024941, 21.06548410988195 ], [ -98.94626196968872, 21.046881860305966 ], [ -98.954842180343277, 21.041410059789754 ], [ -98.961507749880681, 21.045031249640491 ], [ -98.960610659974279, 21.0499237097583 ], [ -98.962787880068063, 21.051717020337755 ], [ -98.968959019834585, 21.046861780007927 ], [ -98.974735570462343, 21.047704489960452 ], [ -98.976916800200414, 21.044882139588626 ], [ -98.986270950284407, 21.039552680135589 ], [ -98.997161649838787, 21.042162800018588 ], [ -99.000822709705247, 21.045576570075031 ], [ -99.002565550165926, 21.050455019858266 ], [ -99.007528020200994, 21.049230310146189 ], [ -99.009084569841022, 21.05347811033548 ], [ -99.020409369765773, 21.057738479767146 ], [ -99.015973920048651, 21.058563309897231 ], [ -99.014547399912686, 21.060727109912403 ], [ -99.007804030275338, 21.063269289918438 ], [ -99.009188769623776, 21.066867549752125 ], [ -99.020516939674621, 21.068319510295087 ], [ -99.022706319641316, 21.067368290375686 ], [ -99.028996109914942, 21.070670080030123 ], [ -99.036983720114478, 21.071898059968969 ], [ -99.044305350006113, 21.078316920023624 ], [ -99.034856109567926, 21.087577830116985 ], [ -99.037155980395553, 21.092928150317487 ], [ -99.035904199629115, 21.098944850384505 ], [ -99.036767510104795, 21.106490749875736 ], [ -99.039758219755953, 21.11361174959335 ], [ -99.041219819716233, 21.113973710113914 ], [ -99.040380879942333, 21.117159749837391 ], [ -99.036273970417341, 21.119891689776921 ], [ -99.035551630080334, 21.123261290271319 ], [ -99.027160510356012, 21.130722110235101 ], [ -99.02940000015893, 21.136597339597365 ], [ -99.031170339971254, 21.138394350450465 ], [ -99.034410140065816, 21.138336770175879 ], [ -99.039141399695239, 21.151464179594161 ], [ -99.02882638030691, 21.155401310067102 ], [ -99.027993220418821, 21.158521829926165 ], [ -99.030059859641838, 21.165983249569745 ], [ -99.023949259604436, 21.166583120119117 ], [ -99.022553419596804, 21.158193340168513 ], [ -99.019001880352334, 21.157318550249581 ], [ -99.014984450421281, 21.167040460026278 ], [ -99.004513769905927, 21.169531250169644 ], [ -98.999318620314739, 21.168714939758825 ], [ -98.996388539584231, 21.16588035023825 ], [ -98.992548820014065, 21.166815550149337 ], [ -98.993859950381136, 21.170619280360011 ], [ -99.000239970479043, 21.172787889710918 ], [ -99.00115205963688, 21.17893242024423 ], [ -98.998936949783669, 21.180935459788085 ], [ -98.987666600003408, 21.179648940397545 ], [ -98.982140519713482, 21.182092260091064 ], [ -98.974657850217625, 21.180799570294781 ], [ -98.967439509950935, 21.184903260017911 ], [ -98.959995219673729, 21.18219103033141 ], [ -98.95823765982324, 21.176690649803245 ], [ -98.950519259561347, 21.181095550386612 ], [ -98.946020749539443, 21.180075570060747 ], [ -98.944960400362746, 21.183113080197721 ], [ -98.946903709643237, 21.18590258038769 ], [ -98.951569450386373, 21.184433050014121 ], [ -98.955224939645561, 21.186014950366417 ], [ -98.948425939528192, 21.189073720300367 ], [ -98.935252659712006, 21.19024297975632 ], [ -98.935464220286477, 21.198752519574839 ], [ -98.926747539977725, 21.198846020434836 ], [ -98.921908970224962, 21.197215950238856 ], [ -98.921287950379877, 21.198902120091024 ], [ -98.923693939668723, 21.204314999853427 ], [ -98.922885850288409, 21.206450259981132 ], [ -98.914688429683423, 21.202233249550012 ], [ -98.913559080302022, 21.204063280342908 ], [ -98.914765149890229, 21.208741089595041 ], [ -98.906564380060928, 21.209846279874331 ], [ -98.903425459632004, 21.212508080975613 ] ] ] ] } },
{ "type": "Feature", "properties": { "CVEGEO": "13029", "CVE_ENT": "13", "CVE_MUN": "029", "NOMGEO": "Huichapan" }, "geometry": { "type": "MultiPolygon", "coordinates": [ [ [ [ -99.540240860063292, 20.512246049653466 ], [ -99.539990020428718, 20.509590649848015 ], [ -99.535852680445103, 20.508714619861223 ], [ -99.534996550157643, 20.504263549748387 ], [ -99.543944079974793, 20.495183910397525 ], [ -99.542197859955394, 20.493904079929823 ], [ -99.543064890243841, 20.487665970188491 ], [ -99.546250750420526, 20.479241020372424 ], [ -99.548991350235923, 20.478368909907516 ], [ -99.547685649454621, 20.477532661322332 ], [ -99.549289938914114, 20.476576399620019 ], [ -99.545816910262886, 20.47126165971358 ], [ -99.543449430151639, 20.471388280333898 ], [ -99.537408709309958, 20.46539006122973 ], [ -99.53606459987337, 20.457508309605643 ], [ -99.534321679574745, 20.457303849881651 ], [ -99.534414889924648, 20.461028180235385 ], [ -99.528202850444373, 20.461226970284482 ], [ -99.52876276962705, 20.462684860214498 ], [ -99.526782479759817, 20.463637180015368 ], [ -99.521871970306506, 20.471913450287857 ], [ -99.511598230179615, 20.474214309667101 ], [ -99.507324018700189, 20.473539309587693 ], [ -99.504698549318945, 20.467326459633554 ], [ -99.518791108793693, 20.456208420108222 ], [ -99.514415948732989, 20.454867490150448 ], [ -99.507749198760195, 20.448492249612539 ], [ -99.505421849116189, 20.448393939821532 ], [ -99.503740709384203, 20.445127200030687 ], [ -99.507544948835161, 20.442027679782058 ], [ -99.50783544930043, 20.43985189033177 ], [ -99.505862449158315, 20.43809188976741 ], [ -99.498468579003742, 20.437465119622992 ], [ -99.495828448611917, 20.430188089696358 ], [ -99.497616398857588, 20.42579464970872 ], [ -99.499729968912348, 20.425077449871793 ], [ -99.513614538720489, 20.423933890190337 ], [ -99.516307458843912, 20.425566919999426 ], [ -99.51823957940644, 20.42418322979756 ], [ -99.514009308784537, 20.406347679554305 ], [ -99.51605551922664, 20.397330940406722 ], [ -99.520152019300269, 20.397510369867973 ], [ -99.518791538996098, 20.389737459934803 ], [ -99.517105259059818, 20.388763569780807 ], [ -99.518650908998112, 20.387353739585741 ], [ -99.516303228572909, 20.384909320172543 ], [ -99.521167288682335, 20.38212864981233 ], [ -99.518798429127813, 20.380851539757504 ], [ -99.519479138969032, 20.378567370185909 ], [ -99.533489138568825, 20.373501630378968 ], [ -99.535872738755018, 20.368898179527516 ], [ -99.534267059100159, 20.365460740397889 ], [ -99.533571738941802, 20.349481280262179 ], [ -99.534409079221035, 20.346866319750951 ], [ -99.539091968719049, 20.344031120091923 ], [ -99.54194904940563, 20.332566449931146 ], [ -99.542209029347575, 20.329478320395236 ], [ -99.537513118617866, 20.329906890257597 ], [ -99.530800740409617, 20.32590520020506 ], [ -99.536770349619204, 20.317469880278292 ], [ -99.541180999694632, 20.305837650194285 ], [ -99.544394979819302, 20.305534420051053 ], [ -99.543282430172127, 20.303372569799869 ], [ -99.549075649609478, 20.301348109938903 ], [ -99.551692109579207, 20.296050739818444 ], [ -99.556189749776962, 20.294591229832257 ], [ -99.56024845967751, 20.297415179940739 ], [ -99.560270139984596, 20.295323749728009 ], [ -99.565044580171218, 20.294134949796167 ], [ -99.564787310374072, 20.292492280055274 ], [ -99.567385769663645, 20.295076629591684 ], [ -99.576486349776985, 20.294122049580977 ], [ -99.577935450208201, 20.298801829550946 ], [ -99.581305820121514, 20.301568619763014 ], [ -99.577239450128886, 20.310014229867289 ], [ -99.583933650239814, 20.313431829628321 ], [ -99.586870400207246, 20.320167460295817 ], [ -99.596111579627419, 20.314085430424974 ], [ -99.599099060428657, 20.314784830024657 ], [ -99.605733019807914, 20.30760130988681 ], [ -99.607873230455453, 20.295985980408975 ], [ -99.614404450115245, 20.292404480019673 ], [ -99.614931260305255, 20.289374830332168 ], [ -99.622575340437891, 20.288035919854284 ], [ -99.627340459975699, 20.284464569787247 ], [ -99.631496940040705, 20.284510849795918 ], [ -99.635942150131413, 20.280705859945055 ], [ -99.643472309722739, 20.281792820043353 ], [ -99.647901620353238, 20.27933766016227 ], [ -99.651901859924621, 20.281187600200244 ], [ -99.663056430258905, 20.291097379627846 ], [ -99.666931769536532, 20.291924850163372 ], [ -99.669682140118127, 20.294434780096097 ], [ -99.673678849979353, 20.302566399963414 ], [ -99.676601520054064, 20.300012260082326 ], [ -99.692008349866768, 20.30247238008106 ], [ -99.693840350087044, 20.300981030420246 ], [ -99.702291059549211, 20.30383052015025 ], [ -99.700134090258985, 20.301982399803428 ], [ -99.70615843017184, 20.30059894970125 ], [ -99.698770719689477, 20.290526460413748 ], [ -99.701313019526452, 20.29007439992299 ], [ -99.701758050276283, 20.282048570008254 ], [ -99.707396849779059, 20.281007619977935 ], [ -99.709202720011916, 20.281204089743056 ], [ -99.709745050054693, 20.288689259799142 ], [ -99.714348829813474, 20.294106890088777 ], [ -99.720131349876738, 20.295526000384292 ], [ -99.723380740072173, 20.293935979606726 ], [ -99.728483370257209, 20.299694539881248 ], [ -99.73136971021853, 20.30021243003921 ], [ -99.732334110255039, 20.297073260075859 ], [ -99.736051879627013, 20.296621750347029 ], [ -99.740588149917627, 20.292640339594403 ], [ -99.740142230341817, 20.289231909799074 ], [ -99.74155378035465, 20.288546599761553 ], [ -99.742100479572613, 20.283992120378436 ], [ -99.757077380200059, 20.289362859897583 ], [ -99.768012600432286, 20.289860549753833 ], [ -99.779067279807904, 20.290307490372886 ], [ -99.785682860187535, 20.287993599771706 ], [ -99.793879319948914, 20.288533280113871 ], [ -99.792712970428056, 20.286654370323696 ], [ -99.793944049948934, 20.286217540033537 ], [ -99.796928919634979, 20.286814939680493 ], [ -99.798018199613423, 20.288895519556704 ], [ -99.824201540319805, 20.291467259736201 ], [ -99.831457950210392, 20.297202629647014 ], [ -99.83832452034197, 20.290266909914834 ], [ -99.836578800056088, 20.288671080445738 ], [ -99.839467619759603, 20.289216709743464 ], [ -99.859106420463277, 20.268470549942247 ], [ -99.835079850303316, 20.481035720417662 ], [ -99.829363429664468, 20.477826140051903 ], [ -99.823916199589561, 20.478014779915213 ], [ -99.820140779602497, 20.47544022037405 ], [ -99.81128008974531, 20.473811029853564 ], [ -99.803461750155193, 20.460093050312661 ], [ -99.797189200439377, 20.458094369877607 ], [ -99.789899280271769, 20.46222696989464 ], [ -99.785765309719409, 20.462082720375026 ], [ -99.786112769556027, 20.460465200360556 ], [ -99.782569969823939, 20.456940679995331 ], [ -99.776598519536705, 20.455721940242945 ], [ -99.772279340431794, 20.444500169634189 ], [ -99.776666970301449, 20.443566120192852 ], [ -99.777111540025771, 20.441390399986449 ], [ -99.769025980275714, 20.429680290341885 ], [ -99.765620379994147, 20.427889709599508 ], [ -99.766028229769134, 20.424293019901004 ], [ -99.761247120349537, 20.420234280095148 ], [ -99.754857380255999, 20.422635200393312 ], [ -99.752116219575427, 20.4264261996857 ], [ -99.74499741992274, 20.431133059826905 ], [ -99.742566980237029, 20.436449690090981 ], [ -99.742384909783112, 20.444149260380005 ], [ -99.737792150225118, 20.443980090104318 ], [ -99.73848262956173, 20.446042090428836 ], [ -99.731985769957276, 20.446395219754756 ], [ -99.735293980271223, 20.451042019894619 ], [ -99.734512750310046, 20.452471340350151 ], [ -99.731067860135042, 20.452389370402628 ], [ -99.733307480272899, 20.455580710225387 ], [ -99.732679449823806, 20.460283919564265 ], [ -99.738306770328677, 20.46054698026288 ], [ -99.737552950079788, 20.463160550272164 ], [ -99.735045570054538, 20.461056539560936 ], [ -99.732160079584219, 20.462139660196026 ], [ -99.729208479780084, 20.460286799605623 ], [ -99.704813319685925, 20.471147520365065 ], [ -99.701109380239743, 20.469705250356451 ], [ -99.697183769966614, 20.470281030252583 ], [ -99.686879250414947, 20.474211059948242 ], [ -99.688037689522574, 20.477468710301981 ], [ -99.680417550383012, 20.481800369997433 ], [ -99.667343650036756, 20.478668339671387 ], [ -99.664390679657529, 20.479883049903471 ], [ -99.662296020050377, 20.475764309966987 ], [ -99.663329510187125, 20.472624859910535 ], [ -99.660743740281731, 20.471043580315428 ], [ -99.656953379999237, 20.459848709910542 ], [ -99.651938220270722, 20.461077829835201 ], [ -99.650599690386642, 20.464902019884395 ], [ -99.648641539607112, 20.464984600191542 ], [ -99.644724369610955, 20.47099188010246 ], [ -99.637334950413177, 20.461329879768112 ], [ -99.638563649616884, 20.459049829805945 ], [ -99.63769974981517, 20.455052079927839 ], [ -99.630049489951929, 20.450566059627977 ], [ -99.62653835011082, 20.450280450188135 ], [ -99.624696770217213, 20.454233510072456 ], [ -99.623028769580586, 20.452862380349909 ], [ -99.618735050276456, 20.45362671980627 ], [ -99.620889599713166, 20.457704230395731 ], [ -99.620044820132819, 20.465715489911869 ], [ -99.619089000440511, 20.46818759965134 ], [ -99.613622799715898, 20.469271369987887 ], [ -99.618586940461114, 20.474136779868608 ], [ -99.616281110327705, 20.475825180169224 ], [ -99.61723154002145, 20.47823478040727 ], [ -99.612257320385439, 20.478771200223079 ], [ -99.605563220110454, 20.476587509932532 ], [ -99.60374180005013, 20.481751580138869 ], [ -99.606051740015843, 20.481471310325425 ], [ -99.607208200184218, 20.484117599947552 ], [ -99.608731829695145, 20.483961060077323 ], [ -99.608218230154506, 20.485282219634563 ], [ -99.610746850382156, 20.486232399725683 ], [ -99.596813080441422, 20.490584259579236 ], [ -99.594271940145916, 20.495490520447998 ], [ -99.594441079993729, 20.503525230415512 ], [ -99.589244370134367, 20.506254619775945 ], [ -99.58771701968341, 20.509666909997311 ], [ -99.575368370311764, 20.500589079928968 ], [ -99.568632860286357, 20.503803859911823 ], [ -99.561622090474856, 20.503876720060852 ], [ -99.555328309877481, 20.508419520420826 ], [ -99.540240860063292, 20.512246049653466 ] ] ] ] } },
{ "type": "Feature", "properties": { "CVEGEO": "13071", "CVE_ENT": "13", "CVE_MUN": "071", "NOMGEO": "Tlahuiltepa" }, "geometry": { "type": "MultiPolygon", "coordinates": [ [ [ [ -98.970395149923291, 21.034474580253448 ], [ -98.961996660114892, 21.030389119948889 ], [ -98.957974630211936, 21.031886119900189 ], [ -98.947663909607982, 21.028503950246556 ], [ -98.945876280221142, 21.019439480011098 ], [ -98.938135490066969, 21.021423979781872 ], [ -98.942260740287125, 21.013416620318722 ], [ -98.934843520353439, 21.012093650069165 ], [ -98.931072519536144, 21.006695280341781 ], [ -98.934345020015883, 20.996263139918884 ], [ -98.927873379802108, 20.985216619725907 ], [ -98.919241150141715, 20.988451980339054 ], [ -98.915188920455947, 20.992810520452032 ], [ -98.905330369577172, 20.992497779971213 ], [ -98.901672780462192, 20.997195770411594 ], [ -98.897215370149084, 20.987514710375034 ], [ -98.892021510033274, 20.989942149804058 ], [ -98.891509920052158, 20.99268514028012 ], [ -98.876796430305873, 20.996378370340235 ], [ -98.876994049837805, 20.993621910334927 ], [ -98.87301860004608, 20.988986680385011 ], [ -98.864243370213742, 20.988371890259067 ], [ -98.859514479814322, 20.981413480121432 ], [ -98.854803229871862, 20.979914029829683 ], [ -98.862043950442128, 20.973569689794022 ], [ -98.857179819304619, 20.970168860646673 ], [ -98.857031309092548, 20.962578080708475 ], [ -98.844015348901706, 20.936927511037343 ], [ -98.845233309343527, 20.934033341019337 ], [ -98.85771257931745, 20.924589981159126 ], [ -98.859695369426902, 20.921043491223365 ], [ -98.861737088938, 20.915008370611826 ], [ -98.860944168692725, 20.904264650930354 ], [ -98.874302179860251, 20.888152690070172 ], [ -98.879120059947013, 20.88630397004594 ], [ -98.885919519532592, 20.86503702962677 ], [ -98.882163170282766, 20.864779710116412 ], [ -98.882391709756476, 20.863462460047899 ], [ -98.885100199980442, 20.862272280146335 ], [ -98.886568980441339, 20.858313719827951 ], [ -98.891023769844679, 20.859444310176166 ], [ -98.893463570207686, 20.85429211988253 ], [ -98.892943829681784, 20.850723519913338 ], [ -98.901262580020301, 20.851103509872125 ], [ -98.89795880047653, 20.841033739781587 ], [ -98.90395192001003, 20.836481720530273 ], [ -98.907091579113626, 20.830951881278793 ], [ -98.910946339912343, 20.830452631177778 ], [ -98.917666539489261, 20.819354320459965 ], [ -98.91378165917277, 20.813066480387835 ], [ -98.922036649127548, 20.807235120769619 ], [ -98.923955140352319, 20.802320149628549 ], [ -98.930137818963814, 20.795300431044627 ], [ -98.935934119124099, 20.796399399729285 ], [ -98.937065138715283, 20.791557650435539 ], [ -98.942887088732007, 20.790194339660626 ], [ -98.940452509215632, 20.783765709919869 ], [ -98.929979849800787, 20.775314089542459 ], [ -98.923864629049234, 20.773524180666367 ], [ -98.9301746004395, 20.770632829619455 ], [ -98.935001089084381, 20.763122171130085 ], [ -98.943702278879741, 20.761676109893351 ], [ -98.94585467989755, 20.7628003109049 ], [ -98.967199538814626, 20.757582250160727 ], [ -98.968433048624718, 20.754915630588947 ], [ -98.967236970135403, 20.750859280045599 ], [ -98.970318150266095, 20.750859849792455 ], [ -98.97812976956638, 20.746976629744129 ], [ -98.980605999157845, 20.738741020979273 ], [ -98.98580858015228, 20.735884949551039 ], [ -98.983174108735753, 20.728270050040372 ], [ -98.97973250878411, 20.730383150417861 ], [ -98.975953658647867, 20.729209450572633 ], [ -98.974644349353753, 20.726904059636823 ], [ -98.978057768555743, 20.723347080689173 ], [ -98.972399109940298, 20.720039370318354 ], [ -98.973752599764993, 20.718955459690456 ], [ -98.970436110051949, 20.714435549621818 ], [ -98.965063220160403, 20.712325521284175 ], [ -98.966267660125524, 20.708193420815753 ], [ -98.964283088824402, 20.70512683106114 ], [ -98.971162029078613, 20.697909539808844 ], [ -98.972500949795545, 20.695241420087747 ], [ -98.971685368644813, 20.693542380295693 ], [ -98.966067349337763, 20.691540571257466 ], [ -98.961098519138417, 20.697152619831069 ], [ -98.957881429074718, 20.694267231122975 ], [ -98.955828398702522, 20.691027689567733 ], [ -98.954287489645182, 20.677708280149034 ], [ -98.951808179690829, 20.675489219787742 ], [ -98.952032998883709, 20.67032995113362 ], [ -98.965088508933064, 20.676907521157627 ], [ -98.967790179827929, 20.673724510628013 ], [ -98.975359370395381, 20.669863820707235 ], [ -98.970867649378192, 20.66802630994702 ], [ -98.969744348891581, 20.664380030424404 ], [ -98.96612633964935, 20.662990001059903 ], [ -98.965764710193667, 20.659604740808973 ], [ -98.954252629098477, 20.661741310621696 ], [ -98.949027119260222, 20.658926600601831 ], [ -98.950156318767142, 20.652414111317963 ], [ -98.945299970051295, 20.645080649860574 ], [ -98.945822909455771, 20.640038629980953 ], [ -98.947713509449187, 20.639096340262906 ], [ -98.946198138710457, 20.637910280357232 ], [ -98.948984078624122, 20.638347859589015 ], [ -98.946875258822757, 20.636036310410724 ], [ -98.956134538812847, 20.635799780385081 ], [ -98.959499909107166, 20.630622860258008 ], [ -98.964318458750398, 20.630575370144449 ], [ -98.964410828920293, 20.639470859766689 ], [ -98.969179599032984, 20.644146140253419 ], [ -98.978367428760762, 20.640802950126918 ], [ -98.982838618599772, 20.646215520245157 ], [ -98.987719048784328, 20.645649860081644 ], [ -98.993631378689145, 20.649105919573639 ], [ -98.993888648843154, 20.65114882034003 ], [ -98.997030879243511, 20.65064302001452 ], [ -99.002296419343637, 20.652664970149068 ], [ -99.005326779169891, 20.65142985983703 ], [ -99.00551853904598, 20.658543579592365 ], [ -99.009760199177222, 20.664588659885872 ], [ -99.008051819016117, 20.668986259649035 ], [ -99.008945349521923, 20.675391219699698 ], [ -99.0042296191925, 20.680944980092171 ], [ -99.009848448766704, 20.689392939534685 ], [ -99.017477508900583, 20.696889719917664 ], [ -99.018158418807559, 20.698913310333971 ], [ -99.016135019098272, 20.704811480401641 ], [ -99.021621859253216, 20.710801719645282 ], [ -99.019096108714365, 20.713216549744434 ], [ -99.023951738619047, 20.719803350125105 ], [ -99.02261096926533, 20.722483169880924 ], [ -99.019216509014612, 20.721612459852615 ], [ -99.015821938813275, 20.729426950311915 ], [ -99.00957493911271, 20.733756849530995 ], [ -99.006885379127198, 20.73230154034729 ], [ -99.004627798696802, 20.737544939851617 ], [ -99.007755139457828, 20.7461372900855 ], [ -99.011996258601968, 20.750268549990405 ], [ -99.012791138901832, 20.762671399675831 ], [ -99.023164549320896, 20.770045949790191 ], [ -99.028822489243495, 20.770884690343756 ], [ -99.036423739341544, 20.775756980232028 ], [ -99.040774979052401, 20.770399679644004 ], [ -99.050157578635449, 20.765524509895496 ], [ -99.059977319116925, 20.765803339578493 ], [ -99.060441379268397, 20.759642030348882 ], [ -99.064194259298048, 20.758449219755772 ], [ -99.06738822880213, 20.755111889554044 ], [ -99.083403879349959, 20.750895399988657 ], [ -99.084700379025236, 20.754649579605747 ], [ -99.079757168738837, 20.766405290118261 ], [ -99.080771400241304, 20.779581349833336 ], [ -99.08325886042266, 20.779874140443603 ], [ -99.085537000200532, 20.782375490430393 ], [ -99.088429799526295, 20.781479119735376 ], [ -99.096092110483568, 20.782777909796426 ], [ -99.099820320170579, 20.776745459926492 ], [ -99.103704020230239, 20.783207720343345 ], [ -99.101314680004478, 20.791629579859254 ], [ -99.096626629557733, 20.793106380056308 ], [ -99.097902550086474, 20.797128539570632 ], [ -99.091918860233775, 20.805540169844704 ], [ -99.086783629697592, 20.807421569711948 ], [ -99.084678880137687, 20.811481580026449 ], [ -99.082251739696474, 20.811577710211029 ], [ -99.077382919612774, 20.815520139627377 ], [ -99.066015799614107, 20.827025800142405 ], [ -99.06103745962676, 20.820101089562986 ], [ -99.051991110161453, 20.825844280038829 ], [ -99.039485859531865, 20.825863420066455 ], [ -99.026208719723357, 20.819283770336508 ], [ -99.017316540469366, 20.828107060295626 ], [ -99.032774059742565, 20.860230020166526 ], [ -99.031762319755686, 20.865642059832897 ], [ -99.036176430280037, 20.875044600126682 ], [ -99.038010109700366, 20.876355820137594 ], [ -99.038476749993265, 20.871642090447022 ], [ -99.052670119772444, 20.873361179593118 ], [ -99.059388110041198, 20.882261660301133 ], [ -99.055912919653323, 20.890242090067026 ], [ -99.057935860439301, 20.891211020149502 ], [ -99.062659230071915, 20.888350979550523 ], [ -99.0627886595409, 20.891244149763988 ], [ -99.068431489850596, 20.89442945010579 ], [ -99.06744037991615, 20.895909429989324 ], [ -99.068755779978616, 20.903200689852859 ], [ -99.064799879530483, 20.903640750220866 ], [ -99.059528230074577, 20.906944430410967 ], [ -99.062076939811433, 20.910392289598839 ], [ -99.059938539998768, 20.912217449562078 ], [ -99.065668349631054, 20.918075149938069 ], [ -99.059678089615119, 20.92440263015331 ], [ -99.063738649726304, 20.928970859625323 ], [ -99.064167060321552, 20.933112029793087 ], [ -99.067306420285249, 20.936072220000295 ], [ -99.064947199666364, 20.939108220152026 ], [ -99.05399966046636, 20.941821540441861 ], [ -99.054441049989151, 20.947980090255008 ], [ -99.050923490335649, 20.950654419756759 ], [ -99.051969510409364, 20.952527710021762 ], [ -99.059684519803852, 20.951861619838596 ], [ -99.057435619573994, 20.958540680103376 ], [ -99.058417770174756, 20.961981310370707 ], [ -99.053857179661037, 20.962296420405369 ], [ -99.054497850227619, 20.958154450387674 ], [ -99.052955349576564, 20.956476659683386 ], [ -99.037062570186862, 20.961057280016352 ], [ -99.035834659822285, 20.965008660133407 ], [ -99.032146179535175, 20.967417249887486 ], [ -99.031871060136282, 20.973453920444118 ], [ -99.023835750195943, 20.973223820263609 ], [ -99.025232569725446, 20.978194450136698 ], [ -99.029047539938304, 20.982195659625237 ], [ -99.032182419618266, 20.983019600298441 ], [ -99.034060709922869, 20.980595719779586 ], [ -99.037577089948158, 20.981317579960951 ], [ -99.041819940344936, 20.990066459625357 ], [ -99.047437419908377, 20.987765120449943 ], [ -99.049628919931223, 20.98883919996646 ], [ -99.04957047978165, 20.999726249578067 ], [ -99.042228719888243, 20.993012120410757 ], [ -99.037631450477548, 20.995225490164049 ], [ -99.033131220370251, 20.993318850021872 ], [ -99.031407949571701, 20.99691062030908 ], [ -99.038805180391776, 21.002362679657935 ], [ -99.038018400461283, 21.004837690309753 ], [ -99.030665570107658, 21.000972779649228 ], [ -99.021095849682482, 20.992573200127463 ], [ -99.017414969743157, 20.994043650106729 ], [ -99.015863549793082, 20.999670509657875 ], [ -99.011425690441655, 21.001447430405065 ], [ -99.007264950017031, 20.998521919853022 ], [ -99.007684519821808, 20.992727519662768 ], [ -99.006260399628488, 20.99094601988828 ], [ -98.997661950348871, 20.993819649943568 ], [ -98.990492490286186, 20.991916340360504 ], [ -98.987593140050564, 20.994682850358515 ], [ -98.987563659594301, 20.997929950066474 ], [ -98.98008978027805, 20.998548350447443 ], [ -98.978805829941209, 21.002196949619009 ], [ -98.979739380453253, 21.007159569844873 ], [ -98.976600319995484, 21.00644002962563 ], [ -98.975924689669469, 21.00228862033406 ], [ -98.972955690140225, 21.003902120135223 ], [ -98.971860149697321, 21.020434629716789 ], [ -98.976178779715696, 21.021623369972239 ], [ -98.97949130993193, 21.025718090168624 ], [ -98.968153779519142, 21.026771020006368 ], [ -98.967871309636919, 21.030394970401154 ], [ -98.973394250319984, 21.03361163011877 ], [ -98.970395149923291, 21.034474580253448 ] ] ] ] } },
{ "type": "Feature", "properties": { "CVEGEO": "13076", "CVE_ENT": "13", "CVE_MUN": "076", "NOMGEO": "Tula de Allende" }, "geometry": { "type": "MultiPolygon", "coordinates": [ [ [ [ -99.485657399290616, 20.170185449731729 ], [ -99.461905179581876, 20.162205831191354 ], [ -99.459794150174929, 20.163540681034842 ], [ -99.453375859659559, 20.162242399826262 ], [ -99.451825999812471, 20.163557830522421 ], [ -99.441555859200392, 20.162145231138418 ], [ -99.442891690219639, 20.160682969689166 ], [ -99.441203519822807, 20.158947109853258 ], [ -99.435450778718888, 20.156153351135995 ], [ -99.436515430121332, 20.155258720583511 ], [ -99.434478490372413, 20.149811951025296 ], [ -99.427415149719565, 20.13981419994699 ], [ -99.412606548988961, 20.13873622007824 ], [ -99.409213769575715, 20.135383771297096 ], [ -99.405807659483742, 20.135366381105847 ], [ -99.40082945923082, 20.133102540178726 ], [ -99.399506949094885, 20.130832600218294 ], [ -99.389146629162596, 20.127461650818194 ], [ -99.377868739470671, 20.117797910259004 ], [ -99.377005249322551, 20.115029421059834 ], [ -99.372958448551799, 20.111755080674957 ], [ -99.376099780275027, 20.108639109996286 ], [ -99.373626308994403, 20.102861891143892 ], [ -99.368751279147446, 20.10312329098652 ], [ -99.368709289029937, 20.106203380238057 ], [ -99.371089818233131, 20.10835602130534 ], [ -99.363915319479872, 20.109668459668963 ], [ -99.368912829110101, 20.125289250763966 ], [ -99.366345798882818, 20.12955055019868 ], [ -99.362442538397985, 20.131566480013287 ], [ -99.357046117912589, 20.130549799943093 ], [ -99.352674828053779, 20.131611230746731 ], [ -99.347798178068757, 20.133029320212099 ], [ -99.348311979286123, 20.135311829750385 ], [ -99.340143629247294, 20.137061399779377 ], [ -99.340865909548782, 20.143474140226576 ], [ -99.336536228937234, 20.146577169989698 ], [ -99.313034249281202, 20.114222259921579 ], [ -99.254771229398713, 20.058768621070403 ], [ -99.268649047988973, 20.057748182103467 ], [ -99.271175599170419, 20.061078631815885 ], [ -99.275304148007265, 20.062370891511726 ], [ -99.290458819035919, 20.059535400960925 ], [ -99.292432180046831, 20.034584551909557 ], [ -99.287568800359452, 20.033618681757524 ], [ -99.287269719294216, 20.039624620860135 ], [ -99.270609288593633, 20.031470351650452 ], [ -99.267291219639745, 20.034299540533862 ], [ -99.264067279445328, 20.028915080850943 ], [ -99.260843980095018, 20.027296490983275 ], [ -99.261865218982123, 20.015905680071317 ], [ -99.264306909744747, 20.010862200903766 ], [ -99.270973819518687, 20.004233749982522 ], [ -99.274057109314143, 19.995843050818948 ], [ -99.273839679395962, 19.992117261241301 ], [ -99.275852649222799, 19.988410420251636 ], [ -99.274424349555645, 19.98666594012953 ], [ -99.276923049072536, 19.983911600450817 ], [ -99.27366165984553, 19.978956200095137 ], [ -99.274788049295267, 19.976876399676222 ], [ -99.284340429065523, 19.973777000991532 ], [ -99.297737319451386, 19.972608861317166 ], [ -99.303252428714458, 19.975086569793238 ], [ -99.304898938785755, 19.970383771032111 ], [ -99.309915949362406, 19.9646585711588 ], [ -99.311031998593364, 19.957802141316535 ], [ -99.307467139324046, 19.948366599962384 ], [ -99.304104629118939, 19.945886660018459 ], [ -99.301366289341402, 19.947140029785917 ], [ -99.294267828907735, 19.943227880445324 ], [ -99.292953479801923, 19.940183349692951 ], [ -99.300052428904507, 19.938810459728479 ], [ -99.292734318827058, 19.934455600722895 ], [ -99.297279520281336, 19.933926340181099 ], [ -99.304419939411346, 19.930080200832226 ], [ -99.306102028580597, 19.931877620901453 ], [ -99.306110058849399, 19.937662420873274 ], [ -99.31716092028897, 19.957051060760001 ], [ -99.319082778841008, 19.956993661205743 ], [ -99.318670318587124, 19.959026120616727 ], [ -99.322402650312199, 19.961899121027077 ], [ -99.320083798988662, 19.963653260645803 ], [ -99.318528019903312, 19.962679430994875 ], [ -99.316875370101457, 19.969352800630059 ], [ -99.327546090052408, 19.965798370637991 ], [ -99.332265030409872, 19.959676919767332 ], [ -99.339439508827169, 19.958516451084954 ], [ -99.337745690285999, 19.953270310721198 ], [ -99.323731950406994, 19.94718058094859 ], [ -99.324087710172421, 19.945660179816329 ], [ -99.328237459907086, 19.946070020884793 ], [ -99.336612918677702, 19.943340400417782 ], [ -99.336789489106778, 19.944504170615929 ], [ -99.34241242929788, 19.944332980865259 ], [ -99.351815539567937, 19.951871969540743 ], [ -99.353530000046462, 19.961419090360167 ], [ -99.359055319525453, 19.966250020399922 ], [ -99.361683799591134, 19.971792200755182 ], [ -99.362999628669769, 19.971242580448425 ], [ -99.363488950407714, 19.976189090499506 ], [ -99.365212580006101, 19.976441621224325 ], [ -99.367671748673189, 19.985542950781891 ], [ -99.365942628833949, 19.987660650835977 ], [ -99.364817748676828, 19.986185320587577 ], [ -99.362842148614973, 19.987052340625645 ], [ -99.362167139059295, 19.989538371193369 ], [ -99.359203569175179, 19.987733550685494 ], [ -99.353564379277401, 19.992988571060167 ], [ -99.363160484888425, 19.996218860060555 ], [ -99.362727689467675, 19.999286290706781 ], [ -99.374554059093214, 20.004012620472221 ], [ -99.381737540099465, 20.004968051283907 ], [ -99.388783060199628, 20.010670660519974 ], [ -99.390190799901987, 20.008945860668607 ], [ -99.386890059420182, 20.005281800764486 ], [ -99.397502680390019, 20.003530720519233 ], [ -99.413337918652402, 20.007402880525856 ], [ -99.415085569988278, 20.012988461050696 ], [ -99.41679474859167, 20.0117567807239 ], [ -99.417771450410157, 20.013388651206537 ], [ -99.426967309535243, 20.016014491087386 ], [ -99.435123860076402, 20.015714141361254 ], [ -99.440747859556723, 20.013353740536679 ], [ -99.448448768573215, 20.042187110482228 ], [ -99.458214370326857, 20.055029539721563 ], [ -99.459758710460719, 20.065457340780934 ], [ -99.481008570056702, 20.082197890232365 ], [ -99.483496859702214, 20.100969771212444 ], [ -99.48801654739087, 20.107323081007042 ], [ -99.492598568914758, 20.110904081249402 ], [ -99.494917849418101, 20.110878980449932 ], [ -99.497089619245173, 20.116184000578336 ], [ -99.496577019097984, 20.119428799742821 ], [ -99.501312219347014, 20.127003320889404 ], [ -99.511683318003833, 20.140947710294633 ], [ -99.516292347771454, 20.143392220926209 ], [ -99.518607568667889, 20.146969970828081 ], [ -99.515466228874473, 20.150861200651356 ], [ -99.513848088516497, 20.149539400693605 ], [ -99.508595597948698, 20.150393431157802 ], [ -99.501830848721298, 20.153286579777493 ], [ -99.505267148873486, 20.160464619844937 ], [ -99.496585568903726, 20.155424889659106 ], [ -99.493813249040741, 20.150018710520918 ], [ -99.49201165027209, 20.150211619738183 ], [ -99.494245740056002, 20.158479020834147 ], [ -99.488768778779786, 20.163685421334282 ], [ -99.485657399290616, 20.170185449731729 ] ] ] ] } },
{ "type": "Feature", "properties": { "CVEGEO": "13046", "CVE_ENT": "13", "CVE_MUN": "046", "NOMGEO": "San Felipe Orizatlán" }, "geometry": { "type": "MultiPolygon", "coordinates": [ [ [ [ -98.4855352798876, 21.398375679987605 ], [ -98.479828540126888, 21.396595429979563 ], [ -98.481091400044278, 21.388400820050162 ], [ -98.473335569862854, 21.391241539632016 ], [ -98.468697090137525, 21.38703262017787 ], [ -98.469884050121536, 21.383440430060002 ], [ -98.465463460198023, 21.373191909781838 ], [ -98.468419120025061, 21.370329829581745 ], [ -98.466145510410314, 21.365489479818152 ], [ -98.469667420102084, 21.362324510178571 ], [ -98.46995976964017, 21.357538909572348 ], [ -98.463605680363244, 21.350154340250821 ], [ -98.465620720028198, 21.347134369941312 ], [ -98.472033939807318, 21.346671380259156 ], [ -98.477878169939402, 21.343761219899239 ], [ -98.478268399659143, 21.347417620112068 ], [ -98.485177749991067, 21.350149859964649 ], [ -98.495617510158965, 21.34042021956402 ], [ -98.497356940312329, 21.337232719590027 ], [ -98.495566920444872, 21.329965770341925 ], [ -98.517169259888149, 21.304488170060448 ], [ -98.525811089879397, 21.287498860303263 ], [ -98.542394060354198, 21.269065140050706 ], [ -98.543886550182151, 21.265215829552307 ], [ -98.543981720263815, 21.263901230427287 ], [ -98.537860820154449, 21.26386609016615 ], [ -98.51654337044522, 21.244268950457837 ], [ -98.523740419727744, 21.243823339801303 ], [ -98.52565366024001, 21.237243650297025 ], [ -98.531339969757624, 21.233820490349789 ], [ -98.53465869047173, 21.233666490214457 ], [ -98.535673449809764, 21.235019140189387 ], [ -98.539520539662959, 21.232217259833636 ], [ -98.544727120397184, 21.224635150051597 ], [ -98.546879819602523, 21.214194520179255 ], [ -98.55133466039166, 21.211650800379154 ], [ -98.553343679960449, 21.208500249789314 ], [ -98.551745629947305, 21.204987490052066 ], [ -98.552132879902189, 21.201165629999561 ], [ -98.548884090381591, 21.202793420008938 ], [ -98.549080258816957, 21.205271219965027 ], [ -98.547276709625294, 21.20614093992943 ], [ -98.532849659800064, 21.207647849770993 ], [ -98.537212030061653, 21.201335309717624 ], [ -98.533502000224757, 21.196596489629091 ], [ -98.529971769951601, 21.198972289720693 ], [ -98.526716230439305, 21.197007080132902 ], [ -98.528922980416937, 21.195450550280921 ], [ -98.522668169706932, 21.188072320126057 ], [ -98.523151320226489, 21.183639580015054 ], [ -98.527396320417012, 21.185872549729901 ], [ -98.527721690047571, 21.183158599674901 ], [ -98.529371309828989, 21.182289739914118 ], [ -98.539524320190722, 21.182892690104978 ], [ -98.541187029537923, 21.176583200248114 ], [ -98.551553399645996, 21.169530910283051 ], [ -98.548195059634068, 21.165551119928363 ], [ -98.548554060375736, 21.163019620325816 ], [ -98.555060149938527, 21.159496170078725 ], [ -98.555952229844706, 21.157484279973769 ], [ -98.561076259537018, 21.156396579719619 ], [ -98.561648119977406, 21.153664680162375 ], [ -98.567136719994664, 21.150380110111797 ], [ -98.568851660296829, 21.145668740162282 ], [ -98.573237709561951, 21.141308920220059 ], [ -98.580954819916997, 21.137489050174807 ], [ -98.581574019610514, 21.125705339912933 ], [ -98.585081740056509, 21.120910109948468 ], [ -98.586848539542004, 21.121583910313991 ], [ -98.585599169965406, 21.123839680211322 ], [ -98.586999770393163, 21.125535919809533 ], [ -98.597656829941158, 21.123664980245326 ], [ -98.59574446010302, 21.127419519933746 ], [ -98.601811999632162, 21.12828194965881 ], [ -98.603681780351351, 21.13324682956587 ], [ -98.605044680371961, 21.130939819555284 ], [ -98.617466220255949, 21.125145049559283 ], [ -98.614595849575977, 21.121990630064108 ], [ -98.614645970263311, 21.101852430085657 ], [ -98.617060600194762, 21.093801050439975 ], [ -98.625203679626566, 21.094899049563217 ], [ -98.63486442990795, 21.10281209042688 ], [ -98.645255920147804, 21.106459140250799 ], [ -98.649387149923484, 21.113394910405454 ], [ -98.658055290210712, 21.120747649949369 ], [ -98.657211049788856, 21.124319569861697 ], [ -98.660373940341671, 21.135191800267883 ], [ -98.659978340301492, 21.142521259962727 ], [ -98.662098349801099, 21.142282970121379 ], [ -98.663627719739367, 21.144078850270201 ], [ -98.663475309973165, 21.150253490435183 ], [ -98.659154370068336, 21.156850020348102 ], [ -98.67135611016505, 21.158665550206884 ], [ -98.673210819633823, 21.160297619871798 ], [ -98.67293276995494, 21.163706230248906 ], [ -98.67861755017276, 21.167815619875846 ], [ -98.692024089969507, 21.167982031005266 ], [ -98.694599459962205, 21.178270089959064 ], [ -98.693107120441681, 21.179171029737692 ], [ -98.694753620092428, 21.181759120500118 ], [ -98.693991860111566, 21.183897850524566 ], [ -98.691470260031792, 21.184654881327692 ], [ -98.691699340328498, 21.188028489779438 ], [ -98.685152769729527, 21.19019714027645 ], [ -98.686598340073076, 21.194900851320686 ], [ -98.682336599592617, 21.200723739754391 ], [ -98.680389849874913, 21.198480230422827 ], [ -98.676917750261055, 21.199367660097742 ], [ -98.673064320083498, 21.194561349903537 ], [ -98.668931139815427, 21.194859709776733 ], [ -98.669350889631374, 21.193244949963184 ], [ -98.663782510165106, 21.184050580442815 ], [ -98.658297080274551, 21.182805920753296 ], [ -98.658524689644807, 21.186105220186153 ], [ -98.650521629686395, 21.180932661238206 ], [ -98.650625339527181, 21.183517949697123 ], [ -98.642421649798749, 21.182156550038613 ], [ -98.639151690205694, 21.18322986037423 ], [ -98.638614630402671, 21.184961430304593 ], [ -98.617976550106405, 21.194284879884218 ], [ -98.609120649938731, 21.200998970191794 ], [ -98.605226109731632, 21.215213350092611 ], [ -98.60654473993587, 21.216323689866041 ], [ -98.603592120449335, 21.218376340157441 ], [ -98.604680659976538, 21.220304719950871 ], [ -98.603899980104998, 21.225337370126638 ], [ -98.601053549794969, 21.232763370186859 ], [ -98.602335150147169, 21.242876480014331 ], [ -98.599448710081219, 21.24773106008816 ], [ -98.6042022902665, 21.249458229903372 ], [ -98.606853519565391, 21.248775680337118 ], [ -98.608924910381631, 21.252704000300007 ], [ -98.607674800085135, 21.256547740319398 ], [ -98.600021539596796, 21.261053659663268 ], [ -98.602448550469902, 21.262349599705573 ], [ -98.602273980424343, 21.265886490024883 ], [ -98.604995690084166, 21.268482170297879 ], [ -98.603053629830086, 21.270310750092118 ], [ -98.604182379592075, 21.272342349808731 ], [ -98.601099090447292, 21.274806139726469 ], [ -98.603939570387041, 21.276449350079687 ], [ -98.602580280363753, 21.279367860008655 ], [ -98.598726369573768, 21.279576279706045 ], [ -98.597478679808859, 21.282711120257041 ], [ -98.595744570276409, 21.282120829598572 ], [ -98.595481140387591, 21.284574880224259 ], [ -98.601648579980719, 21.286603080247581 ], [ -98.599131460201249, 21.292050420335485 ], [ -98.603912630125507, 21.297990849749002 ], [ -98.6046732600349, 21.301842030145558 ], [ -98.609492740156682, 21.299270550420264 ], [ -98.612531339574403, 21.299812690260307 ], [ -98.615753829631302, 21.304729110288445 ], [ -98.618920910416549, 21.304962520413174 ], [ -98.620182569941477, 21.307142290447928 ], [ -98.624946939865737, 21.30816404968424 ], [ -98.624465550017618, 21.309728849619567 ], [ -98.631959199661324, 21.313104319980702 ], [ -98.64886570976806, 21.312922200049197 ], [ -98.66027150978195, 21.320868200154496 ], [ -98.670908279958738, 21.324858780231541 ], [ -98.676950049637227, 21.336551249979042 ], [ -98.683582740208905, 21.341963939913221 ], [ -98.681083369821451, 21.346178489850683 ], [ -98.675091289751435, 21.349842940207502 ], [ -98.671827319896337, 21.348277859885776 ], [ -98.652750149818033, 21.346844180151106 ], [ -98.651903350335303, 21.352789109906929 ], [ -98.649600820390717, 21.352639619986324 ], [ -98.64968797037163, 21.354827490451605 ], [ -98.645159769904168, 21.358061689740047 ], [ -98.64634809016205, 21.358661690077319 ], [ -98.644046649595978, 21.366539459706246 ], [ -98.640374020278827, 21.365954480419521 ], [ -98.638337800142679, 21.367706060195907 ], [ -98.637778780066881, 21.364388059597609 ], [ -98.635132310176871, 21.363530569673767 ], [ -98.631526660080596, 21.365590170099019 ], [ -98.628576029804663, 21.364764399602809 ], [ -98.627155650370071, 21.35981473994649 ], [ -98.623496399515545, 21.364718450300646 ], [ -98.619157860142892, 21.36251585984142 ], [ -98.620347249776202, 21.361246550182781 ], [ -98.619013150207962, 21.358857030212516 ], [ -98.61423281967177, 21.361968879791554 ], [ -98.612005910278796, 21.359237950205085 ], [ -98.608028219979801, 21.359529379798555 ], [ -98.606980550315299, 21.358126419581804 ], [ -98.603522420338322, 21.359250060366438 ], [ -98.602441779551867, 21.357868650011937 ], [ -98.59989701961382, 21.3600599098008 ], [ -98.599236950245384, 21.358425369621422 ], [ -98.596935280436767, 21.359073519629845 ], [ -98.596090819955961, 21.364190890393374 ], [ -98.590970019908127, 21.366595939689052 ], [ -98.590051720095204, 21.37276172012238 ], [ -98.586122860196568, 21.371687490250608 ], [ -98.583486260125227, 21.372833690265821 ], [ -98.582892580299884, 21.370132170101559 ], [ -98.581262479909554, 21.36968655017052 ], [ -98.580750139697741, 21.374076909749306 ], [ -98.578974820368643, 21.373136540242292 ], [ -98.576011449809343, 21.374633689764586 ], [ -98.567715739538698, 21.370773540415662 ], [ -98.566453420401984, 21.373709149961016 ], [ -98.564269720478492, 21.372033220102612 ], [ -98.564152630255066, 21.374840540069677 ], [ -98.561540049635056, 21.377444969718535 ], [ -98.558883370408964, 21.377430139978962 ], [ -98.556986510443267, 21.379601309845146 ], [ -98.552027279911854, 21.379461119606713 ], [ -98.549566480107785, 21.384598430348529 ], [ -98.547032379725323, 21.383468780224259 ], [ -98.546147909667283, 21.380608229575699 ], [ -98.544582679840786, 21.38093994044554 ], [ -98.545005450177669, 21.384287119873658 ], [ -98.541300229516864, 21.383958000159222 ], [ -98.539083950104484, 21.383380479609013 ], [ -98.539293450163598, 21.379083520010223 ], [ -98.536032460251121, 21.380372940297857 ], [ -98.534526779977909, 21.379847909726049 ], [ -98.535255079639199, 21.378739649719378 ], [ -98.531971369981832, 21.378531969783989 ], [ -98.53105017041004, 21.377639140191608 ], [ -98.533854480350342, 21.376510650272628 ], [ -98.532544749620783, 21.375793380007124 ], [ -98.533607659777331, 21.374460520334573 ], [ -98.530873890256586, 21.372517710438224 ], [ -98.531452109946855, 21.371167000378648 ], [ -98.529800520053996, 21.371121690193078 ], [ -98.530206399540603, 21.369532170325812 ], [ -98.528217199799357, 21.369730060128674 ], [ -98.529578309538778, 21.367762260321076 ], [ -98.527424219813426, 21.367801859972548 ], [ -98.527549109839939, 21.366549319698628 ], [ -98.525181090455689, 21.366027379843104 ], [ -98.520520020176519, 21.368628580144808 ], [ -98.520414620419658, 21.364651450305757 ], [ -98.5174445097214, 21.361864710156333 ], [ -98.515384780166215, 21.361685649897492 ], [ -98.514846089927573, 21.365216199811798 ], [ -98.510949769915342, 21.362645570360229 ], [ -98.506856030482126, 21.366103449824223 ], [ -98.507379049782159, 21.369970979892987 ], [ -98.50907002021647, 21.370650750332178 ], [ -98.511591579745584, 21.368974260043803 ], [ -98.515751850144881, 21.372289649899578 ], [ -98.513130740182319, 21.374452850164925 ], [ -98.512931350156151, 21.377067890334651 ], [ -98.508682619973598, 21.378392919571748 ], [ -98.504954259532838, 21.381996999879533 ], [ -98.507081650492324, 21.386161029674842 ], [ -98.504043399631556, 21.389497779687197 ], [ -98.50120770953157, 21.385456510262497 ], [ -98.494602540440127, 21.387170249815213 ], [ -98.491298279622171, 21.391987429974602 ], [ -98.488879310077252, 21.391127520010507 ], [ -98.486927619894075, 21.392386179879665 ], [ -98.487447889863574, 21.397546920227299 ], [ -98.4855352798876, 21.398375679987605 ] ] ] ] } },
{ "type": "Feature", "properties": { "CVEGEO": "13065", "CVE_ENT": "13", "CVE_MUN": "065", "NOMGEO": "Tetepango" }, "geometry": { "type": "MultiPolygon", "coordinates": [ [ [ [ -99.185395556207467, 20.155145291577458 ], [ -99.17981937026606, 20.150800750119 ], [ -99.103982199006367, 20.141363750576652 ], [ -99.104159449241848, 20.139140570837352 ], [ -99.125697429006166, 20.123573490554342 ], [ -99.125128549180658, 20.118567250593358 ], [ -99.134006709939598, 20.09426028019762 ], [ -99.136247218782358, 20.080563660867529 ], [ -99.140235198961349, 20.070490480877393 ], [ -99.13622451937195, 20.065217420782172 ], [ -99.148141049216747, 20.063418650830336 ], [ -99.152875978709247, 20.065020850829505 ], [ -99.15476470898615, 20.069806571075308 ], [ -99.163380848850167, 20.075432081326582 ], [ -99.17308246021706, 20.087964320396523 ], [ -99.1696376200412, 20.095501219609115 ], [ -99.175162679909747, 20.09524262038347 ], [ -99.18173989014528, 20.09810061956 ], [ -99.190059569899518, 20.106951550223581 ], [ -99.190502829924171, 20.108426120064461 ], [ -99.178740279869999, 20.113478080377352 ], [ -99.170626340275888, 20.119846629748295 ], [ -99.166659979964024, 20.126423710352451 ], [ -99.166056350101201, 20.13129339962601 ], [ -99.170294449373799, 20.133696630997484 ], [ -99.172963580048219, 20.133235340626186 ], [ -99.184052569740885, 20.141007800499349 ], [ -99.185344229223702, 20.143851261240489 ], [ -99.193136548812916, 20.147633781031498 ], [ -99.188961090151508, 20.151464511034948 ], [ -99.191223879594261, 20.15192970989348 ], [ -99.18960687972924, 20.155221740227653 ], [ -99.185395556207467, 20.155145291577458 ] ] ] ] } },
{ "type": "Feature", "properties": { "CVEGEO": "13061", "CVE_ENT": "13", "CVE_MUN": "061", "NOMGEO": "Tepeapulco" }, "geometry": { "type": "MultiPolygon", "coordinates": [ [ [ [ -98.411526479815009, 19.920236571065345 ], [ -98.407182459537864, 19.91711109109259 ], [ -98.407445429752272, 19.914659050735658 ], [ -98.386164029704872, 19.912536481305654 ], [ -98.379880289321704, 19.898396019903512 ], [ -98.379743768927426, 19.883721710660001 ], [ -98.385194910022662, 19.849588770369149 ], [ -98.387053180312662, 19.848489820175306 ], [ -98.386998540370897, 19.84099388981323 ], [ -98.385021149523538, 19.837585679943498 ], [ -98.399006219712106, 19.823191169612137 ], [ -98.401511939795341, 19.826042739655929 ], [ -98.421056679825, 19.811684120084816 ], [ -98.428016170246295, 19.808999690387004 ], [ -98.4264618799413, 19.807253859746062 ], [ -98.454052059864921, 19.799684689676134 ], [ -98.456915740427618, 19.797423420336965 ], [ -98.458569350209245, 19.792613629864533 ], [ -98.460758510132365, 19.794486220054278 ], [ -98.464493690440463, 19.791599939762666 ], [ -98.466729289842277, 19.786715310448706 ], [ -98.474793619878881, 19.785455290330514 ], [ -98.488752459617373, 19.776193600004074 ], [ -98.49186784969281, 19.771497000252861 ], [ -98.494786690402591, 19.771087310041104 ], [ -98.495418909983016, 19.765523799730726 ], [ -98.50035488006661, 19.761860379778838 ], [ -98.502914580169772, 19.764007820250239 ], [ -98.503801720302576, 19.761111879884403 ], [ -98.514155460047974, 19.758699229708416 ], [ -98.516215279885031, 19.760255019922834 ], [ -98.519006970261458, 19.758001179713101 ], [ -98.527841200247366, 19.756766970154317 ], [ -98.53453557962122, 19.752048109980198 ], [ -98.539338709907227, 19.746518709730797 ], [ -98.535745820028907, 19.737946860203586 ], [ -98.536550320140009, 19.729590749980289 ], [ -98.533914949709228, 19.719085570091824 ], [ -98.535107479874441, 19.713481690099005 ], [ -98.552513520079273, 19.720880089991784 ], [ -98.556204549644349, 19.710406630368244 ], [ -98.553948400034926, 19.70936221993102 ], [ -98.55263267981212, 19.705916150436931 ], [ -98.553723880033999, 19.704882830181241 ], [ -98.551577370054034, 19.70215376990641 ], [ -98.554855850187309, 19.695197949915123 ], [ -98.560582089981708, 19.692384799867419 ], [ -98.562861310095542, 19.697498739720547 ], [ -98.562374340162989, 19.70107665967754 ], [ -98.565157450365859, 19.703374799774458 ], [ -98.564651660399676, 19.706035049735679 ], [ -98.567611380257901, 19.706957490325884 ], [ -98.568499220288345, 19.705737309635765 ], [ -98.567224950429761, 19.715064420292137 ], [ -98.569851569984607, 19.716931739995953 ], [ -98.569267279521455, 19.721033570178879 ], [ -98.570667199600933, 19.721659649619738 ], [ -98.587299059606934, 19.728139059616257 ], [ -98.584229400418451, 19.722106820324942 ], [ -98.602149340258492, 19.715733000152085 ], [ -98.60810170985232, 19.725075029964056 ], [ -98.604561429531358, 19.732939309756624 ], [ -98.603213060240861, 19.732646880110533 ], [ -98.601902289857847, 19.756731049922909 ], [ -98.588817030053519, 19.779446380235022 ], [ -98.587674550369798, 19.784465259701367 ], [ -98.584515520142887, 19.778286679943385 ], [ -98.578549249699435, 19.788489429666981 ], [ -98.579571749991629, 19.798262489999868 ], [ -98.588338769565382, 19.823112799565951 ], [ -98.575473830230393, 19.823258419912776 ], [ -98.572427949671223, 19.827786029979265 ], [ -98.570510019905782, 19.826850259934773 ], [ -98.569983090398225, 19.829086110345425 ], [ -98.560961079621705, 19.835440780228566 ], [ -98.559033220163869, 19.837852229638369 ], [ -98.56131583029746, 19.843098749577599 ], [ -98.559528459870833, 19.848599710176511 ], [ -98.561334650436663, 19.849754630093017 ], [ -98.556746050108714, 19.853911800110435 ], [ -98.546042140007245, 19.852023690368533 ], [ -98.543420490226382, 19.853304510437265 ], [ -98.528942260308654, 19.846183139843568 ], [ -98.525409970057297, 19.845329290168564 ], [ -98.524425050180355, 19.846738970396032 ], [ -98.515048370051446, 19.844323939763704 ], [ -98.50039234990912, 19.868569430418933 ], [ -98.486252290181852, 19.874743771068157 ], [ -98.482635430189347, 19.871871571152489 ], [ -98.469649660311262, 19.873034490910381 ], [ -98.465296350445669, 19.871088321034854 ], [ -98.461373429958812, 19.872354660602166 ], [ -98.461014850290951, 19.869031200935083 ], [ -98.456038549617631, 19.869577261072163 ], [ -98.453052659698329, 19.875139030717634 ], [ -98.454950060299794, 19.880643320778322 ], [ -98.458006169928737, 19.884095200559749 ], [ -98.458491740171354, 19.888335860672498 ], [ -98.457254399939742, 19.889043580606771 ], [ -98.454488720321024, 19.886902541100294 ], [ -98.449413419915729, 19.888273890605404 ], [ -98.446720849909809, 19.881616541229199 ], [ -98.439676200278896, 19.877513920828232 ], [ -98.43761096971626, 19.880335510869561 ], [ -98.43796863020809, 19.887098110665555 ], [ -98.430321690390741, 19.892385000662749 ], [ -98.432043170146244, 19.894625231036024 ], [ -98.437046739654377, 19.895573691328696 ], [ -98.439691860313204, 19.902290111039395 ], [ -98.43734849016235, 19.902509850981886 ], [ -98.433866169799401, 19.906968651322448 ], [ -98.429335939885391, 19.90504902046408 ], [ -98.427448170052401, 19.905952251262111 ], [ -98.422160889947833, 19.916313350815525 ], [ -98.411526479815009, 19.920236571065345 ] ] ] ] } },
{ "type": "Feature", "properties": { "CVEGEO": "13047", "CVE_ENT": "13", "CVE_MUN": "047", "NOMGEO": "Pacula" }, "geometry": { "type": "MultiPolygon", "coordinates": [ [ [ [ -99.307988419607241, 21.147167339752578 ], [ -99.302664370067333, 21.139420720105917 ], [ -99.295838829736951, 21.141764570398571 ], [ -99.288469200148896, 21.135792250145375 ], [ -99.286871599687942, 21.130977080354704 ], [ -99.283247459908836, 21.131802950446826 ], [ -99.283876170311842, 21.125435749866757 ], [ -99.282285769630747, 21.122064909801011 ], [ -99.277833029797662, 21.120265459787124 ], [ -99.27574002023951, 21.123436170339797 ], [ -99.271896079615502, 21.121293910357053 ], [ -99.270311580085391, 21.119035079938634 ], [ -99.272188399993723, 21.114830890044072 ], [ -99.270810219703236, 21.112715370235072 ], [ -99.263612650090835, 21.110341000262693 ], [ -99.25700249039501, 21.104780449799168 ], [ -99.248149049638229, 21.101349980390147 ], [ -99.243558799565264, 21.103850920346485 ], [ -99.240325620207756, 21.099428049610314 ], [ -99.24834663019351, 21.09273213968736 ], [ -99.246522980360908, 21.081934280177094 ], [ -99.249702049728867, 21.071465579836481 ], [ -99.256839650408693, 21.066297369794558 ], [ -99.259552940464459, 21.066421370318295 ], [ -99.266116570320079, 21.060373690115053 ], [ -99.265512770260116, 21.046442820175574 ], [ -99.254414830306615, 21.040511739846977 ], [ -99.248834140239978, 21.040161940075606 ], [ -99.242587399772646, 21.035550149832059 ], [ -99.241021149660327, 21.036295089840891 ], [ -99.238801520265369, 21.031412680116528 ], [ -99.232311490119884, 21.03695206030789 ], [ -99.222576630393533, 21.032258170041686 ], [ -99.226994059925119, 21.022580660050281 ], [ -99.232091379655174, 21.022718940025403 ], [ -99.230615430027868, 21.017670340248682 ], [ -99.231396969985838, 21.013977970234098 ], [ -99.236107489688592, 21.008367029595604 ], [ -99.235872509570697, 21.003862309758993 ], [ -99.238965260018432, 20.999196550393439 ], [ -99.249576400300171, 20.994584800124482 ], [ -99.252178199745103, 20.991092059662783 ], [ -99.258108170215209, 20.988255709591026 ], [ -99.253910779810383, 20.986554510257005 ], [ -99.255350830110373, 20.983251949559968 ], [ -99.253625660269449, 20.981062049613467 ], [ -99.250239549760565, 20.981018679644794 ], [ -99.249915540357406, 20.978180140232926 ], [ -99.245272060121067, 20.980912999602083 ], [ -99.243514800305888, 20.978383400380071 ], [ -99.244699480067979, 20.977607550416149 ], [ -99.244026249857882, 20.975809119660031 ], [ -99.247050230358298, 20.97520802956733 ], [ -99.246751030123534, 20.96856888005717 ], [ -99.244350229765004, 20.965908889594093 ], [ -99.240116749923388, 20.965466579692293 ], [ -99.23318593997314, 20.961652510142425 ], [ -99.230516979954416, 20.956190510362283 ], [ -99.230484349659733, 20.950308859610033 ], [ -99.223376848598861, 20.942736849554088 ], [ -99.23055113932331, 20.936256779682708 ], [ -99.231830349049517, 20.932316620407402 ], [ -99.236075718604141, 20.929821309852461 ], [ -99.233383018954399, 20.925499049793569 ], [ -99.238686078899704, 20.916742490108629 ], [ -99.244493179500452, 20.91191844954983 ], [ -99.250565168649445, 20.915563400016445 ], [ -99.253624049306097, 20.920496369938345 ], [ -99.266813018597034, 20.927236710217336 ], [ -99.267759109135653, 20.9253087701269 ], [ -99.264652539281656, 20.919905739708849 ], [ -99.262989028659902, 20.909789370256 ], [ -99.255083449119056, 20.899473819770609 ], [ -99.268752249279615, 20.893841849830167 ], [ -99.283532249106656, 20.884837820077898 ], [ -99.290924448975829, 20.889390289595141 ], [ -99.293017148966285, 20.887440170002954 ], [ -99.29299562868151, 20.885001549672399 ], [ -99.296125719103884, 20.884854709734075 ], [ -99.295880599362292, 20.882249050002681 ], [ -99.300673379012906, 20.881043479849154 ], [ -99.300700109514239, 20.878261779758652 ], [ -99.302991118649473, 20.876991680244203 ], [ -99.305759428754854, 20.870687249856616 ], [ -99.305453889346907, 20.867530480178164 ], [ -99.306927178849406, 20.866497289845082 ], [ -99.305914628768818, 20.865210220284979 ], [ -99.311738049021969, 20.858525689772016 ], [ -99.316728579030624, 20.861008850049824 ], [ -99.322093448771213, 20.869558829965172 ], [ -99.32598630900246, 20.86948523002723 ], [ -99.327320818707122, 20.866614050018942 ], [ -99.334663738837307, 20.863524770248784 ], [ -99.33447976949553, 20.867986020318998 ], [ -99.336562119056168, 20.871018680345021 ], [ -99.334753419367246, 20.872263349649206 ], [ -99.334293919036242, 20.876655779914007 ], [ -99.337893119019142, 20.880564940381948 ], [ -99.333756978728616, 20.884984369555482 ], [ -99.333848889116652, 20.889773230243584 ], [ -99.338013459083584, 20.892244619594464 ], [ -99.340153029472077, 20.891792970228689 ], [ -99.341846049277009, 20.89442219969915 ], [ -99.344492828936552, 20.894091319705151 ], [ -99.349118829428605, 20.897439619741483 ], [ -99.353692859039938, 20.897328739569378 ], [ -99.357766719232544, 20.895881309917367 ], [ -99.356718819492073, 20.895042489902583 ], [ -99.363023368734076, 20.893757770295416 ], [ -99.362887659165438, 20.890693109733892 ], [ -99.359930259129314, 20.888564850326119 ], [ -99.360469348974206, 20.885955660365358 ], [ -99.365195429093305, 20.886331570098999 ], [ -99.370597029352027, 20.881164399803044 ], [ -99.372505908963831, 20.881180089716999 ], [ -99.372484919192487, 20.882852999764548 ], [ -99.378296319245081, 20.886973599755706 ], [ -99.377704829280262, 20.888498780501401 ], [ -99.382403318557024, 20.889977480086824 ], [ -99.391568248808028, 20.911739919641629 ], [ -99.394263419138042, 20.910209979899367 ], [ -99.396226659240483, 20.912711290432767 ], [ -99.396235289121648, 20.916544180155984 ], [ -99.403818078622891, 20.918645370033516 ], [ -99.400115178662887, 20.925132980013785 ], [ -99.404357050273248, 20.929149879817743 ], [ -99.40239294014431, 20.931129951082983 ], [ -99.402519428658934, 20.934530140484679 ], [ -99.403955919690858, 20.935853709603329 ], [ -99.406331739848113, 20.933980570242515 ], [ -99.407606079931071, 20.935580170580465 ], [ -99.406554479283784, 20.937819940760505 ], [ -99.397697880428737, 20.943140771223405 ], [ -99.390626020138157, 20.952274320443479 ], [ -99.392747818800245, 20.958273350618342 ], [ -99.391245659645563, 20.963512539899853 ], [ -99.388278850044912, 20.966198370157791 ], [ -99.394741109317991, 20.973076739873552 ], [ -99.39632911862013, 20.981086880326224 ], [ -99.393435199491023, 20.982702480757219 ], [ -99.39126436884186, 20.986676631037223 ], [ -99.393655998581025, 20.990355340552767 ], [ -99.391889740381743, 20.997474489592861 ], [ -99.389652348706548, 21.000376980538782 ], [ -99.389954519642032, 21.004138380411419 ], [ -99.384049169769582, 21.007415601189464 ], [ -99.383242369255228, 21.012231770216285 ], [ -99.385036779230106, 21.017457139916399 ], [ -99.377321719075539, 21.020976490140868 ], [ -99.375161879548372, 21.024329480296419 ], [ -99.368562028697113, 21.0245188811041 ], [ -99.366467349079954, 21.033825231034317 ], [ -99.367502650271334, 21.037489249844594 ], [ -99.363245909599001, 21.041728890903443 ], [ -99.364750200124448, 21.043779719616726 ], [ -99.364166459103316, 21.049155910315065 ], [ -99.367889479363797, 21.049537181251548 ], [ -99.371912289748764, 21.05584425962644 ], [ -99.377079020319286, 21.056615050789997 ], [ -99.376707708990622, 21.059380380518412 ], [ -99.373584309162439, 21.062143200219598 ], [ -99.369373819033143, 21.060844021306224 ], [ -99.368226318665506, 21.061830019737929 ], [ -99.366281939158256, 21.066154941179292 ], [ -99.367437459134138, 21.06947969021148 ], [ -99.372321689743217, 21.073283310680257 ], [ -99.375814829803673, 21.07336791076446 ], [ -99.384188549259747, 21.067855340531878 ], [ -99.387673200115472, 21.067827230399434 ], [ -99.389594519098253, 21.071834579538056 ], [ -99.388026169825935, 21.076455319964705 ], [ -99.388818288696285, 21.079267290743285 ], [ -99.394333749854638, 21.079377919962383 ], [ -99.394494028637979, 21.085250461167902 ], [ -99.398670178606835, 21.089007509621016 ], [ -99.399536848769728, 21.095248249892801 ], [ -99.397044020018612, 21.09835798026069 ], [ -99.397508909420566, 21.101801120298173 ], [ -99.391492339931759, 21.100996920613539 ], [ -99.388472780185097, 21.104114819952805 ], [ -99.382139830206583, 21.101305909807472 ], [ -99.379311830281083, 21.101774119973644 ], [ -99.376916570381866, 21.09822089008529 ], [ -99.371844220085933, 21.101759880031054 ], [ -99.366762769777566, 21.101947970162435 ], [ -99.360994149674355, 21.104784260173776 ], [ -99.35876282970527, 21.099659259939262 ], [ -99.353259859952516, 21.102917649765281 ], [ -99.34635966044506, 21.100876660378159 ], [ -99.343975019611804, 21.107269599767605 ], [ -99.341157249595454, 21.110111019569764 ], [ -99.343869379586522, 21.114549260231069 ], [ -99.34182842962575, 21.123659679691666 ], [ -99.337608780142816, 21.126109349858876 ], [ -99.335884020400826, 21.130260319687839 ], [ -99.331087920159987, 21.130145260161584 ], [ -99.32538691988205, 21.134035249964775 ], [ -99.323293660113933, 21.139579279579813 ], [ -99.312914620367764, 21.146182679896086 ], [ -99.307988419607241, 21.147167339752578 ] ] ] ] } },
{ "type": "Feature", "properties": { "CVEGEO": "13078", "CVE_ENT": "13", "CVE_MUN": "078", "NOMGEO": "Xochiatipan" }, "geometry": { "type": "MultiPolygon", "coordinates": [ [ [ [ -98.302350569098948, 20.947946250176635 ], [ -98.302196369469215, 20.9445890204235 ], [ -98.29766119916286, 20.944939230251489 ], [ -98.295359419200807, 20.942025540397548 ], [ -98.294942749249145, 20.93758181986399 ], [ -98.292704579055567, 20.9345316603765 ], [ -98.288793549413157, 20.935308480070834 ], [ -98.281845478633088, 20.93370624994796 ], [ -98.2755324492271, 20.930103829613106 ], [ -98.271789718952064, 20.933923080008856 ], [ -98.266263819199679, 20.935646859910253 ], [ -98.254305399424325, 20.934894949958274 ], [ -98.251928089017483, 20.92999078019389 ], [ -98.247649028693075, 20.926468919537051 ], [ -98.237296829892003, 20.930965310312057 ], [ -98.239354648823749, 20.923026419968114 ], [ -98.234263938903439, 20.915829909893876 ], [ -98.229344018769055, 20.914491769731836 ], [ -98.224009818967687, 20.918974819825451 ], [ -98.222436858664452, 20.916903340253146 ], [ -98.222660118639581, 20.913358579597229 ], [ -98.229017648764653, 20.908190350187393 ], [ -98.224869369672732, 20.906621549879564 ], [ -98.226818448778559, 20.905685770272768 ], [ -98.226262088787323, 20.904093719619784 ], [ -98.22869848925248, 20.904428459999647 ], [ -98.228972059267221, 20.902478880133209 ], [ -98.232361248767333, 20.900116979566047 ], [ -98.248668149035353, 20.898961619990985 ], [ -98.250966308710531, 20.897304690118979 ], [ -98.258986739519941, 20.874919749847731 ], [ -98.265503048710357, 20.866536230001142 ], [ -98.256222288797318, 20.858969279651809 ], [ -98.258805338989788, 20.855068050126793 ], [ -98.254642978648519, 20.848952200331961 ], [ -98.262322879372221, 20.846892539890504 ], [ -98.260611618660761, 20.839826140374441 ], [ -98.258205769213816, 20.839717459867085 ], [ -98.259524109068977, 20.837560919601099 ], [ -98.258913938946009, 20.833971020209873 ], [ -98.252112369024672, 20.82781513976575 ], [ -98.253765049255733, 20.821491720078303 ], [ -98.251961889097572, 20.819914379814051 ], [ -98.249494228993498, 20.822297750283084 ], [ -98.247937829037966, 20.819698819675128 ], [ -98.239325349431141, 20.817581630006266 ], [ -98.224705059102604, 20.818235230113078 ], [ -98.232660818937234, 20.804438459883649 ], [ -98.233652619286218, 20.79755557012151 ], [ -98.236269918906615, 20.796756879711893 ], [ -98.237448509353456, 20.798452079892755 ], [ -98.244945369070393, 20.800905620356794 ], [ -98.244886849343146, 20.802221600184417 ], [ -98.248918599081861, 20.796377710313152 ], [ -98.24555167947959, 20.793315109970692 ], [ -98.24774964945297, 20.789437000347849 ], [ -98.254041548933372, 20.794102889632843 ], [ -98.257013679270372, 20.792827909899625 ], [ -98.261595169502456, 20.785969230340161 ], [ -98.275565888998685, 20.786018219803772 ], [ -98.279541458967174, 20.782698290208042 ], [ -98.284395798814842, 20.786664569740818 ], [ -98.292022938740757, 20.785506749734441 ], [ -98.298810058993325, 20.777839849664407 ], [ -98.304478708898969, 20.782733460315587 ], [ -98.297770778754114, 20.795746580102975 ], [ -98.298446429428878, 20.80142926024698 ], [ -98.302876909258202, 20.795900769734377 ], [ -98.307830348965553, 20.801916109907793 ], [ -98.312092579055616, 20.797727570126291 ], [ -98.315315979077042, 20.788746829962729 ], [ -98.325245908872148, 20.783823370403756 ], [ -98.328522319314999, 20.784096819826164 ], [ -98.328119379321834, 20.786543050168049 ], [ -98.335267819465813, 20.789852680255734 ], [ -98.338450368564253, 20.793057019911412 ], [ -98.339428019100595, 20.796685649745783 ], [ -98.34466525856746, 20.797485339643167 ], [ -98.31483784880804, 20.809815479866739 ], [ -98.316536049134385, 20.817770479795836 ], [ -98.328646478633104, 20.820501349753826 ], [ -98.327196079032632, 20.829438229718043 ], [ -98.339667368861981, 20.832742579538674 ], [ -98.345429199218827, 20.831843150192196 ], [ -98.347063799166065, 20.834495630056239 ], [ -98.351414968553286, 20.834822400369838 ], [ -98.352916258658112, 20.837174539831199 ], [ -98.349751279200049, 20.842981049584864 ], [ -98.351788029235792, 20.848796429949356 ], [ -98.348014518588272, 20.854088079954391 ], [ -98.347786278871681, 20.858867849642564 ], [ -98.344517748694599, 20.862235509657502 ], [ -98.344908768846182, 20.86756762004029 ], [ -98.342593689367561, 20.871267229940496 ], [ -98.338571888672618, 20.871080169680372 ], [ -98.329776549190896, 20.874263909920987 ], [ -98.32172125920367, 20.88774122983909 ], [ -98.320211568569391, 20.886708830036103 ], [ -98.3132384887017, 20.888393830268058 ], [ -98.307695338606678, 20.894156139994827 ], [ -98.305643318733814, 20.901900219865094 ], [ -98.306585779199708, 20.903202580067205 ], [ -98.303784679076273, 20.907684649897639 ], [ -98.29527414858488, 20.909174480004097 ], [ -98.293520689279546, 20.918725620158543 ], [ -98.295523349457525, 20.915712569875339 ], [ -98.29912673931041, 20.914720939919199 ], [ -98.304342308755068, 20.914844310266897 ], [ -98.309422259067617, 20.917302170037168 ], [ -98.308723619333378, 20.923408690152304 ], [ -98.311682548637052, 20.925836539560162 ], [ -98.314523919377734, 20.934886800306458 ], [ -98.311295548742677, 20.940051139572518 ], [ -98.31193133893315, 20.946950000362904 ], [ -98.309013828715635, 20.947293599539659 ], [ -98.308216148662964, 20.9453834000123 ], [ -98.302350569098948, 20.947946250176635 ] ] ] ] } },
{ "type": "Feature", "properties": { "CVEGEO": "13063", "CVE_ENT": "13", "CVE_MUN": "063", "NOMGEO": "Tepeji del Río de Ocampo" }, "geometry": { "type": "MultiPolygon", "coordinates": [ [ [ [ -99.430462309394699, 20.016260631003526 ], [ -99.417771450410157, 20.013388651206537 ], [ -99.41679474859167, 20.0117567807239 ], [ -99.415085569988278, 20.012988461050696 ], [ -99.41356042995082, 20.007530651190624 ], [ -99.402213968985834, 20.003920021313888 ], [ -99.393482748755176, 20.003491981148979 ], [ -99.386890059420182, 20.005281800764486 ], [ -99.390190799901987, 20.008945860668607 ], [ -99.388783060199628, 20.010670660519974 ], [ -99.381737540099465, 20.004968051283907 ], [ -99.369288229739752, 20.002203021281314 ], [ -99.367125578682248, 20.000043540300975 ], [ -99.362575878954303, 19.999177660712945 ], [ -99.363160484888425, 19.996218860060555 ], [ -99.353564379277401, 19.992988571060167 ], [ -99.359203569175179, 19.987733550685494 ], [ -99.362167139059295, 19.989538371193369 ], [ -99.362842148614973, 19.987052340625645 ], [ -99.364817748676828, 19.986185320587577 ], [ -99.365942628833949, 19.987660650835977 ], [ -99.367671748673189, 19.985542950781891 ], [ -99.365212580006101, 19.976441621224325 ], [ -99.363488950407714, 19.976189090499506 ], [ -99.362999628669769, 19.971242580448425 ], [ -99.361683799591134, 19.971792200755182 ], [ -99.359055319525453, 19.966250020399922 ], [ -99.353530000046462, 19.961419090360167 ], [ -99.352572450405901, 19.952724600288303 ], [ -99.34241242929788, 19.944332980865259 ], [ -99.336789489106778, 19.944504170615929 ], [ -99.336612918677702, 19.943340400417782 ], [ -99.323325028627153, 19.946283119829385 ], [ -99.337745690285999, 19.953270310721198 ], [ -99.339439508827169, 19.958516451084954 ], [ -99.332265030409872, 19.959676919767332 ], [ -99.327546090052408, 19.965798370637991 ], [ -99.317345508923751, 19.969470370951939 ], [ -99.318528019903312, 19.962679430994875 ], [ -99.320083798988662, 19.963653260645803 ], [ -99.322402650312199, 19.961899121027077 ], [ -99.318670318587124, 19.959026120616727 ], [ -99.319082778841008, 19.956993661205743 ], [ -99.31716092028897, 19.957051060760001 ], [ -99.306110058849399, 19.937662420873274 ], [ -99.306871109789697, 19.933004349560591 ], [ -99.304419939411346, 19.930080200832226 ], [ -99.297279520281336, 19.933926340181099 ], [ -99.292734318827058, 19.934455600722895 ], [ -99.300052428904507, 19.938810459728479 ], [ -99.288376540092742, 19.941071079880967 ], [ -99.290162879832224, 19.945840550650058 ], [ -99.287838280363815, 19.947716920447416 ], [ -99.29036235013524, 19.952746540146439 ], [ -99.284551619940302, 19.953316399821105 ], [ -99.282662459499051, 19.955104200049998 ], [ -99.281245768608571, 19.952448800386829 ], [ -99.272264569800811, 19.960577490490582 ], [ -99.269912769054855, 19.964983180732261 ], [ -99.259278939914878, 19.960698450920546 ], [ -99.254904460445871, 19.956614910256874 ], [ -99.255339549348079, 19.954138081254509 ], [ -99.251066949782313, 19.94582658041508 ], [ -99.252409169390702, 19.936931600705204 ], [ -99.251236428914126, 19.932677289820159 ], [ -99.256927579507774, 19.931046881302677 ], [ -99.260448659745862, 19.921200260445531 ], [ -99.264346339228112, 19.922393800661258 ], [ -99.27214725876533, 19.921662950519931 ], [ -99.274160379687928, 19.91884392119314 ], [ -99.272868798974159, 19.916341120967243 ], [ -99.270785489275156, 19.916279170687222 ], [ -99.272234799114116, 19.912458770569437 ], [ -99.267719288874389, 19.906936800959294 ], [ -99.269260060461093, 19.904688110563669 ], [ -99.26708786004599, 19.90503145102446 ], [ -99.267009740125133, 19.903559349859155 ], [ -99.264083350220318, 19.902712490961878 ], [ -99.263144649633247, 19.89788515006326 ], [ -99.260416709684776, 19.896748849695218 ], [ -99.257961600257119, 19.891171830242602 ], [ -99.252707938587761, 19.888215830318718 ], [ -99.250785849762423, 19.893064920466365 ], [ -99.246744089568224, 19.895565800548809 ], [ -99.239568319571504, 19.888018949640276 ], [ -99.235947540221005, 19.873494200260655 ], [ -99.236372399240153, 19.875083140753592 ], [ -99.241430338660535, 19.875262110645796 ], [ -99.245669308623874, 19.86952909086752 ], [ -99.247960818784392, 19.859785450895831 ], [ -99.270091629876688, 19.859172980770829 ], [ -99.2753834189039, 19.852901200694273 ], [ -99.278718920263827, 19.840409401260846 ], [ -99.281614029819579, 19.842609080502605 ], [ -99.285118368764785, 19.840624399770736 ], [ -99.286321419345754, 19.837158289864202 ], [ -99.296943779525435, 19.835222249816781 ], [ -99.301145649140622, 19.82915265958145 ], [ -99.300873948610985, 19.827286339955347 ], [ -99.303130218581728, 19.82666098094564 ], [ -99.306245799832055, 19.822742551214088 ], [ -99.305902679675242, 19.820594320850297 ], [ -99.308557290334392, 19.819299660024669 ], [ -99.308563548702182, 19.817423949573971 ], [ -99.311922949559872, 19.814162490982998 ], [ -99.308609339761901, 19.814460709666569 ], [ -99.308150340232956, 19.812735001098119 ], [ -99.307718740348619, 19.814544451213504 ], [ -99.306905180144454, 19.812976120522013 ], [ -99.311365579433073, 19.809057490767195 ], [ -99.312674249924413, 19.805228171347999 ], [ -99.30660051972383, 19.79769370980701 ], [ -99.321648380113345, 19.795749379699672 ], [ -99.323881310405, 19.792888251066373 ], [ -99.325581739457519, 19.793095490563818 ], [ -99.330793818576041, 19.796681031063518 ], [ -99.335510250255467, 19.797673740954242 ], [ -99.335893620432685, 19.801264939580385 ], [ -99.338653910232708, 19.80202825016891 ], [ -99.340309378774137, 19.794316250146309 ], [ -99.342448998880201, 19.795992680845465 ], [ -99.342608019312124, 19.794101981175725 ], [ -99.342857849286574, 19.796116370995176 ], [ -99.345011028863297, 19.795511310778913 ], [ -99.345735149628467, 19.793128251038052 ], [ -99.344285260378584, 19.791444230621039 ], [ -99.346100549924486, 19.787623979781053 ], [ -99.343809290176651, 19.787166310572687 ], [ -99.345998820275696, 19.784682921164187 ], [ -99.342669849044881, 19.782373880158225 ], [ -99.344032678816035, 19.781989549974895 ], [ -99.343480309778343, 19.780502140153029 ], [ -99.351530569540515, 19.775801480626733 ], [ -99.357790950366848, 19.781568260067996 ], [ -99.367441650068614, 19.780092920842883 ], [ -99.370610219744535, 19.78184455071781 ], [ -99.373918139408701, 19.77592489092093 ], [ -99.376884309075564, 19.775507970441328 ], [ -99.382445179724357, 19.771204060801264 ], [ -99.384298889875765, 19.775902150759109 ], [ -99.38577037880674, 19.777070250098813 ], [ -99.386769398770056, 19.775894830712001 ], [ -99.387883579537203, 19.777913179898125 ], [ -99.384425369264719, 19.779118311277408 ], [ -99.385916569841086, 19.779687261054143 ], [ -99.382968109351353, 19.780777659961927 ], [ -99.3811718604519, 19.784054401173591 ], [ -99.387168169135506, 19.78295893971308 ], [ -99.3893607401764, 19.783477600967313 ], [ -99.388779519782659, 19.785366260037719 ], [ -99.390331018840783, 19.785733546651162 ], [ -99.38811992035761, 19.791722601156042 ], [ -99.377540429035662, 19.796453400861555 ], [ -99.382745148892639, 19.799235649925564 ], [ -99.384218629946659, 19.80323129022117 ], [ -99.386442429795807, 19.804442630644264 ], [ -99.386722110060731, 19.813032020535289 ], [ -99.384736750282499, 19.818558220589924 ], [ -99.383121259156752, 19.818696351240582 ], [ -99.382988579472539, 19.82090232094512 ], [ -99.381527749399595, 19.820287690404239 ], [ -99.381373939320355, 19.831386430888973 ], [ -99.378712709437025, 19.835249313504015 ], [ -99.374391549128674, 19.837914381134961 ], [ -99.374293309830591, 19.84198468003834 ], [ -99.376970857808018, 19.84495316354851 ], [ -99.374446279654023, 19.846688550046309 ], [ -99.373249908870704, 19.851541850840221 ], [ -99.380247949786238, 19.85589295087189 ], [ -99.38832302884579, 19.857405451116822 ], [ -99.391751750095992, 19.859917540503702 ], [ -99.414991769118828, 19.850526630618656 ], [ -99.420987569027616, 19.855122370449109 ], [ -99.426781399637349, 19.874997023391529 ], [ -99.430414520100001, 19.870879181220044 ], [ -99.432797708896018, 19.875383970946277 ], [ -99.445208288663437, 19.884321061079344 ], [ -99.436034310461082, 19.896146230605275 ], [ -99.437188179134822, 19.899687801179635 ], [ -99.435933200056894, 19.903129150583819 ], [ -99.450800220356683, 19.894612821201878 ], [ -99.463880568883923, 19.892596221119998 ], [ -99.464125249230392, 19.895060291175778 ], [ -99.470855059101254, 19.898605281268416 ], [ -99.477436939516195, 19.898274981071875 ], [ -99.480360859967732, 19.904695480813906 ], [ -99.48398148005073, 19.905176521167558 ], [ -99.473622569401286, 19.954443941076221 ], [ -99.47723739914079, 19.954790920547115 ], [ -99.477764939414087, 19.960566400693331 ], [ -99.473994489327865, 19.961450921128133 ], [ -99.473012248975536, 19.963243740983881 ], [ -99.464340280372966, 19.963637231020478 ], [ -99.458715318704591, 19.966517690823842 ], [ -99.451969109971927, 19.963332370846526 ], [ -99.450243599225047, 19.964246891001203 ], [ -99.453655969898563, 19.972138150548822 ], [ -99.451729539173115, 19.97450206085195 ], [ -99.454679819842525, 19.975313521068358 ], [ -99.454584220023889, 19.981219801064984 ], [ -99.447959368569002, 19.981666621216387 ], [ -99.448098180186705, 19.983105121326847 ], [ -99.444664658622315, 19.984753741134121 ], [ -99.443605849703872, 19.988839320506315 ], [ -99.445495569479249, 19.991227890760651 ], [ -99.436855179890159, 19.999603800699756 ], [ -99.440639418606878, 20.013567941085554 ], [ -99.430462309394699, 20.016260631003526 ] ] ] ] } },
{ "type": "Feature", "properties": { "CVEGEO": "13017", "CVE_ENT": "13", "CVE_MUN": "017", "NOMGEO": "Chapantongo" }, "geometry": { "type": "MultiPolygon", "coordinates": [ [ [ [ -99.351417708679364, 20.33927698017752 ], [ -99.348679519334198, 20.336905139888728 ], [ -99.346446459256342, 20.337123830380314 ], [ -99.347187798803859, 20.334757519797158 ], [ -99.345650279176013, 20.332426109541437 ], [ -99.34642421901323, 20.32643048008779 ], [ -99.34951941945431, 20.323231660108419 ], [ -99.349139198763936, 20.321137600130445 ], [ -99.339515769168827, 20.307059119600602 ], [ -99.342365549796611, 20.305744599872178 ], [ -99.344524880083924, 20.309953450021069 ], [ -99.346616480142757, 20.310471229556509 ], [ -99.347733799799499, 20.308439029926951 ], [ -99.350407170002626, 20.308618739650797 ], [ -99.350398630262745, 20.305382080343726 ], [ -99.359475449814013, 20.307074309993826 ], [ -99.357376599734167, 20.302737949916402 ], [ -99.351288949890062, 20.298325720449501 ], [ -99.34895311015481, 20.28815505013003 ], [ -99.341767570355159, 20.282776689995746 ], [ -99.338281170210195, 20.275827720096757 ], [ -99.336842259783054, 20.269739109797872 ], [ -99.338544779701607, 20.260604120044871 ], [ -99.336660029937377, 20.252757319567259 ], [ -99.338963890033398, 20.254336170558037 ], [ -99.363164430088815, 20.256355169730018 ], [ -99.372298649946813, 20.258834660000012 ], [ -99.384478509772592, 20.254757170351869 ], [ -99.390439220018095, 20.254974059842944 ], [ -99.391838370195202, 20.257622720355172 ], [ -99.394669949721475, 20.258693110145508 ], [ -99.394642820134706, 20.26191876956727 ], [ -99.399255919717362, 20.266202819924754 ], [ -99.399064290133751, 20.270215020448251 ], [ -99.407519200306353, 20.275768916301399 ], [ -99.409312520117467, 20.274785719813075 ], [ -99.40857422952557, 20.267599970232311 ], [ -99.411225620220932, 20.262817890146728 ], [ -99.415201800153, 20.263461290380381 ], [ -99.41385502954877, 20.268270170279955 ], [ -99.417314719569248, 20.268658479879036 ], [ -99.437005050412438, 20.2546588502268 ], [ -99.449666109864097, 20.25013828955063 ], [ -99.451394550165091, 20.248870909694581 ], [ -99.442170680006299, 20.23488899986258 ], [ -99.44714167894665, 20.226430748855069 ], [ -99.454132949996591, 20.220951320163678 ], [ -99.450053860310433, 20.214889220416129 ], [ -99.447493819905731, 20.2056539699959 ], [ -99.45070350987578, 20.198866680032864 ], [ -99.447973079537917, 20.191504449867605 ], [ -99.458284279636743, 20.188211850209807 ], [ -99.457842229819988, 20.18262607956305 ], [ -99.466732600109609, 20.177246029917193 ], [ -99.469464770140945, 20.16428177010043 ], [ -99.486719149578363, 20.169985680157069 ], [ -99.488768778779786, 20.163685421334282 ], [ -99.494245740056002, 20.158479020834147 ], [ -99.492221349796736, 20.150116630986016 ], [ -99.493813249040741, 20.150018710520918 ], [ -99.496585568903726, 20.155424889659106 ], [ -99.505267148873486, 20.160464619844937 ], [ -99.520695119763602, 20.193841750412385 ], [ -99.529766169932373, 20.190340430019834 ], [ -99.527916889891912, 20.190329169772994 ], [ -99.531690679680253, 20.186400089832318 ], [ -99.529042090196427, 20.181871180087672 ], [ -99.530965110289969, 20.178898089811547 ], [ -99.536312369600125, 20.186990769846737 ], [ -99.539852399777061, 20.187168660374148 ], [ -99.54481831969494, 20.190403260240021 ], [ -99.542308509701627, 20.197385340191655 ], [ -99.552830999555056, 20.205916140259095 ], [ -99.562616060213401, 20.205627250349288 ], [ -99.564873880075183, 20.208084350438163 ], [ -99.559587119764615, 20.222125340209452 ], [ -99.55939125020204, 20.230425850262183 ], [ -99.561574309975569, 20.239125089965921 ], [ -99.592108780303334, 20.236478660104634 ], [ -99.589764309795228, 20.247482149677229 ], [ -99.58148384983285, 20.250951250061359 ], [ -99.577651089555886, 20.255151460612716 ], [ -99.583932199702801, 20.26633486019373 ], [ -99.590582480276183, 20.271826480455953 ], [ -99.575957139910173, 20.279852599598531 ], [ -99.553099310387864, 20.276025029848107 ], [ -99.551512090017297, 20.274481880359016 ], [ -99.54941471997212, 20.275405889848077 ], [ -99.5498799498327, 20.279707659976491 ], [ -99.557086139714045, 20.29171673972855 ], [ -99.556752490448602, 20.294684879979695 ], [ -99.551692109579207, 20.296050739818444 ], [ -99.549075649609478, 20.301348109938903 ], [ -99.543282430172127, 20.303372569799869 ], [ -99.544394979819302, 20.305534420051053 ], [ -99.541180999694632, 20.305837650194285 ], [ -99.536770349619204, 20.317469880278292 ], [ -99.52912856941451, 20.32699388969586 ], [ -99.526498658795163, 20.327550599805054 ], [ -99.523756828952727, 20.325463769534597 ], [ -99.515301259355169, 20.326913819611409 ], [ -99.513331798980275, 20.325341920283986 ], [ -99.504480248889578, 20.325458420085834 ], [ -99.496749689377083, 20.334606849762352 ], [ -99.480315779334404, 20.331395620156925 ], [ -99.477237968573732, 20.333962339955736 ], [ -99.474798598626847, 20.332592949605477 ], [ -99.471614249352186, 20.333508659801733 ], [ -99.463724719315465, 20.328806939576843 ], [ -99.441606339433534, 20.326989879627327 ], [ -99.435525688774931, 20.321046919536283 ], [ -99.424877459112381, 20.325044310076585 ], [ -99.420374858887385, 20.323686029796637 ], [ -99.414869428565481, 20.32516169034432 ], [ -99.412365398730387, 20.323908280215658 ], [ -99.410712348763312, 20.32569195020362 ], [ -99.406038948657226, 20.323500969762797 ], [ -99.401957888854142, 20.324629949910154 ], [ -99.397163718875305, 20.319553690214399 ], [ -99.381360598902745, 20.327552169911378 ], [ -99.379702798828419, 20.331682450287527 ], [ -99.37416321814905, 20.333571019962665 ], [ -99.36987591921968, 20.337983830424186 ], [ -99.367134419132256, 20.337314919750757 ], [ -99.363462058938978, 20.33931061972854 ], [ -99.3559022892006, 20.337798600192226 ], [ -99.351417708679364, 20.33927698017752 ] ] ] ] } },
{ "type": "Feature", "properties": { "CVEGEO": "13083", "CVE_ENT": "13", "CVE_MUN": "083", "NOMGEO": "Zempoala" }, "geometry": { "type": "MultiPolygon", "coordinates": [ [ [ [ -98.822437451557263, 20.038676733592769 ], [ -98.800968465298453, 20.027692094474336 ], [ -98.796824771981477, 20.035185308883971 ], [ -98.758076679990708, 20.014708891258433 ], [ -98.76217307911746, 20.007919910469241 ], [ -98.762454049451776, 20.010175580984981 ], [ -98.767344570160148, 20.003521650534974 ], [ -98.765732090040061, 19.999015861352927 ], [ -98.767217620385665, 19.99134548121728 ], [ -98.771620318864592, 19.985412250446327 ], [ -98.741127738999083, 19.98260235072167 ], [ -98.730826448803981, 19.980079771194504 ], [ -98.727557649994523, 19.994351800650723 ], [ -98.720221369708668, 19.993119491194303 ], [ -98.718885149894518, 19.990919829750052 ], [ -98.719419739835558, 19.986559060104089 ], [ -98.70817942001031, 19.984249569824378 ], [ -98.701455599751881, 19.978436050442525 ], [ -98.704459489748714, 19.986903030253558 ], [ -98.702357139669658, 19.989802549696506 ], [ -98.698949749692147, 19.98916439958202 ], [ -98.69533693957213, 19.991552250417367 ], [ -98.68639647960886, 19.987618720171724 ], [ -98.683229779947297, 19.989767119805194 ], [ -98.683468630289354, 19.99314536963141 ], [ -98.681828089831868, 19.994307720406116 ], [ -98.679018309637883, 19.989733479841302 ], [ -98.67519704962632, 19.988216120357752 ], [ -98.675156969956433, 19.984615309725243 ], [ -98.670819799603123, 19.987107520059553 ], [ -98.662944229964779, 19.981712169893587 ], [ -98.657873619725393, 19.973658480217903 ], [ -98.656260349846605, 19.966645279928532 ], [ -98.657858220381584, 19.961066620081176 ], [ -98.653975510094995, 19.960524570273947 ], [ -98.657419350020277, 19.954491460379618 ], [ -98.652237290182612, 19.953945799739646 ], [ -98.648625999726661, 19.959694710174411 ], [ -98.641655230364563, 19.953686710402607 ], [ -98.6371514798021, 19.957300599987885 ], [ -98.635475460370358, 19.955993709632036 ], [ -98.629517250215713, 19.959908379629852 ], [ -98.631900320275122, 19.965171170178316 ], [ -98.60891589031597, 19.971617179756183 ], [ -98.603495289541485, 19.976517150211684 ], [ -98.597133890251499, 19.986858520188253 ], [ -98.592316920319576, 19.983371490395161 ], [ -98.587005279695035, 19.992237349591129 ], [ -98.585029540102539, 19.991247771306202 ], [ -98.579785450204909, 19.987641820506038 ], [ -98.585891650048154, 19.988196341169303 ], [ -98.580831479993165, 19.983259080538012 ], [ -98.584420719961031, 19.982216111309473 ], [ -98.587829909887773, 19.976339690813724 ], [ -98.585262520142564, 19.975118820682653 ], [ -98.585586110360111, 19.972017460818314 ], [ -98.587328319549869, 19.972106980761104 ], [ -98.587317520377425, 19.964935661272381 ], [ -98.594398690376252, 19.956281170652815 ], [ -98.589982349899245, 19.954436180744793 ], [ -98.58711813989062, 19.957696291212056 ], [ -98.58705242043807, 19.953190351034308 ], [ -98.584429319849988, 19.953894461153439 ], [ -98.571982429787511, 19.951230251064519 ], [ -98.575336720091229, 19.945955910712069 ], [ -98.568357799562591, 19.943659290708645 ], [ -98.569695479710759, 19.934376600967756 ], [ -98.545460380304533, 19.932948540507368 ], [ -98.547589939952104, 19.927474540573975 ], [ -98.543910490421368, 19.927922020509737 ], [ -98.538941690420671, 19.925610690860584 ], [ -98.538908510277238, 19.921444150589902 ], [ -98.529801459974863, 19.916712000804385 ], [ -98.528300850403696, 19.906889251263078 ], [ -98.530391150425359, 19.904216461114405 ], [ -98.535534280461022, 19.902604480546955 ], [ -98.533604579772344, 19.901300951018982 ], [ -98.534943749879233, 19.891385940869704 ], [ -98.537599920462355, 19.887360940140017 ], [ -98.539881920162927, 19.887216340429116 ], [ -98.545809220232414, 19.889892200101031 ], [ -98.555109749873537, 19.888907849701503 ], [ -98.560535849734833, 19.890657830215741 ], [ -98.562858689726099, 19.887626680292691 ], [ -98.564530739635998, 19.888332490203258 ], [ -98.564253199661124, 19.889989860395083 ], [ -98.573349490344427, 19.891544920032615 ], [ -98.574760250155137, 19.888087599889474 ], [ -98.573647180008436, 19.874045689915686 ], [ -98.574916019829672, 19.86468546019637 ], [ -98.579288260348477, 19.861711630102899 ], [ -98.587164850371153, 19.861757279998798 ], [ -98.590381600356054, 19.8556115196732 ], [ -98.595864599798944, 19.852527940311106 ], [ -98.606466280427668, 19.848137259856674 ], [ -98.613165199633073, 19.848109550137814 ], [ -98.62046725045164, 19.835071749918171 ], [ -98.626894739763756, 19.837110169604838 ], [ -98.625909769629544, 19.841556450254775 ], [ -98.6269882600362, 19.852485340338315 ], [ -98.632159880183835, 19.850620059626433 ], [ -98.632549749861482, 19.84836397974119 ], [ -98.637492419703491, 19.848626820328931 ], [ -98.640302659773837, 19.846556479625381 ], [ -98.648751340011202, 19.849630709838046 ], [ -98.649854660356766, 19.853922920403619 ], [ -98.653853419661075, 19.850373659595533 ], [ -98.654340509825019, 19.841190980071268 ], [ -98.652806090219343, 19.837197479816449 ], [ -98.674792179921496, 19.832396200256625 ], [ -98.672477180167036, 19.816723379944314 ], [ -98.674075650218001, 19.814016980121661 ], [ -98.677208619983702, 19.813198059587844 ], [ -98.697641250365891, 19.83211481986514 ], [ -98.671839740235839, 19.853659140386874 ], [ -98.672658919584336, 19.862834619878278 ], [ -98.68084465023756, 19.860651480358996 ], [ -98.685367549659389, 19.850548969813445 ], [ -98.689128310042676, 19.85128568964863 ], [ -98.699126650218588, 19.858419860067723 ], [ -98.700413649950193, 19.856573250333778 ], [ -98.702755480375558, 19.858601020211307 ], [ -98.700987950143116, 19.856063380412142 ], [ -98.703541030343388, 19.857356290065923 ], [ -98.704599350127964, 19.855581170293181 ], [ -98.703419259935089, 19.854539089590574 ], [ -98.70812779977129, 19.855751679789552 ], [ -98.709250150464825, 19.853781230032865 ], [ -98.711255940476548, 19.85510427995753 ], [ -98.712820660434957, 19.853801920322823 ], [ -98.718543369746172, 19.862337309873404 ], [ -98.727708430288757, 19.863971220279709 ], [ -98.735093490322427, 19.867405849894784 ], [ -98.738707220331634, 19.86715682974382 ], [ -98.739172849671874, 19.872559509842326 ], [ -98.754699050416505, 19.876790459748015 ], [ -98.751900690429935, 19.888250370407992 ], [ -98.753563969542682, 19.892809890281026 ], [ -98.751312399849581, 19.897362979770982 ], [ -98.756330260278602, 19.901275460075979 ], [ -98.756806540345281, 19.903363690121683 ], [ -98.752801800066123, 19.910981999821132 ], [ -98.741732939853094, 19.915701919922899 ], [ -98.743693830438971, 19.917454419934106 ], [ -98.741800460123983, 19.918161650002304 ], [ -98.742974180377033, 19.922632750245999 ], [ -98.746062820162436, 19.926515569922877 ], [ -98.751707289551248, 19.925613940256255 ], [ -98.75527509014421, 19.927628580215966 ], [ -98.758715349392062, 19.937004396808771 ], [ -98.770021940230833, 19.943723740308787 ], [ -98.76768279990695, 19.945866630248112 ], [ -98.775579119860481, 19.94965113999142 ], [ -98.780455170006334, 19.956042890272585 ], [ -98.797678579720397, 19.966565859849297 ], [ -98.800874969519811, 19.972386910390043 ], [ -98.796947309608854, 19.976820279586388 ], [ -98.807472719672148, 19.984420620109518 ], [ -98.789959449681461, 19.986427950159658 ], [ -98.810646220202855, 20.021760510292683 ], [ -98.818759550160451, 20.026384079940009 ], [ -98.822669999930326, 20.01804909005546 ], [ -98.830694688689988, 20.021438230689323 ], [ -98.830983169645407, 20.022759859793005 ], [ -98.827907939616182, 20.024156429782526 ], [ -98.830125879365141, 20.025462980180674 ], [ -98.830310294433787, 20.029287979056736 ], [ -98.822437451557263, 20.038676733592769 ] ] ] ] } },
{ "type": "Feature", "properties": { "CVEGEO": "13072", "CVE_ENT": "13", "CVE_MUN": "072", "NOMGEO": "Tlanalapa" }, "geometry": { "type": "MultiPolygon", "coordinates": [ [ [ [ -98.569503600143037, 19.891621999823958 ], [ -98.564253199661081, 19.889989860395119 ], [ -98.564530739635941, 19.888332490203279 ], [ -98.562858689726141, 19.887626680292716 ], [ -98.560535849734862, 19.890657830215758 ], [ -98.55510974987358, 19.888907849701454 ], [ -98.548907819666184, 19.890395449886888 ], [ -98.539881920162884, 19.887216340429152 ], [ -98.533814379980029, 19.887359691267871 ], [ -98.525457140249969, 19.876642690587836 ], [ -98.524175940458719, 19.872076290525605 ], [ -98.525246569674479, 19.869282860497222 ], [ -98.522155480200212, 19.8714933110248 ], [ -98.50039234990912, 19.868569430418933 ], [ -98.515048370051446, 19.844323939763704 ], [ -98.524425050180355, 19.846738970396032 ], [ -98.525409970057297, 19.845329290168564 ], [ -98.528942260308654, 19.846183139843568 ], [ -98.543420490226382, 19.853304510437265 ], [ -98.546042140007245, 19.852023690368533 ], [ -98.556746050108714, 19.853911800110435 ], [ -98.561334650436663, 19.849754630093017 ], [ -98.559528459870833, 19.848599710176511 ], [ -98.56131583029746, 19.843098749577599 ], [ -98.559033220163869, 19.837852229638369 ], [ -98.560961079621705, 19.835440780228566 ], [ -98.569983090398225, 19.829086110345425 ], [ -98.570510019905782, 19.826850259934773 ], [ -98.572427949671223, 19.827786029979265 ], [ -98.575473830230393, 19.823258419912776 ], [ -98.588338769565382, 19.823112799565951 ], [ -98.579571749991629, 19.798262489999868 ], [ -98.578549249699435, 19.788489429666981 ], [ -98.584515520142887, 19.778286679943385 ], [ -98.587674550369798, 19.784465259701367 ], [ -98.588817030053519, 19.779446380235022 ], [ -98.596745460170283, 19.765973479881094 ], [ -98.600598019790723, 19.764922779833171 ], [ -98.599425110314101, 19.768229139751657 ], [ -98.611663679728409, 19.774128949689551 ], [ -98.609603919845171, 19.777108920290672 ], [ -98.613412199560457, 19.781672719938975 ], [ -98.612233710287668, 19.786368419863262 ], [ -98.6174756200964, 19.78805122028497 ], [ -98.625261049543198, 19.785182520285201 ], [ -98.623561920403603, 19.793888690114688 ], [ -98.632558169770789, 19.796433170194891 ], [ -98.638787850106539, 19.800769630222778 ], [ -98.637975449596496, 19.807576249831925 ], [ -98.639903110269245, 19.811964450325085 ], [ -98.64433637983241, 19.814437950304661 ], [ -98.643698850141206, 19.817522510001588 ], [ -98.647326769841001, 19.818381310370405 ], [ -98.646993170315483, 19.820881540410408 ], [ -98.655455829620038, 19.82755050955025 ], [ -98.654610910149586, 19.828101200122077 ], [ -98.660658550064284, 19.83487955030305 ], [ -98.652806090219386, 19.837197479816364 ], [ -98.654340509824976, 19.841190980071282 ], [ -98.653853419661033, 19.850373659595551 ], [ -98.649854660356723, 19.853922920403669 ], [ -98.648751340011245, 19.849630709838078 ], [ -98.64030265977388, 19.846556479625416 ], [ -98.637492419703449, 19.848626820328953 ], [ -98.632549749861511, 19.848363979741205 ], [ -98.632159880183877, 19.850620059626383 ], [ -98.626988260036171, 19.852485340338362 ], [ -98.625909769629502, 19.841556450254807 ], [ -98.626894739763713, 19.837110169604856 ], [ -98.620467250451583, 19.835071749918207 ], [ -98.613165199633116, 19.848109550137764 ], [ -98.606466280427611, 19.848137259856614 ], [ -98.595864599798986, 19.852527940311155 ], [ -98.590381600355997, 19.855611519673218 ], [ -98.587164850371181, 19.861757279998848 ], [ -98.57928826034842, 19.861711630102949 ], [ -98.574916019829715, 19.864685460196402 ], [ -98.573647180008393, 19.874045689915636 ], [ -98.574667340122161, 19.889217420371629 ], [ -98.573349490344455, 19.891544920032636 ], [ -98.570758309905585, 19.890557429909123 ], [ -98.569503600143037, 19.891621999823958 ] ] ] ] } },
{ "type": "Feature", "properties": { "CVEGEO": "13067", "CVE_ENT": "13", "CVE_MUN": "067", "NOMGEO": "Tezontepec de Aldama" }, "geometry": { "type": "MultiPolygon", "coordinates": [ [ [ [ -99.339645969668908, 20.2543540902473 ], [ -99.332156428887288, 20.249752370599893 ], [ -99.323701419919658, 20.250902029957675 ], [ -99.315325320178104, 20.248136480279477 ], [ -99.309997309469495, 20.250413680845263 ], [ -99.306732999184419, 20.248904510086675 ], [ -99.303391769789997, 20.249625140315135 ], [ -99.301834250194304, 20.248922120262254 ], [ -99.308028829108167, 20.24023797045496 ], [ -99.304116290012729, 20.239500680367108 ], [ -99.303512369520476, 20.236733570414877 ], [ -99.298873019323111, 20.235573850743126 ], [ -99.289247919326087, 20.237588740230809 ], [ -99.288047178577969, 20.236362510267885 ], [ -99.282045118867202, 20.2365512506817 ], [ -99.281925418952682, 20.235153421063643 ], [ -99.279635258782818, 20.236523120098841 ], [ -99.273535818850519, 20.228999680947197 ], [ -99.257266460140571, 20.227127599772199 ], [ -99.253266739408929, 20.234349249892592 ], [ -99.247412799245765, 20.233590091056371 ], [ -99.240030689404932, 20.23571029070655 ], [ -99.242723678961767, 20.22625755168696 ], [ -99.246487739293542, 20.222035950005111 ], [ -99.251935450435653, 20.219278139720888 ], [ -99.245829178585922, 20.21453964958225 ], [ -99.248599889529316, 20.202365151264779 ], [ -99.223887548609198, 20.196988920771236 ], [ -99.224160919263497, 20.189543939888804 ], [ -99.229777859764894, 20.167615510673023 ], [ -99.218533908611747, 20.161955460441497 ], [ -99.211349350395295, 20.16022246037587 ], [ -99.213534818709377, 20.155762539595038 ], [ -99.224019378801373, 20.15714063011588 ], [ -99.232843509498537, 20.155377666376822 ], [ -99.235110029353791, 20.144963510736584 ], [ -99.242049380200484, 20.141826250343343 ], [ -99.242669980166099, 20.136046660676456 ], [ -99.240946709616466, 20.131025350161472 ], [ -99.242143538984436, 20.127738749877306 ], [ -99.250375149658851, 20.124106620775603 ], [ -99.27095437900816, 20.106469449801516 ], [ -99.291343850235606, 20.093624230040533 ], [ -99.313034249281174, 20.114222259921632 ], [ -99.336536228937206, 20.14657716998968 ], [ -99.340865909548739, 20.143474140226626 ], [ -99.342612029566041, 20.147500220196715 ], [ -99.344902089482659, 20.148006679673486 ], [ -99.34390382944261, 20.157293459788892 ], [ -99.346052400402897, 20.160133770176731 ], [ -99.347095340254938, 20.168217620038497 ], [ -99.350590650131522, 20.170398750138361 ], [ -99.346431820313214, 20.17597722966428 ], [ -99.350544600378242, 20.178698021213556 ], [ -99.350946169224059, 20.180533460865796 ], [ -99.347182459004756, 20.18101391983113 ], [ -99.344622818690297, 20.179074450119757 ], [ -99.344494548856872, 20.182056350984716 ], [ -99.342393179565263, 20.181509281139821 ], [ -99.342097080112012, 20.186299291072821 ], [ -99.361523450400639, 20.196917350781302 ], [ -99.360625148661825, 20.202215349736981 ], [ -99.35576926022766, 20.208493510888406 ], [ -99.359673718754721, 20.217886971105752 ], [ -99.356626619714618, 20.230944780976277 ], [ -99.357963479511, 20.236525541283736 ], [ -99.346230969735018, 20.245313181060638 ], [ -99.344678709490793, 20.25007277976415 ], [ -99.339645969668908, 20.2543540902473 ] ] ] ] } },
{ "type": "Feature", "properties": { "CVEGEO": "13026", "CVE_ENT": "13", "CVE_MUN": "026", "NOMGEO": "Huazalingo" }, "geometry": { "type": "MultiPolygon", "coordinates": [ [ [ [ -98.496940676863403, 21.057443541602094 ], [ -98.480728020014837, 21.055400660098435 ], [ -98.477348110275159, 21.045692340368472 ], [ -98.481802980176354, 21.038118879729822 ], [ -98.47896771995778, 21.039202429840898 ], [ -98.479100980328155, 21.035973250106331 ], [ -98.476630379754027, 21.034396629734857 ], [ -98.474796219519959, 21.037279450024791 ], [ -98.470421180053933, 21.039622450192951 ], [ -98.461043540240738, 21.040177479911915 ], [ -98.450635649585109, 21.044262279932489 ], [ -98.443587179786604, 21.043627150042738 ], [ -98.442649800003224, 21.042164380087321 ], [ -98.442033309960067, 21.043829520113672 ], [ -98.437091459584707, 21.044772200251799 ], [ -98.435983419760319, 21.046373829830067 ], [ -98.433310969530396, 21.044690770179212 ], [ -98.42723027981657, 21.044350830037136 ], [ -98.425325202474511, 21.046138073933314 ], [ -98.416132709920646, 21.04391548028676 ], [ -98.416192250441981, 21.040191570235525 ], [ -98.420672259975419, 21.033383950251814 ], [ -98.419494459522099, 21.031469780266029 ], [ -98.42155817032446, 21.028112110058363 ], [ -98.429678019582852, 21.022317579598866 ], [ -98.436976460045159, 21.020431279613923 ], [ -98.439443969796386, 21.013916309652807 ], [ -98.4387007201464, 21.010174319873009 ], [ -98.44056184958437, 21.003925020001983 ], [ -98.438123429918861, 21.003863510183042 ], [ -98.443245709869956, 20.978155200243727 ], [ -98.450087720331311, 20.965860690125872 ], [ -98.458284770329186, 20.968539769610693 ], [ -98.459576080210283, 20.965979539840362 ], [ -98.469753059777688, 20.960368250022757 ], [ -98.476272379742724, 20.965824509809234 ], [ -98.481261889885573, 20.965751769790739 ], [ -98.485053919939446, 20.963702110108056 ], [ -98.48859628995119, 20.958284139907619 ], [ -98.48964437004426, 20.946070679745542 ], [ -98.497002539758086, 20.936441819648476 ], [ -98.504034510463157, 20.932279570406127 ], [ -98.508764420443271, 20.931995779576837 ], [ -98.50976298006087, 20.938532229742037 ], [ -98.516211650145792, 20.942923659866469 ], [ -98.518483480325855, 20.941536370411637 ], [ -98.518839219538506, 20.937611770238185 ], [ -98.526685910188533, 20.930359569651085 ], [ -98.530863629580097, 20.933111999871223 ], [ -98.528038220264648, 20.935205510425853 ], [ -98.529584029532487, 20.937291219710442 ], [ -98.534682980210022, 20.93359117015607 ], [ -98.539390449531382, 20.932587799967873 ], [ -98.536409539621019, 20.93770044984181 ], [ -98.53521754989815, 20.948385289867637 ], [ -98.539627030435355, 20.950233780104007 ], [ -98.542699519981468, 20.955067709861556 ], [ -98.542612049693716, 20.958994799737599 ], [ -98.54117270994945, 20.959925480153963 ], [ -98.542909369778599, 20.960194079566527 ], [ -98.542628230278737, 20.962380649694701 ], [ -98.541030030179627, 20.963967659894717 ], [ -98.543289460310859, 20.964871690086934 ], [ -98.542802889591556, 20.966176429753467 ], [ -98.541240429968582, 20.965589139925253 ], [ -98.540033219665304, 20.967616449787766 ], [ -98.542270939858128, 20.966137149665862 ], [ -98.544509149856864, 20.969176420171333 ], [ -98.54374394004104, 20.970469710326103 ], [ -98.545412059965088, 20.969225659735514 ], [ -98.547828220140843, 20.970488540070551 ], [ -98.550765430005171, 20.975031680407959 ], [ -98.546982620056454, 20.978270660427363 ], [ -98.5434508501084, 20.977997109573177 ], [ -98.54298157995953, 20.980976649755007 ], [ -98.538338830076356, 20.98241781983365 ], [ -98.536990580297768, 20.990264370144651 ], [ -98.534780350272854, 20.989656689938851 ], [ -98.53274126024813, 20.991424599737428 ], [ -98.533693199903297, 20.994762260175055 ], [ -98.530642310409092, 21.004807019772567 ], [ -98.532534709750081, 21.009096199893659 ], [ -98.528583909582764, 21.015524340377603 ], [ -98.530466339902006, 21.015387490270921 ], [ -98.529430720185687, 21.019662000058634 ], [ -98.53208388044213, 21.019013769721159 ], [ -98.531886940438852, 21.021805149950907 ], [ -98.534663060363073, 21.024147880067581 ], [ -98.530974450218579, 21.02384778000734 ], [ -98.53067054023262, 21.022577619749224 ], [ -98.531053429784649, 21.025258709625049 ], [ -98.524350549978948, 21.026998919871982 ], [ -98.524565049570583, 21.029836029761164 ], [ -98.523004580177727, 21.029421600065309 ], [ -98.517227380029212, 21.033424549676255 ], [ -98.515181650093808, 21.040939740369922 ], [ -98.511177750309002, 21.043647080178108 ], [ -98.510369860476743, 21.046010520079214 ], [ -98.507565380188055, 21.046485619898785 ], [ -98.504595320346951, 21.055546050222357 ], [ -98.496940676863403, 21.057443541602094 ] ] ] ] } },
{ "type": "Feature", "properties": { "CVEGEO": "13062", "CVE_ENT": "13", "CVE_MUN": "062", "NOMGEO": "Tepehuacán de Guerrero" }, "geometry": { "type": "MultiPolygon", "coordinates": [ [ [ [ -98.806734800409998, 21.193303800290124 ], [ -98.797357150090775, 21.191320320104627 ], [ -98.799215600252822, 21.184893970461196 ], [ -98.797970679941173, 21.183343420192589 ], [ -98.790849169705751, 21.188043449673131 ], [ -98.780809340136187, 21.185981820251705 ], [ -98.77919795035568, 21.182398520943845 ], [ -98.776577110290475, 21.182009489633298 ], [ -98.776129449742371, 21.173291229617337 ], [ -98.772921380222996, 21.171968770941266 ], [ -98.770932340380838, 21.173999540109147 ], [ -98.765136980245529, 21.174319750354176 ], [ -98.762195080071038, 21.168981029745638 ], [ -98.76590440002569, 21.167112510376718 ], [ -98.766399970214835, 21.165267819684424 ], [ -98.747408540393991, 21.157468579589423 ], [ -98.742025620203023, 21.152494830034776 ], [ -98.740381709949872, 21.135121060446913 ], [ -98.735646200362112, 21.131702080326495 ], [ -98.736952250150438, 21.12954443008568 ], [ -98.744060379911403, 21.132715139924496 ], [ -98.746025350423054, 21.131117340428602 ], [ -98.743393490059702, 21.125231319595621 ], [ -98.74930997031305, 21.12335522996425 ], [ -98.749271680383757, 21.119553350426251 ], [ -98.748186650218415, 21.118238149664663 ], [ -98.740045289828345, 21.117712089898014 ], [ -98.739320920287, 21.114324999967639 ], [ -98.749938309555887, 21.106194059752415 ], [ -98.753492620312358, 21.105223250375353 ], [ -98.754466659596574, 21.0984519698067 ], [ -98.760367880459128, 21.098063650112476 ], [ -98.757970510102609, 21.08929194993938 ], [ -98.758603339743814, 21.084639309772488 ], [ -98.762533659926746, 21.084271050049104 ], [ -98.765769710181658, 21.087637379877151 ], [ -98.77080077031917, 21.084175219604475 ], [ -98.775643449918292, 21.090727400368777 ], [ -98.779136719611984, 21.091798150098949 ], [ -98.783551219534786, 21.088334219608726 ], [ -98.777713460389236, 21.080848919987787 ], [ -98.778967619522462, 21.074123619771711 ], [ -98.783681310305738, 21.073080619900985 ], [ -98.77961006034748, 21.067341619792014 ], [ -98.773193020167298, 21.067327339790946 ], [ -98.765352939605833, 21.058971859909224 ], [ -98.756407889635867, 21.060757340107923 ], [ -98.757131580205098, 21.056998109838815 ], [ -98.755111480071889, 21.051702490130062 ], [ -98.759558430033252, 21.043035459999789 ], [ -98.758682999662497, 21.035431919549996 ], [ -98.751708940238814, 21.025571000376697 ], [ -98.749793049545147, 21.012897050259443 ], [ -98.73900202985692, 21.010749050180547 ], [ -98.740076720393873, 21.003938819573133 ], [ -98.738279460015178, 21.001223280138269 ], [ -98.746112219594494, 20.9959887396173 ], [ -98.750126710285727, 20.995059769850048 ], [ -98.75576318027521, 20.98989854008239 ], [ -98.750161449861167, 20.978843720094023 ], [ -98.751837719768972, 20.974345539940696 ], [ -98.757171020105247, 20.970770859976042 ], [ -98.752772060339623, 20.970695690207133 ], [ -98.751449430364929, 20.968456829828501 ], [ -98.751626459591449, 20.95935699966109 ], [ -98.747393280298709, 20.953022949676637 ], [ -98.752048429950008, 20.954052050229098 ], [ -98.75366726037241, 20.950973310112207 ], [ -98.756687459999981, 20.950575179911027 ], [ -98.759255599779934, 20.947619599948055 ], [ -98.763340919664202, 20.948192740002547 ], [ -98.763480659643747, 20.945664029722632 ], [ -98.768569078531385, 20.94707420095277 ], [ -98.763720479013841, 20.953619800857034 ], [ -98.764366749313311, 20.96017718080132 ], [ -98.760897218828504, 20.96499165068176 ], [ -98.763937149362164, 20.967685720645534 ], [ -98.802833568541146, 20.968533230445399 ], [ -98.81781319869107, 20.973570750961485 ], [ -98.820521368769704, 20.969884001043646 ], [ -98.81821604876248, 20.968077580538818 ], [ -98.821505778723179, 20.966242061050711 ], [ -98.82980385947144, 20.967917420833878 ], [ -98.838286538852273, 20.976045491275698 ], [ -98.841810109384326, 20.974682140755039 ], [ -98.842812908665564, 20.971683860483676 ], [ -98.851075418750099, 20.971781121035679 ], [ -98.855386308648534, 20.974724571086821 ], [ -98.860580459619172, 20.972203350070849 ], [ -98.861965459528889, 20.974947479818386 ], [ -98.85647145965045, 20.977426569613947 ], [ -98.854803229871862, 20.979914029829683 ], [ -98.859514479814322, 20.981413480121432 ], [ -98.864243370213742, 20.988371890259067 ], [ -98.87389168040329, 20.989590220348898 ], [ -98.876994049837805, 20.993621910334927 ], [ -98.876796430305873, 20.996378370340235 ], [ -98.891509920052158, 20.99268514028012 ], [ -98.892021510033274, 20.989942149804058 ], [ -98.897215370149084, 20.987514710375034 ], [ -98.901672780462192, 20.997195770411594 ], [ -98.905330369577172, 20.992497779971213 ], [ -98.915188920455947, 20.992810520452032 ], [ -98.919241150141715, 20.988451980339054 ], [ -98.927873379802108, 20.985216619725907 ], [ -98.934345020015883, 20.996263139918884 ], [ -98.931072519536144, 21.006695280341781 ], [ -98.934843520353439, 21.012093650069165 ], [ -98.942260740287125, 21.013416620318722 ], [ -98.938135490066969, 21.021423979781872 ], [ -98.945876280221142, 21.019439480011098 ], [ -98.946971180474549, 21.027970659590675 ], [ -98.957974630211936, 21.031886119900189 ], [ -98.95779215034355, 21.036392630446233 ], [ -98.963951110415167, 21.040700830030136 ], [ -98.961507749880681, 21.045031249640491 ], [ -98.954842180343277, 21.041410059789754 ], [ -98.946733830412569, 21.046213379843611 ], [ -98.943773780024941, 21.06548410988195 ], [ -98.937499049872017, 21.071814149750573 ], [ -98.937075089920015, 21.075709489925597 ], [ -98.931912919764827, 21.076182280296059 ], [ -98.929055850054425, 21.078688149900906 ], [ -98.927004119957161, 21.083291689874127 ], [ -98.927976030143881, 21.089832879911384 ], [ -98.918775540428769, 21.097944139919946 ], [ -98.91203466040578, 21.096654569927139 ], [ -98.906287690239907, 21.101153339848967 ], [ -98.903713090152721, 21.100200080212119 ], [ -98.900612679577989, 21.095045030209604 ], [ -98.89235302039755, 21.096657340039453 ], [ -98.8903640904078, 21.098501089750584 ], [ -98.890088059923713, 21.10559444992019 ], [ -98.881977949742165, 21.110601950398909 ], [ -98.878709689853451, 21.109427910087053 ], [ -98.873308489626183, 21.103669919855633 ], [ -98.87130611966225, 21.103877779567245 ], [ -98.879206289515764, 21.117493830432764 ], [ -98.878207080406014, 21.119039910259342 ], [ -98.872805110050876, 21.118630719850852 ], [ -98.869409480347045, 21.123176509638096 ], [ -98.874975090298776, 21.128164619730338 ], [ -98.881373490478509, 21.129509910171482 ], [ -98.882605969846267, 21.131917950313852 ], [ -98.874675689699771, 21.140671249721844 ], [ -98.869457120428962, 21.141895029794757 ], [ -98.867078350460062, 21.137070919740736 ], [ -98.857176650389164, 21.137431249811158 ], [ -98.848056520180023, 21.133369279912923 ], [ -98.843557909685117, 21.133569140430001 ], [ -98.840219430452962, 21.134986200164445 ], [ -98.843744659711277, 21.147499800254604 ], [ -98.84403784990343, 21.154850109885896 ], [ -98.839779429857842, 21.161878879766967 ], [ -98.834679090017517, 21.16233342987605 ], [ -98.831388850161673, 21.159440580383283 ], [ -98.799075119798331, 21.164846459880625 ], [ -98.797039059592024, 21.16422730993073 ], [ -98.795630279599791, 21.160339859831595 ], [ -98.792735340119123, 21.16110731997756 ], [ -98.78856439999781, 21.166971249751871 ], [ -98.790688340401516, 21.171280799930436 ], [ -98.78987808030827, 21.178500939869128 ], [ -98.791981120246575, 21.179829631158217 ], [ -98.798594230324497, 21.178079780794885 ], [ -98.808084380162498, 21.189563000476191 ], [ -98.808604720251168, 21.192443619756283 ], [ -98.806734800409998, 21.193303800290124 ] ] ] ] } },
{ "type": "Feature", "properties": { "CVEGEO": "13044", "CVE_ENT": "13", "CVE_MUN": "044", "NOMGEO": "Nopala de Villagrán" }, "geometry": { "type": "MultiPolygon", "coordinates": [ [ [ [ -99.586860889688779, 20.320156419801499 ], [ -99.583933650239814, 20.313431829628321 ], [ -99.577239450128886, 20.310014229867289 ], [ -99.581305820121514, 20.301568619763014 ], [ -99.577935450208201, 20.298801829550946 ], [ -99.576667140088489, 20.294322019623884 ], [ -99.567385769663645, 20.295076629591684 ], [ -99.564129680327326, 20.292558449819779 ], [ -99.565044580171218, 20.294134949796167 ], [ -99.562090119646456, 20.294106140054055 ], [ -99.559942910205564, 20.297466290041015 ], [ -99.556752490448602, 20.294684879979695 ], [ -99.557086139714045, 20.29171673972855 ], [ -99.5498799498327, 20.279707659976491 ], [ -99.54941471997212, 20.275405889848077 ], [ -99.551512090017297, 20.274481880359016 ], [ -99.553099310387864, 20.276025029848107 ], [ -99.575957139910173, 20.279852599598531 ], [ -99.590582480276183, 20.271826480455953 ], [ -99.583932199702801, 20.26633486019373 ], [ -99.577651089555886, 20.255151460612716 ], [ -99.58148384983285, 20.250951250061359 ], [ -99.589764309795228, 20.247482149677229 ], [ -99.592108780303334, 20.236478660104634 ], [ -99.561574309975569, 20.239125089965921 ], [ -99.55939125020204, 20.230425850262183 ], [ -99.559587119764615, 20.222125340209452 ], [ -99.565049509615562, 20.208428620316742 ], [ -99.562616060213401, 20.205627250349288 ], [ -99.552830999555056, 20.205916140259095 ], [ -99.542308509701627, 20.197385340191655 ], [ -99.54481831969494, 20.190403260240021 ], [ -99.539852399777061, 20.187168660374148 ], [ -99.536312369600125, 20.186990769846737 ], [ -99.530965110289969, 20.178898089811547 ], [ -99.529042090196427, 20.181871180087672 ], [ -99.531690679680253, 20.186400089832318 ], [ -99.527916889891912, 20.190329169772994 ], [ -99.529766169932373, 20.190340430019834 ], [ -99.520695119763602, 20.193841750412385 ], [ -99.512240248789581, 20.175100170361702 ], [ -99.517499418143458, 20.175689889516622 ], [ -99.525926599950722, 20.17329556980366 ], [ -99.52868076958876, 20.163583540061101 ], [ -99.531818049933634, 20.163778320427607 ], [ -99.533494450392155, 20.162058020066624 ], [ -99.534699168523431, 20.163935020054083 ], [ -99.547867076022726, 20.16292926190766 ], [ -99.550191568103472, 20.165650861954006 ], [ -99.550664629450836, 20.171391689793413 ], [ -99.559278737602924, 20.170757400026755 ], [ -99.562116710249512, 20.169067629677254 ], [ -99.570577049135821, 20.169130800207334 ], [ -99.571085818755193, 20.170325200188852 ], [ -99.572627020355895, 20.169072969927591 ], [ -99.572561419711064, 20.164256880262258 ], [ -99.576263549546482, 20.16209160035044 ], [ -99.581403229934082, 20.161997490390092 ], [ -99.58130717033697, 20.164166379705392 ], [ -99.582607029659457, 20.164443799926829 ], [ -99.582168180327386, 20.162481020059538 ], [ -99.586754848855335, 20.167285219929465 ], [ -99.59956087954545, 20.169673370223236 ], [ -99.601434969868421, 20.16690285961463 ], [ -99.602232750161647, 20.167918679760184 ], [ -99.611728260154777, 20.161469339641943 ], [ -99.612543250160599, 20.159360779823142 ], [ -99.630602400445852, 20.145694449813956 ], [ -99.635339480056089, 20.151803200407578 ], [ -99.636121909213543, 20.15815715055081 ], [ -99.639636622078058, 20.159168019751593 ], [ -99.640990460193819, 20.16422918040546 ], [ -99.655077229481222, 20.163089910188656 ], [ -99.657896768898965, 20.168038890713749 ], [ -99.656759878096722, 20.169121461278685 ], [ -99.659726617871954, 20.180820540382996 ], [ -99.669397370150719, 20.179298750206886 ], [ -99.676948909579437, 20.162470459888628 ], [ -99.67768457038072, 20.166838229619753 ], [ -99.681644249861463, 20.170326539831013 ], [ -99.687524249602248, 20.17118753998319 ], [ -99.700951078239598, 20.172664262165497 ], [ -99.710683539258071, 20.166227080572984 ], [ -99.719371849881668, 20.16713797958775 ], [ -99.723210979723547, 20.170483250080352 ], [ -99.729185119520267, 20.172047650135767 ], [ -99.735805230319883, 20.177403059899532 ], [ -99.740336251013545, 20.177957004095578 ], [ -99.742578920285268, 20.183571569870185 ], [ -99.753731619830816, 20.190864520169438 ], [ -99.788426679611234, 20.223112019614273 ], [ -99.795238140459446, 20.227741290132357 ], [ -99.793538769557614, 20.231400119597701 ], [ -99.788067950819794, 20.23003492493881 ], [ -99.790418309701664, 20.237994200278447 ], [ -99.841889600105333, 20.2818814198727 ], [ -99.845982119788985, 20.277763079943544 ], [ -99.844384944015047, 20.276331275571433 ], [ -99.845705830433559, 20.274856449882961 ], [ -99.849656089620353, 20.271470599912195 ], [ -99.855703710388426, 20.26992600018048 ], [ -99.859541429890172, 20.264628339564233 ], [ -99.858099659742223, 20.270651509565187 ], [ -99.839467619759603, 20.289216709743464 ], [ -99.836578800056088, 20.288671080445738 ], [ -99.83832452034197, 20.290266909914834 ], [ -99.831457950210392, 20.297202629647014 ], [ -99.824201540319805, 20.291467259736201 ], [ -99.798018199613423, 20.288895519556704 ], [ -99.796928919634979, 20.286814939680493 ], [ -99.793944049948934, 20.286217540033537 ], [ -99.792712970428056, 20.286654370323696 ], [ -99.793879319948914, 20.288533280113871 ], [ -99.785682860187535, 20.287993599771706 ], [ -99.779067279807904, 20.290307490372886 ], [ -99.768012600432286, 20.289860549753833 ], [ -99.757077380200059, 20.289362859897583 ], [ -99.742100479572613, 20.283992120378436 ], [ -99.74155378035465, 20.288546599761553 ], [ -99.740142230341817, 20.289231909799074 ], [ -99.740588149917627, 20.292640339594403 ], [ -99.736051879627013, 20.296621750347029 ], [ -99.732334110255039, 20.297073260075859 ], [ -99.73136971021853, 20.30021243003921 ], [ -99.728483370257209, 20.299694539881248 ], [ -99.723380740072173, 20.293935979606726 ], [ -99.720131349876738, 20.295526000384292 ], [ -99.714348829813474, 20.294106890088777 ], [ -99.709745050054693, 20.288689259799142 ], [ -99.709202720011916, 20.281204089743056 ], [ -99.707396849779059, 20.281007619977935 ], [ -99.701758050276283, 20.282048570008254 ], [ -99.701313019526452, 20.29007439992299 ], [ -99.698770719689477, 20.290526460413748 ], [ -99.70615843017184, 20.30059894970125 ], [ -99.700134090258985, 20.301982399803428 ], [ -99.702291059549211, 20.30383052015025 ], [ -99.693840350087044, 20.300981030420246 ], [ -99.692008349866768, 20.30247238008106 ], [ -99.676601520054064, 20.300012260082326 ], [ -99.673678849979353, 20.302566399963414 ], [ -99.669682140118127, 20.294434780096097 ], [ -99.666931769536532, 20.291924850163372 ], [ -99.663056430258905, 20.291097379627846 ], [ -99.651901859924621, 20.281187600200244 ], [ -99.647901620353238, 20.27933766016227 ], [ -99.643472309722739, 20.281792820043353 ], [ -99.635942150131413, 20.280705859945055 ], [ -99.631496940040705, 20.284510849795918 ], [ -99.627340459975699, 20.284464569787247 ], [ -99.622575340437891, 20.288035919854284 ], [ -99.614931260305255, 20.289374830332168 ], [ -99.614404450115245, 20.292404480019673 ], [ -99.607873230455453, 20.295985980408975 ], [ -99.605733019807914, 20.30760130988681 ], [ -99.599099060428657, 20.314784830024657 ], [ -99.596111579627419, 20.314085430424974 ], [ -99.586860889688779, 20.320156419801499 ] ] ] ] } },
{ "type": "Feature", "properties": { "CVEGEO": "13016", "CVE_ENT": "13", "CVE_MUN": "016", "NOMGEO": "Cuautepec de Hinojosa" }, "geometry": { "type": "MultiPolygon", "coordinates": [ [ [ [ -98.307544828851789, 20.097096091057853 ], [ -98.293716289787383, 20.091570770357801 ], [ -98.290663780106343, 20.087854230495818 ], [ -98.288914769357035, 20.090218350287927 ], [ -98.28733674966783, 20.08991382994186 ], [ -98.285814178625657, 20.087292150023924 ], [ -98.283829768825711, 20.091797950982652 ], [ -98.27845691923649, 20.089412750873091 ], [ -98.270635489498645, 20.095916941111142 ], [ -98.26469900005344, 20.095031950494189 ], [ -98.26854577988, 20.089724749671124 ], [ -98.27053587974919, 20.090873459643554 ], [ -98.276304779534172, 20.086951490927103 ], [ -98.275144920010348, 20.078672540553949 ], [ -98.26940956892436, 20.075078920197473 ], [ -98.270363109661943, 20.08017595069694 ], [ -98.268659719611776, 20.081979311154758 ], [ -98.263612509294859, 20.076135091070082 ], [ -98.263510878647935, 20.073195821006717 ], [ -98.251085429008938, 20.08442111978048 ], [ -98.24603097003498, 20.084434149745931 ], [ -98.24265310910593, 20.086388580963281 ], [ -98.231607979586087, 20.081695309802001 ], [ -98.232848089517859, 20.07190215102721 ], [ -98.220348089039859, 20.070436511111708 ], [ -98.218401600074657, 20.079794230981506 ], [ -98.206499999961551, 20.080618481329275 ], [ -98.196754979612066, 20.084136381073975 ], [ -98.196995289517758, 20.081876050894053 ], [ -98.194716749438271, 20.078772940760675 ], [ -98.190798049801856, 20.079153121165803 ], [ -98.18096717021379, 20.0764629508487 ], [ -98.172411418588126, 20.084310820447261 ], [ -98.158539779213598, 20.085056221318361 ], [ -98.157744819613356, 20.084197860991182 ], [ -98.161630780396209, 20.077818890642295 ], [ -98.165546978628484, 20.074028519517256 ], [ -98.164547278628476, 20.070516820224295 ], [ -98.168146458645083, 20.057229710904139 ], [ -98.175851458961375, 20.05276066193624 ], [ -98.180902849263632, 20.04698553994691 ], [ -98.179471629726166, 20.040987779990488 ], [ -98.173529198672099, 20.034476340372013 ], [ -98.174996570030743, 20.02960057971319 ], [ -98.163961139045824, 20.022457819674891 ], [ -98.170789050082533, 20.01072392108254 ], [ -98.169461968938961, 20.005703339832344 ], [ -98.170765350384698, 20.005849750603808 ], [ -98.174263889082098, 19.997739400755197 ], [ -98.16042797920926, 19.978129570555431 ], [ -98.180697648689346, 19.959751570588647 ], [ -98.197825049953636, 19.959793000549862 ], [ -98.197843459626924, 19.961702569697135 ], [ -98.201140518864989, 19.96446955111405 ], [ -98.209438999776609, 19.964231971205074 ], [ -98.213108109351438, 19.965377050921326 ], [ -98.213201658927872, 19.968370110123324 ], [ -98.215941350022348, 19.968521139874937 ], [ -98.222366860205128, 19.964043119594358 ], [ -98.226746489235239, 19.956222169730946 ], [ -98.226197249154524, 19.952322370475954 ], [ -98.221024539215506, 19.947914541282469 ], [ -98.222081689345373, 19.946932059829678 ], [ -98.224718720278062, 19.948523279927738 ], [ -98.22732471950755, 19.947374890132302 ], [ -98.230172278809434, 19.949406350946322 ], [ -98.237386308857097, 19.949780971316919 ], [ -98.251603779335341, 19.948149770750938 ], [ -98.253846488998761, 19.946070220621181 ], [ -98.242192748656095, 19.941149459631667 ], [ -98.251041279432869, 19.93485129127847 ], [ -98.251725538790581, 19.929496710679775 ], [ -98.256264450194081, 19.929305019563486 ], [ -98.255173119131172, 19.925476091206072 ], [ -98.249194740075595, 19.926140091150589 ], [ -98.245309060275872, 19.923998081061633 ], [ -98.248251919752647, 19.920389421248977 ], [ -98.248072949968332, 19.917530720411779 ], [ -98.251629059185447, 19.917989691045825 ], [ -98.256339309988135, 19.915024169725314 ], [ -98.257795369930051, 19.916500521101398 ], [ -98.263417250423316, 19.915189800529724 ], [ -98.262029119089988, 19.916262310640274 ], [ -98.26782019977334, 19.916113920351915 ], [ -98.26778857003471, 19.905276340873083 ], [ -98.266040629758677, 19.901590860589693 ], [ -98.268799750125368, 19.900243060573626 ], [ -98.268209918759013, 19.897208280430494 ], [ -98.286643689078204, 19.887253970864325 ], [ -98.290933420380711, 19.888877051023062 ], [ -98.287918338630263, 19.884995480715219 ], [ -98.289042319016787, 19.881169820011976 ], [ -98.292532458770239, 19.879275489793233 ], [ -98.291074879723936, 19.87581240097181 ], [ -98.304472909768137, 19.870115879831371 ], [ -98.323043738952578, 19.842380291311244 ], [ -98.323265198867503, 19.845848109612902 ], [ -98.328159539193805, 19.845853250602381 ], [ -98.328631459182063, 19.844485831250356 ], [ -98.336944339678894, 19.846972291317268 ], [ -98.335529399746719, 19.851382369782804 ], [ -98.338284229924497, 19.852614490436448 ], [ -98.340314109677436, 19.857376490566104 ], [ -98.350311459831815, 19.860300511189198 ], [ -98.352522829630601, 19.858463520417018 ], [ -98.363410050199903, 19.86226275100363 ], [ -98.364513740258374, 19.85880222061866 ], [ -98.379168338979127, 19.861728151246499 ], [ -98.377077089161972, 19.858757579556745 ], [ -98.373708320235835, 19.857768451247278 ], [ -98.377094580222007, 19.853781350804681 ], [ -98.37337405924481, 19.852710370040977 ], [ -98.380919049727808, 19.847625279668605 ], [ -98.38271445857805, 19.852285480271373 ], [ -98.385217629620996, 19.851709230364307 ], [ -98.378939850433412, 19.892159379815091 ], [ -98.381619149630879, 19.902299490198402 ], [ -98.373222769726254, 19.909131980785443 ], [ -98.37625049033926, 19.918974151205862 ], [ -98.378712310368854, 19.919627681202432 ], [ -98.377350090166701, 19.926996021034377 ], [ -98.371870320222115, 19.93750177052631 ], [ -98.368687310332007, 19.938513181126066 ], [ -98.372550379092985, 19.942693321031321 ], [ -98.370108830175425, 19.945860261175238 ], [ -98.360788859680937, 19.946489580980973 ], [ -98.361332719817455, 19.952467050562586 ], [ -98.365847379844681, 19.957629291055746 ], [ -98.366841180200041, 19.968080890506684 ], [ -98.365730150214461, 19.970907511071484 ], [ -98.37064999891733, 19.976736090448849 ], [ -98.374103649275284, 19.975835950764509 ], [ -98.365044059782832, 19.982880920870574 ], [ -98.36093171927206, 19.982969120977071 ], [ -98.358175109864888, 19.987794520941804 ], [ -98.360561909891345, 19.989770720247666 ], [ -98.35785957914733, 19.995066250079415 ], [ -98.359719629426834, 20.000584260704478 ], [ -98.355839848874979, 20.009103771188755 ], [ -98.356541149357881, 20.021363650354868 ], [ -98.350217980411543, 20.020894109655973 ], [ -98.345047799672557, 20.022645229977648 ], [ -98.34429921895341, 20.026425919874782 ], [ -98.335746460303071, 20.034508279614336 ], [ -98.336348229269902, 20.038858090702423 ], [ -98.334451339289629, 20.0424728803312 ], [ -98.341549478985058, 20.048444151197323 ], [ -98.349974089719211, 20.046362432831785 ], [ -98.355865519011502, 20.064730480447281 ], [ -98.349958879949583, 20.064582150794337 ], [ -98.345375430044427, 20.066397230193541 ], [ -98.342590490263021, 20.061906709656302 ], [ -98.331047259327647, 20.074098089652534 ], [ -98.332027170076358, 20.075340250385022 ], [ -98.330187799595379, 20.080480750652011 ], [ -98.330807229831493, 20.083517119765254 ], [ -98.327449549833304, 20.084062150344046 ], [ -98.328547709147543, 20.086656249625861 ], [ -98.325404649629434, 20.087714519608109 ], [ -98.326226940318293, 20.093162949901831 ], [ -98.323609349255051, 20.096165481125912 ], [ -98.319395978616001, 20.094196220793226 ], [ -98.317704260350595, 20.095821541353331 ], [ -98.317668620133134, 20.09431595091052 ], [ -98.313073740292396, 20.093389750397716 ], [ -98.311965460355722, 20.09109969129457 ], [ -98.308280740315013, 20.093819629782956 ], [ -98.307544828851789, 20.097096091057853 ] ] ] ] } },
{ "type": "Feature", "properties": { "CVEGEO": "13015", "CVE_ENT": "13", "CVE_MUN": "015", "NOMGEO": "Cardonal" }, "geometry": { "type": "MultiPolygon", "coordinates": [ [ [ [ -99.036186569344935, 20.775696259732438 ], [ -99.028822489243495, 20.770884690343756 ], [ -99.023164549320896, 20.770045949790191 ], [ -99.012791138901832, 20.762671399675831 ], [ -99.011996258601968, 20.750268549990405 ], [ -99.007755139457828, 20.7461372900855 ], [ -99.004655018909375, 20.738872689998097 ], [ -99.006885379127198, 20.73230154034729 ], [ -99.00957493911271, 20.733756849530995 ], [ -99.015821938813275, 20.729426950311915 ], [ -99.019216509014612, 20.721612459852615 ], [ -99.02261096926533, 20.722483169880924 ], [ -99.023951738619047, 20.719803350125105 ], [ -99.019096108714365, 20.713216549744434 ], [ -99.021621859253216, 20.710801719645282 ], [ -99.016135019098272, 20.704811480401641 ], [ -99.018158418807559, 20.698913310333971 ], [ -99.017477508900583, 20.696889719917664 ], [ -99.009848448766704, 20.689392939534685 ], [ -99.0042296191925, 20.680944980092171 ], [ -99.008945349521923, 20.675391219699698 ], [ -99.008051819016117, 20.668986259649035 ], [ -99.009760199177222, 20.664588659885872 ], [ -99.00551853904598, 20.658543579592365 ], [ -99.005326779169891, 20.65142985983703 ], [ -99.002296419343637, 20.652664970149068 ], [ -98.997030879243511, 20.65064302001452 ], [ -98.993888648843154, 20.65114882034003 ], [ -98.993631378689145, 20.649105919573639 ], [ -98.987719048784328, 20.645649860081644 ], [ -98.982838618599772, 20.646215520245157 ], [ -98.978367428760762, 20.640802950126918 ], [ -98.969179599032984, 20.644146140253419 ], [ -98.964410828920293, 20.639470859766689 ], [ -98.964318458750398, 20.630575370144449 ], [ -98.959499909107166, 20.630622860258008 ], [ -98.955400598729341, 20.636068119574205 ], [ -98.947952599189037, 20.635097619856477 ], [ -98.94679041909248, 20.636869400131957 ], [ -98.948984078624122, 20.638347859589015 ], [ -98.946251418737532, 20.637830180353117 ], [ -98.947713509449187, 20.639096340262906 ], [ -98.946540139357552, 20.638842940076504 ], [ -98.945316108587889, 20.642691030025556 ], [ -98.943854318841304, 20.641370979739389 ], [ -98.944023109257785, 20.644722709593179 ], [ -98.943158459510315, 20.642166139567156 ], [ -98.94343777908945, 20.647515830312248 ], [ -98.940762858953306, 20.646695221204137 ], [ -98.9387135790423, 20.649421480625453 ], [ -98.931833229103248, 20.652853310152658 ], [ -98.931430949092331, 20.649626539881893 ], [ -98.928040799297634, 20.645360780396409 ], [ -98.928214079204892, 20.639984620122036 ], [ -98.932044379209458, 20.636788880375853 ], [ -98.931482399341107, 20.63472757968756 ], [ -98.934929248772406, 20.631094259585176 ], [ -98.933484658804602, 20.629590939816499 ], [ -98.939791509193228, 20.62540914015208 ], [ -98.941883458818026, 20.619350750114105 ], [ -98.945099689229963, 20.618431849745992 ], [ -98.947565938617558, 20.615501619639655 ], [ -98.948408289399026, 20.610017430347295 ], [ -98.945668508583069, 20.604301120073838 ], [ -98.952657738651652, 20.603641540369704 ], [ -98.94847379924461, 20.595924549933933 ], [ -98.945272519485329, 20.594555199808578 ], [ -98.945230119201611, 20.58640724986854 ], [ -98.946557108805507, 20.585190400280403 ], [ -98.944160599092044, 20.584229799893983 ], [ -98.944258799496808, 20.582113220220158 ], [ -98.948904078555657, 20.580231080105467 ], [ -98.951878768866735, 20.581051509796488 ], [ -98.95510968919568, 20.574956179673183 ], [ -98.957300118670332, 20.575300749887457 ], [ -98.960475939161256, 20.572306949921252 ], [ -98.963096218568623, 20.573033199641007 ], [ -98.965403688951838, 20.567796139633138 ], [ -98.963739908843408, 20.567368979699669 ], [ -98.964849569495456, 20.564982829892234 ], [ -98.962844079456985, 20.560313690025797 ], [ -98.963747509182966, 20.555068349999939 ], [ -98.96121987916645, 20.554112310091273 ], [ -98.963558519494612, 20.552613659880574 ], [ -98.962215819179406, 20.552564850269381 ], [ -98.963300229010827, 20.548808550309079 ], [ -98.961977768973966, 20.548054420428791 ], [ -98.963877819394128, 20.545551059811437 ], [ -98.961939029383444, 20.544672220255212 ], [ -98.962864108802705, 20.54288737964773 ], [ -98.961091289373016, 20.5418912500791 ], [ -98.960185649126743, 20.535877459930809 ], [ -98.958979908611553, 20.535893480383432 ], [ -98.958899628886286, 20.533698650403263 ], [ -98.957065919126009, 20.533695289630977 ], [ -98.957661689116151, 20.531490310407911 ], [ -98.953422479403955, 20.528879819813529 ], [ -98.952204998949568, 20.52620342954793 ], [ -98.950516629244319, 20.527193049868107 ], [ -98.949117779541524, 20.526007019989834 ], [ -98.958217849044345, 20.52181035039882 ], [ -98.960789648985454, 20.525847601328138 ], [ -98.965569168828736, 20.526334580458972 ], [ -98.966533309459919, 20.514245540972723 ], [ -98.972077379209722, 20.511713309768421 ], [ -98.972554119019065, 20.508067861324303 ], [ -98.970433548938885, 20.494993571019819 ], [ -98.968158999304165, 20.490183860115998 ], [ -98.968887678979343, 20.489178630918921 ], [ -98.974947428613817, 20.491452720658756 ], [ -98.98191361875412, 20.487428230635132 ], [ -98.986808689187299, 20.480960121119018 ], [ -98.992359829331761, 20.467458289572551 ], [ -98.993613089196373, 20.468946420060643 ], [ -98.997863679357735, 20.456269660310447 ], [ -99.00965562922957, 20.449236491264557 ], [ -99.014977229062865, 20.447743750199827 ], [ -99.027735519165248, 20.448930449538004 ], [ -99.026267779190903, 20.465246149930874 ], [ -99.026601709450986, 20.467046739639059 ], [ -99.028867799331209, 20.458464220711502 ], [ -99.033516688668428, 20.450822859950403 ], [ -99.033170678641511, 20.443442851017529 ], [ -99.035022539202473, 20.442738449857373 ], [ -99.033875708704599, 20.441563579862937 ], [ -99.040092949019055, 20.434194450421334 ], [ -99.042259139039302, 20.42435086092005 ], [ -99.047783288928002, 20.419073461123006 ], [ -99.059021738940558, 20.416272230286285 ], [ -99.064718228692286, 20.416384059877444 ], [ -99.066362688941496, 20.418199349533971 ], [ -99.071206019051232, 20.418771880441994 ], [ -99.073488088883934, 20.422794309894559 ], [ -99.075774489262528, 20.421023180068715 ], [ -99.077955079407928, 20.422569861338207 ], [ -99.081594569087429, 20.427916940025167 ], [ -99.081102119258247, 20.430295219931491 ], [ -99.085159509005862, 20.43504964953814 ], [ -99.0888584888895, 20.434075830111265 ], [ -99.09009390938796, 20.435736480375493 ], [ -99.091862380281682, 20.434621399682339 ], [ -99.097640088594616, 20.438265219990036 ], [ -99.101271018761139, 20.447168849692055 ], [ -99.093114578708935, 20.449270509657218 ], [ -99.093702049191606, 20.452810620137566 ], [ -99.125185708957133, 20.459637940409142 ], [ -99.131794368851033, 20.471986420068987 ], [ -99.129938338615744, 20.475643599677817 ], [ -99.128121309445888, 20.475258940258655 ], [ -99.123188378928944, 20.478374219814704 ], [ -99.121041118670846, 20.483369350343068 ], [ -99.122035799253553, 20.485220049675682 ], [ -99.116440278843271, 20.491882029605573 ], [ -99.114856738841979, 20.492467049932834 ], [ -99.111078228851738, 20.490105599999435 ], [ -99.108026199136773, 20.492066820038321 ], [ -99.107452709010303, 20.496781820352084 ], [ -99.111919939242497, 20.499217939705964 ], [ -99.112965719186235, 20.50278579957843 ], [ -99.108197398926478, 20.502941689872539 ], [ -99.105639859217248, 20.508047459784351 ], [ -99.10802419903051, 20.511525949612654 ], [ -99.101040219350423, 20.514165200138727 ], [ -99.098588199376863, 20.522095650151648 ], [ -99.103045259295669, 20.523424169744256 ], [ -99.103965048212899, 20.525899279807046 ], [ -99.106971908974984, 20.525708019198817 ], [ -99.10630207833124, 20.526982019338565 ], [ -99.108151429271004, 20.530645310066152 ], [ -99.109483447597327, 20.530254109828238 ], [ -99.111253848310696, 20.535837820174148 ], [ -99.111672229056907, 20.536043549632769 ], [ -99.11325764893131, 20.533404649825389 ], [ -99.118565709405019, 20.530878199993978 ], [ -99.124904249210772, 20.530142719615927 ], [ -99.129289549060502, 20.536226550257492 ], [ -99.136486798902098, 20.536898349690183 ], [ -99.136554828900856, 20.543543509598447 ], [ -99.137820878940587, 20.543311860256775 ], [ -99.139260458581404, 20.548596749717287 ], [ -99.142120848602119, 20.549709220067541 ], [ -99.14982402949046, 20.546324399636127 ], [ -99.149663968706122, 20.554271650337732 ], [ -99.152683308724889, 20.555247370213518 ], [ -99.153869109456664, 20.551889910120579 ], [ -99.158300879392357, 20.556528449660551 ], [ -99.15162007896393, 20.562631570182198 ], [ -99.144839629058765, 20.563064830405803 ], [ -99.148088818722115, 20.568245800343949 ], [ -99.147634369218963, 20.590638420134109 ], [ -99.148593179290927, 20.592039490072633 ], [ -99.149427859250366, 20.590337119554842 ], [ -99.150307399014721, 20.592505349894562 ], [ -99.151538058941441, 20.590640179660888 ], [ -99.151324618694233, 20.596886980334506 ], [ -99.153334449329151, 20.600608739708306 ], [ -99.150674779038127, 20.609501429724187 ], [ -99.151030419368794, 20.616826799652834 ], [ -99.15568733907503, 20.617848029998132 ], [ -99.15716405889637, 20.624719279915848 ], [ -99.165102138593298, 20.626066319671047 ], [ -99.158501458858282, 20.632423540158104 ], [ -99.164151679024712, 20.64168182026404 ], [ -99.169873458980362, 20.647564350325283 ], [ -99.170186878983429, 20.650188430417536 ], [ -99.179616049061707, 20.659425939842841 ], [ -99.177531198843951, 20.660669259794457 ], [ -99.17841377945507, 20.662764319759532 ], [ -99.17696124883652, 20.663775890006953 ], [ -99.171566489305761, 20.662115939710105 ], [ -99.170451768707224, 20.663371940048012 ], [ -99.173181019093235, 20.668541309578828 ], [ -99.169858079000335, 20.674902879642502 ], [ -99.17182564915116, 20.699399660320751 ], [ -99.17541622912897, 20.703104769596276 ], [ -99.176703509762305, 20.708781950382114 ], [ -99.175838109424419, 20.711044450186229 ], [ -99.164154058902113, 20.709915819750272 ], [ -99.163136658770682, 20.707987079563111 ], [ -99.159970079083891, 20.710545289855041 ], [ -99.154074648749315, 20.71142477978476 ], [ -99.147195538814088, 20.709719570015224 ], [ -99.13837488934594, 20.716585539787818 ], [ -99.131800139240397, 20.713875689954744 ], [ -99.133545708787452, 20.719484890373202 ], [ -99.13688450943333, 20.723513119750152 ], [ -99.138320229495704, 20.730302369830309 ], [ -99.124279918700864, 20.727780570077336 ], [ -99.1219169186313, 20.733170460026916 ], [ -99.121979048964789, 20.737898570416267 ], [ -99.117372178868379, 20.734860690238833 ], [ -99.11671210932731, 20.735863660332871 ], [ -99.118666879289179, 20.740566509750451 ], [ -99.11745641887525, 20.742771970013777 ], [ -99.122011138754161, 20.746959080251454 ], [ -99.112281119187926, 20.749017939688777 ], [ -99.112037889354596, 20.751936079634397 ], [ -99.102720768710896, 20.753304419846891 ], [ -99.097340199523089, 20.751223859734338 ], [ -99.094617169272809, 20.756431620033382 ], [ -99.090263178917382, 20.759285480090572 ], [ -99.087091659103649, 20.767751909952551 ], [ -99.082589649113672, 20.767301600183874 ], [ -99.080466860252969, 20.76865316969938 ], [ -99.079757168738837, 20.766405290118261 ], [ -99.084700379025236, 20.754649579605747 ], [ -99.083403879349959, 20.750895399988657 ], [ -99.06738822880213, 20.755111889554044 ], [ -99.064194259298048, 20.758449219755772 ], [ -99.060441379268397, 20.759642030348882 ], [ -99.059977319116925, 20.765803339578493 ], [ -99.050157578635449, 20.765524509895496 ], [ -99.040774979052401, 20.770399679644004 ], [ -99.036186569344935, 20.775696259732438 ] ] ] ] } },
{ "type": "Feature", "properties": { "CVEGEO": "13014", "CVE_ENT": "13", "CVE_MUN": "014", "NOMGEO": "Calnali" }, "geometry": { "type": "MultiPolygon", "coordinates": [ [ [ [ -98.458284770329186, 20.968539769610693 ], [ -98.450087720331311, 20.965860690125872 ], [ -98.451759710308266, 20.963466059846425 ], [ -98.438927449921593, 20.959014599699543 ], [ -98.430024480136382, 20.961823979759373 ], [ -98.427403820327186, 20.958596629858754 ], [ -98.425202049686561, 20.948447780344164 ], [ -98.429603910177917, 20.935803279693587 ], [ -98.427835029968222, 20.932996979762166 ], [ -98.422210909645301, 20.934786599652924 ], [ -98.423671940004439, 20.925429490275352 ], [ -98.425031119917776, 20.925001059762177 ], [ -98.423918080181963, 20.920187800276537 ], [ -98.42993483032096, 20.91803864972702 ], [ -98.440173940187904, 20.918174379972278 ], [ -98.442695339588184, 20.91383046031784 ], [ -98.440489219545725, 20.906498650126725 ], [ -98.44197705015921, 20.906922109926363 ], [ -98.439495379870593, 20.901901979912477 ], [ -98.444604820002823, 20.899997310408519 ], [ -98.443752620454845, 20.896581420273417 ], [ -98.445388289981167, 20.885140740407699 ], [ -98.432161350315695, 20.864540690146185 ], [ -98.437427120205427, 20.863661029600888 ], [ -98.440077999874617, 20.865386479755088 ], [ -98.438312740385314, 20.860275459604768 ], [ -98.456670249560958, 20.871309340190951 ], [ -98.458082089602073, 20.876810599727705 ], [ -98.461927400175441, 20.879250180000298 ], [ -98.462584370276332, 20.877982920409035 ], [ -98.466086489710989, 20.877993679570242 ], [ -98.464098460256636, 20.875349779698261 ], [ -98.467980580005701, 20.874007999752873 ], [ -98.468926280246677, 20.869766890290997 ], [ -98.473139629700626, 20.872207650433403 ], [ -98.479370250234581, 20.872682750230009 ], [ -98.481770719877446, 20.876572549796411 ], [ -98.487282999881742, 20.87410791987848 ], [ -98.489536739954858, 20.880408140376645 ], [ -98.498959679953359, 20.879217250411195 ], [ -98.502114250399217, 20.885468520166615 ], [ -98.506772708683783, 20.88680089099504 ], [ -98.507980489150029, 20.88479631012796 ], [ -98.51231007972288, 20.886865851063206 ], [ -98.518455319453338, 20.881864030708361 ], [ -98.527252060117064, 20.879362420997104 ], [ -98.536692150405798, 20.878590510876545 ], [ -98.540434379655295, 20.879813310149753 ], [ -98.5409125989042, 20.87471797072617 ], [ -98.545396579026701, 20.877496709682308 ], [ -98.55079213910409, 20.869648720640207 ], [ -98.564624079567437, 20.866275001292113 ], [ -98.565788400172877, 20.861724880833584 ], [ -98.577789660087646, 20.86134894088109 ], [ -98.57639181946287, 20.857049199640283 ], [ -98.573102688931129, 20.854632971213984 ], [ -98.574862720077306, 20.849118861358836 ], [ -98.577456909132124, 20.852663110022082 ], [ -98.580952319131072, 20.854328780016647 ], [ -98.581144819343294, 20.856206779970265 ], [ -98.582832678805588, 20.855353149759114 ], [ -98.583483549037197, 20.850996770023695 ], [ -98.587223018670386, 20.850642710099702 ], [ -98.589189229358468, 20.847409251169903 ], [ -98.591359939285439, 20.849408109818629 ], [ -98.595514430346185, 20.847830179833029 ], [ -98.59820977872549, 20.851019181141076 ], [ -98.599988400042449, 20.85010106080566 ], [ -98.602416370345551, 20.852126349647566 ], [ -98.60429515012612, 20.848186109887578 ], [ -98.612984480107357, 20.847955020282843 ], [ -98.612362428987169, 20.846658939912707 ], [ -98.615033419787252, 20.845192659628776 ], [ -98.623443489740254, 20.846686721055914 ], [ -98.626468229506841, 20.842857849807658 ], [ -98.63164203003501, 20.842780491196546 ], [ -98.630791848865798, 20.839896659910561 ], [ -98.634762318965485, 20.842329451218465 ], [ -98.640932510337691, 20.839757430117988 ], [ -98.642375350435444, 20.840183820212637 ], [ -98.642236459572686, 20.842737219818428 ], [ -98.648249739786266, 20.84205137972338 ], [ -98.648784340272144, 20.843745969992291 ], [ -98.651448079776571, 20.84292285075059 ], [ -98.653209769928907, 20.845151980448591 ], [ -98.651487889760872, 20.849886749693894 ], [ -98.653458150266943, 20.855650890293138 ], [ -98.652300249838987, 20.861949000057439 ], [ -98.662732750110067, 20.861917650135609 ], [ -98.665253659849171, 20.867424419837729 ], [ -98.668498139519357, 20.869339350443127 ], [ -98.668936380120741, 20.874753510190498 ], [ -98.665076050415664, 20.879094420326016 ], [ -98.667024970409486, 20.879323740354259 ], [ -98.666266550307938, 20.882640379742508 ], [ -98.667497629752233, 20.883937120375119 ], [ -98.666087619889325, 20.885179179739321 ], [ -98.669101859652145, 20.887005279797446 ], [ -98.669201749719761, 20.889303819877977 ], [ -98.661848309700858, 20.894252430050283 ], [ -98.660087659587788, 20.899822509700495 ], [ -98.656059829926335, 20.895644089874658 ], [ -98.651116220176647, 20.893328349759628 ], [ -98.641457279545619, 20.897991340400555 ], [ -98.630739089901098, 20.896661449730193 ], [ -98.629105949643147, 20.898298020013904 ], [ -98.630706030145461, 20.899602890279684 ], [ -98.626332139957469, 20.906570400433175 ], [ -98.634896090117053, 20.908852799879234 ], [ -98.635921679935564, 20.909997320338 ], [ -98.634821859933822, 20.913559970289786 ], [ -98.645473939896434, 20.916953820120781 ], [ -98.649976600223027, 20.921721709970686 ], [ -98.649929550211681, 20.924181370262129 ], [ -98.648726860347992, 20.926157230017857 ], [ -98.644466459605965, 20.925758120055281 ], [ -98.640301650118644, 20.928715449614643 ], [ -98.640315110368519, 20.931672420448418 ], [ -98.636682549622719, 20.936669880153651 ], [ -98.637412399792908, 20.938487879642178 ], [ -98.633799749657598, 20.940767830025806 ], [ -98.633170740236167, 20.943258079979728 ], [ -98.618327249897717, 20.951758820201388 ], [ -98.612729480206951, 20.950434340429418 ], [ -98.609336629880872, 20.954959860404049 ], [ -98.597003180409047, 20.952766829964091 ], [ -98.595756620060399, 20.955259879908251 ], [ -98.591689080214209, 20.956695080120987 ], [ -98.589255580116628, 20.955554539806339 ], [ -98.584685769648814, 20.958472679856694 ], [ -98.582397659845952, 20.956408310364576 ], [ -98.579879550264778, 20.957976170206532 ], [ -98.578285569668651, 20.954155979911114 ], [ -98.571793309955297, 20.956681650200775 ], [ -98.569273479901454, 20.953421339833287 ], [ -98.555652770410532, 20.951706279652292 ], [ -98.556835249865287, 20.949379620138448 ], [ -98.554963769619846, 20.944947849976835 ], [ -98.55541285046391, 20.939517230204942 ], [ -98.55359548007813, 20.934292120432094 ], [ -98.548910309809955, 20.931429749617472 ], [ -98.535323910056661, 20.933335430076195 ], [ -98.529584029532487, 20.937291219710442 ], [ -98.528038220264648, 20.935205510425853 ], [ -98.530863629580097, 20.933111999871223 ], [ -98.526685910188533, 20.930359569651085 ], [ -98.518839219538506, 20.937611770238185 ], [ -98.518483480325855, 20.941536370411637 ], [ -98.516211650145792, 20.942923659866469 ], [ -98.50976298006087, 20.938532229742037 ], [ -98.507830089927154, 20.931808290324788 ], [ -98.499410449971037, 20.93460511009371 ], [ -98.492900980306572, 20.940798939635258 ], [ -98.48964437004426, 20.946070679745542 ], [ -98.48859628995119, 20.958284139907619 ], [ -98.486323110399596, 20.962898490367216 ], [ -98.481261889885573, 20.965751769790739 ], [ -98.477067400359118, 20.965979659811794 ], [ -98.469753059777688, 20.960368250022757 ], [ -98.459576080210283, 20.965979539840362 ], [ -98.458284770329186, 20.968539769610693 ] ] ] ] } },
{ "type": "Feature", "properties": { "CVEGEO": "13068", "CVE_ENT": "13", "CVE_MUN": "068", "NOMGEO": "Tianguistengo" }, "geometry": { "type": "MultiPolygon", "coordinates": [ [ [ [ -98.505201489541435, 20.885801800124618 ], [ -98.499981249868725, 20.883408169868371 ], [ -98.498959679953359, 20.879217250411195 ], [ -98.489536739954858, 20.880408140376645 ], [ -98.487282999881742, 20.87410791987848 ], [ -98.481770719877446, 20.876572549796411 ], [ -98.479370250234581, 20.872682750230009 ], [ -98.473139629700626, 20.872207650433403 ], [ -98.468926280246677, 20.869766890290997 ], [ -98.467980580005701, 20.874007999752873 ], [ -98.464098460256636, 20.875349779698261 ], [ -98.466086489710989, 20.877993679570242 ], [ -98.462584370276332, 20.877982920409035 ], [ -98.461927400175441, 20.879250180000298 ], [ -98.458082089602073, 20.876810599727705 ], [ -98.456670249560958, 20.871309340190951 ], [ -98.431150710064159, 20.856848910370704 ], [ -98.428222489612878, 20.851106029745218 ], [ -98.425138309585179, 20.849604579651029 ], [ -98.426866910316249, 20.847101830165101 ], [ -98.427631950420519, 20.849305480020167 ], [ -98.430638580319069, 20.847672430051379 ], [ -98.42952068009987, 20.846958120423245 ], [ -98.432324879699891, 20.840977060105772 ], [ -98.43318674968333, 20.841834580349303 ], [ -98.439375429584786, 20.838335580440393 ], [ -98.440454280410933, 20.83564804961259 ], [ -98.443680180330972, 20.834323510164221 ], [ -98.444027460364708, 20.828992229899903 ], [ -98.451071820114009, 20.820027570379558 ], [ -98.452123649977764, 20.812881510228838 ], [ -98.449218770422902, 20.810094709601085 ], [ -98.449341749780885, 20.807314109982023 ], [ -98.455852029957555, 20.789519050349298 ], [ -98.460516059805315, 20.78812794967142 ], [ -98.463230549762955, 20.785177109607027 ], [ -98.460516970022795, 20.778983140065577 ], [ -98.463923570127548, 20.775114340232655 ], [ -98.464345719646332, 20.771925970206471 ], [ -98.461646219691275, 20.770170309834945 ], [ -98.460099419979514, 20.76284833962287 ], [ -98.456037179827675, 20.755610349572748 ], [ -98.449728879873561, 20.751345709871547 ], [ -98.457566140443348, 20.74690729003304 ], [ -98.470699859847201, 20.744942719894034 ], [ -98.476012690024831, 20.738925320395708 ], [ -98.496811139645317, 20.736830119724562 ], [ -98.503610510230814, 20.732226689762538 ], [ -98.507287199902976, 20.738050369630542 ], [ -98.508138650311622, 20.744189399941334 ], [ -98.51597000036719, 20.743228089845434 ], [ -98.5177963199679, 20.740159939568365 ], [ -98.514439660161344, 20.736179910126065 ], [ -98.514493320215408, 20.7323223795686 ], [ -98.510532629715073, 20.733862769771573 ], [ -98.506438060314309, 20.733119149736215 ], [ -98.51097488973042, 20.728679179609927 ], [ -98.51396052002211, 20.728170690214505 ], [ -98.513452229893318, 20.726598570290214 ], [ -98.5156822497609, 20.725355569939833 ], [ -98.520738020362799, 20.726796850223888 ], [ -98.524537599816583, 20.721693980166574 ], [ -98.531538059584648, 20.716586290229706 ], [ -98.531988399612658, 20.713282709936497 ], [ -98.534153849782129, 20.716060879556011 ], [ -98.533500740078892, 20.717220450229583 ], [ -98.538126280284175, 20.721431480400433 ], [ -98.532644320092658, 20.723025909570676 ], [ -98.53239425991255, 20.725857649629639 ], [ -98.536064860345675, 20.726584570310528 ], [ -98.539286509798814, 20.730940880168479 ], [ -98.552037119997621, 20.73484653957621 ], [ -98.554952819953613, 20.729810829885892 ], [ -98.557654949686025, 20.729065859981919 ], [ -98.56316651960212, 20.723267519613731 ], [ -98.561436710033632, 20.720508339735165 ], [ -98.563999249942228, 20.716659030225177 ], [ -98.56226463027474, 20.714676220106075 ], [ -98.563885450306486, 20.711244050125099 ], [ -98.562064479653358, 20.708697089585428 ], [ -98.563578599908482, 20.708537709951202 ], [ -98.563242080043821, 20.705408259742875 ], [ -98.573858449809151, 20.70087415019627 ], [ -98.576265449692656, 20.702330509617916 ], [ -98.574653969817163, 20.703639860364778 ], [ -98.574777689930585, 20.712299909964614 ], [ -98.571833780199725, 20.713289089935774 ], [ -98.572405849811844, 20.717260720313956 ], [ -98.571002969670914, 20.718481370310979 ], [ -98.573178350094111, 20.719443430423507 ], [ -98.574909939978824, 20.71754051035829 ], [ -98.579262090432124, 20.717151430240566 ], [ -98.581154659792034, 20.718736820191754 ], [ -98.583599319850208, 20.715575679627413 ], [ -98.58072290956666, 20.711068349695687 ], [ -98.58292568997129, 20.708110880016687 ], [ -98.58283768045348, 20.704564909974355 ], [ -98.587523369940044, 20.707181860118006 ], [ -98.589902059714703, 20.705926820127516 ], [ -98.594190060364284, 20.697481220023704 ], [ -98.598280650031981, 20.694984980240747 ], [ -98.600037619858199, 20.691115819646182 ], [ -98.606679630324848, 20.689472770109507 ], [ -98.618121250458358, 20.682948060366307 ], [ -98.62647966004927, 20.682422029708057 ], [ -98.632006460282128, 20.679303780129864 ], [ -98.636087080050686, 20.679667619629512 ], [ -98.639298850271743, 20.677661540035867 ], [ -98.647137550259046, 20.67685477007949 ], [ -98.642756479843442, 20.678837050405065 ], [ -98.64023685040776, 20.685271230356882 ], [ -98.642936170374227, 20.694885829823967 ], [ -98.646354940328791, 20.697069740221348 ], [ -98.645328419552087, 20.703888780067377 ], [ -98.648950119812682, 20.699447229634817 ], [ -98.65656291957913, 20.699404979928865 ], [ -98.663326909687413, 20.69731637999363 ], [ -98.663182249915025, 20.700486420283852 ], [ -98.666799919741806, 20.701540740080727 ], [ -98.668841510070209, 20.70640845045434 ], [ -98.673901169001212, 20.708455310545812 ], [ -98.683147510216997, 20.715774280144945 ], [ -98.684614339146208, 20.722553861044631 ], [ -98.688949879902282, 20.7246676608857 ], [ -98.687896369829275, 20.732624620825924 ], [ -98.682520118799559, 20.735036659774742 ], [ -98.679672259840046, 20.738697980051477 ], [ -98.678357569614036, 20.741878081351345 ], [ -98.68020049022509, 20.742842000113868 ], [ -98.679577579521464, 20.744595150636204 ], [ -98.675140059137505, 20.743816380302754 ], [ -98.672270419786841, 20.747378830898871 ], [ -98.670285540197924, 20.747144031336557 ], [ -98.668059660193336, 20.751500110096252 ], [ -98.665002540030386, 20.75264825998865 ], [ -98.655776290365068, 20.753518060606243 ], [ -98.653992149883976, 20.751361480577884 ], [ -98.647586799824808, 20.752398289575183 ], [ -98.643671748623035, 20.754952770330735 ], [ -98.641466019420221, 20.754127580925591 ], [ -98.640135180131765, 20.757101570117666 ], [ -98.637488090049388, 20.755982141142237 ], [ -98.635819369037577, 20.757421310978181 ], [ -98.633117019442125, 20.75403257957737 ], [ -98.627429220442636, 20.752996399663981 ], [ -98.626144519777981, 20.751294049783592 ], [ -98.623689800348544, 20.752049750177875 ], [ -98.62259077893053, 20.750142281260732 ], [ -98.621434320187404, 20.752083800921657 ], [ -98.611931179539908, 20.752803450798421 ], [ -98.609655889004216, 20.754941380093655 ], [ -98.606884688639354, 20.754163510398744 ], [ -98.60495383030613, 20.758645849707985 ], [ -98.600675980458078, 20.758320630599464 ], [ -98.598052920358214, 20.762096090832046 ], [ -98.592966489510317, 20.760281800613697 ], [ -98.588406378784299, 20.762130479763542 ], [ -98.588153118620014, 20.763673170152909 ], [ -98.585457380302401, 20.763046881196878 ], [ -98.581766478696025, 20.765570281260963 ], [ -98.581683688807274, 20.767458750750112 ], [ -98.583678979273799, 20.768183199876841 ], [ -98.582489050445034, 20.773067710431473 ], [ -98.584094778847913, 20.775836940803551 ], [ -98.581455748901945, 20.780407170083613 ], [ -98.576992168960729, 20.781209621218178 ], [ -98.573747420481567, 20.783948199991425 ], [ -98.566883229686113, 20.784190721086063 ], [ -98.563935779459015, 20.789729970638984 ], [ -98.565770878909916, 20.791842799760236 ], [ -98.572092980257366, 20.794042059917487 ], [ -98.574612059293344, 20.797169060664768 ], [ -98.584148139618677, 20.801456370662088 ], [ -98.58794373929581, 20.806670221105669 ], [ -98.595549548925916, 20.808257051308736 ], [ -98.595214829941355, 20.811204909952831 ], [ -98.591438460376253, 20.811792119580272 ], [ -98.589803949194973, 20.814792339607624 ], [ -98.587967059557741, 20.812052350275668 ], [ -98.586589138800306, 20.814117310102027 ], [ -98.584804980090553, 20.812877970067685 ], [ -98.583330420048625, 20.81404143073852 ], [ -98.584129969546595, 20.818946460461458 ], [ -98.590613178847192, 20.824300029822865 ], [ -98.592340599777998, 20.82831502098129 ], [ -98.590358860132767, 20.830526800821655 ], [ -98.588976460265712, 20.837066539569008 ], [ -98.584819399908511, 20.840847980249816 ], [ -98.581696779476815, 20.836930719904188 ], [ -98.573773250318922, 20.832941910108005 ], [ -98.565364169611527, 20.832381619962259 ], [ -98.56653711980718, 20.835615909815075 ], [ -98.556354569034724, 20.844467290761568 ], [ -98.539357518992404, 20.842420769632806 ], [ -98.533216079299507, 20.846755480557448 ], [ -98.529726920270605, 20.846209420827709 ], [ -98.525354549159843, 20.851601519875228 ], [ -98.522825088657768, 20.852442769531521 ], [ -98.521294648544441, 20.858557750828066 ], [ -98.51427645919749, 20.866138540822465 ], [ -98.50983233890851, 20.868212121165556 ], [ -98.505768520163627, 20.877266519957054 ], [ -98.505752598708071, 20.882132741023341 ], [ -98.507101459950448, 20.883182140471629 ], [ -98.505201489541435, 20.885801800124618 ] ] ] ] } },
{ "type": "Feature", "properties": { "CVEGEO": "13084", "CVE_ENT": "13", "CVE_MUN": "084", "NOMGEO": "Zimapán" }, "geometry": { "type": "MultiPolygon", "coordinates": [ [ [ [ -99.2203521790791, 20.95369787997862 ], [ -99.219001178695265, 20.95026896992643 ], [ -99.210941749281048, 20.944160859872024 ], [ -99.210764278741493, 20.940712549651089 ], [ -99.208723548912488, 20.938998709584691 ], [ -99.209194168808693, 20.935845619896607 ], [ -99.206335108641454, 20.935482119548972 ], [ -99.205696228596452, 20.932264780220081 ], [ -99.209356338962252, 20.926901579558777 ], [ -99.207963689305572, 20.924083629630388 ], [ -99.21048201878088, 20.92261762971259 ], [ -99.209432398960899, 20.919015569770139 ], [ -99.203395379365162, 20.912402080375813 ], [ -99.203846089045911, 20.905326319860976 ], [ -99.198571689317035, 20.894809750224979 ], [ -99.203237889292296, 20.889472889918839 ], [ -99.204338278875497, 20.884153219722386 ], [ -99.203989879454937, 20.880187999795002 ], [ -99.198120818639154, 20.87602062009989 ], [ -99.197512749020277, 20.87313686031413 ], [ -99.20261517883884, 20.873469980040891 ], [ -99.202852749219332, 20.870654349995654 ], [ -99.205785048818086, 20.870229549602293 ], [ -99.209478858792238, 20.866678320303528 ], [ -99.207099418874762, 20.860495139734049 ], [ -99.212930288552315, 20.85748322008018 ], [ -99.209755459393833, 20.853526630013004 ], [ -99.216463719161709, 20.842152720236651 ], [ -99.216570818850073, 20.839425029904156 ], [ -99.217970738865688, 20.839929139985774 ], [ -99.216396429065739, 20.836802060435438 ], [ -99.213914878997258, 20.836195859848885 ], [ -99.213129309183131, 20.837988940427781 ], [ -99.208814198814437, 20.835899289751268 ], [ -99.210813509160474, 20.830133939759026 ], [ -99.208345169219058, 20.820599550116413 ], [ -99.210763659299104, 20.818471060053433 ], [ -99.212169689461973, 20.813755519543211 ], [ -99.21536639908949, 20.813849829750637 ], [ -99.217345549470949, 20.811132829774966 ], [ -99.22186810904681, 20.810688909777308 ], [ -99.222930888653309, 20.808652600149031 ], [ -99.229331249258834, 20.810196909547887 ], [ -99.232999308893554, 20.806501910408691 ], [ -99.234721718927247, 20.807435169775705 ], [ -99.235581278979268, 20.807435860136323 ], [ -99.233341059259985, 20.80622065026801 ], [ -99.235969908814667, 20.804004289814479 ], [ -99.23718961945562, 20.804466000063211 ], [ -99.236273049287519, 20.805163369966088 ], [ -99.240365598927895, 20.804329740162004 ], [ -99.240510079410129, 20.793498920223048 ], [ -99.239052028646654, 20.78422746009684 ], [ -99.236503579241145, 20.781491540411057 ], [ -99.237432259279799, 20.778806489803355 ], [ -99.233706479386385, 20.77441777007801 ], [ -99.226977798588351, 20.77301589029922 ], [ -99.225468909111953, 20.770709820314515 ], [ -99.231106178810478, 20.763374719923242 ], [ -99.241549769085793, 20.758364969883353 ], [ -99.252240169197719, 20.762710600081441 ], [ -99.254030418843627, 20.759253619822221 ], [ -99.259560818787463, 20.75561034002062 ], [ -99.262308709472222, 20.755459629703026 ], [ -99.263378488707858, 20.752422690367286 ], [ -99.266255938778045, 20.750498890355953 ], [ -99.260935949219643, 20.74857577981189 ], [ -99.255719378983315, 20.74133487956486 ], [ -99.256723778676104, 20.724698650408623 ], [ -99.262125258568389, 20.72002145985017 ], [ -99.264190799211335, 20.712825379550267 ], [ -99.275021148823029, 20.700280519549921 ], [ -99.27777750858229, 20.694085430038825 ], [ -99.27564648947741, 20.684909320408849 ], [ -99.286861048721732, 20.682447980127716 ], [ -99.280577859132833, 20.680654260370197 ], [ -99.273211508941714, 20.675336769907631 ], [ -99.276976889366324, 20.666518489704593 ], [ -99.276940568810744, 20.661922859773171 ], [ -99.281182689341293, 20.65969832003535 ], [ -99.282461459140677, 20.655524250056995 ], [ -99.284371369165186, 20.654779080090499 ], [ -99.280255108648191, 20.653064879638784 ], [ -99.28051824933911, 20.65090320020138 ], [ -99.274595458654318, 20.652161199622778 ], [ -99.2773923789413, 20.64959882985665 ], [ -99.275576019025081, 20.642155549841945 ], [ -99.278684598734614, 20.641419779544698 ], [ -99.274414658637212, 20.636277380113782 ], [ -99.269604918960169, 20.635090519564681 ], [ -99.270619018752157, 20.629746520207181 ], [ -99.266299769227132, 20.623104400421692 ], [ -99.266678948942214, 20.62077997026249 ], [ -99.262841969025303, 20.620558379696082 ], [ -99.257201888808765, 20.616657449575964 ], [ -99.255737029073146, 20.61377997992923 ], [ -99.256118829421254, 20.606288860119939 ], [ -99.261405279165771, 20.600790279938995 ], [ -99.261872378738403, 20.596716620040816 ], [ -99.270347548890044, 20.591186540370455 ], [ -99.272502279278299, 20.584590710385633 ], [ -99.274626088569519, 20.59017942046636 ], [ -99.274425938787132, 20.598780680888037 ], [ -99.280860599419213, 20.608865291208414 ], [ -99.283130859031928, 20.609268230864068 ], [ -99.283658579015622, 20.601721661060292 ], [ -99.289366048650223, 20.594965251327778 ], [ -99.288315509241727, 20.593380311255977 ], [ -99.302494138777902, 20.58498331129211 ], [ -99.305236909181588, 20.580740510589003 ], [ -99.304781678917053, 20.576439940915474 ], [ -99.312077079182828, 20.57298580112365 ], [ -99.314175658768988, 20.570387601326029 ], [ -99.315196629120479, 20.573842520841929 ], [ -99.326593428848071, 20.578344860501328 ], [ -99.328339629150506, 20.583549620607819 ], [ -99.336764798577761, 20.576285850946348 ], [ -99.349798488549368, 20.57619402092493 ], [ -99.35152839882744, 20.57775123124474 ], [ -99.351344739028164, 20.582969800552441 ], [ -99.352980908605645, 20.583723750681017 ], [ -99.355842169349174, 20.58153085129906 ], [ -99.361132999420164, 20.582074380952374 ], [ -99.362351319129019, 20.578088450793405 ], [ -99.364127088799179, 20.577556490693905 ], [ -99.368941509079519, 20.583387350689968 ], [ -99.369119769275287, 20.589384030514516 ], [ -99.371711549223264, 20.588242320699933 ], [ -99.374796768730462, 20.590846801195593 ], [ -99.379206338849173, 20.591268920940021 ], [ -99.382865088589767, 20.588223481096101 ], [ -99.386890379438725, 20.589890091257558 ], [ -99.388986569169091, 20.596243121143807 ], [ -99.392738278562504, 20.598092911240208 ], [ -99.39175697919552, 20.600925140676257 ], [ -99.393534138978268, 20.603615181168522 ], [ -99.399903738942669, 20.600639231037448 ], [ -99.403204579416752, 20.60071135118141 ], [ -99.404277769430891, 20.599159510580041 ], [ -99.408767598603248, 20.601806860641897 ], [ -99.408534458637675, 20.604148380633035 ], [ -99.410503429379375, 20.604697551336287 ], [ -99.411425578636994, 20.601241001027102 ], [ -99.415259598626932, 20.603080650957438 ], [ -99.41508188947364, 20.599808060907002 ], [ -99.418983059154527, 20.602293220775167 ], [ -99.419714379070584, 20.604821400460462 ], [ -99.424152179481638, 20.603535520599113 ], [ -99.429522138985718, 20.60777968066845 ], [ -99.434121019168785, 20.606136181025299 ], [ -99.44007019888214, 20.609092290574708 ], [ -99.446079119327436, 20.607020400569624 ], [ -99.452251578579677, 20.607481771201758 ], [ -99.453279348634624, 20.609539140400674 ], [ -99.450718369258396, 20.614440939962861 ], [ -99.449309218983259, 20.623057110146533 ], [ -99.450372058968085, 20.626266600214329 ], [ -99.456356519346443, 20.625954200239519 ], [ -99.45957710899583, 20.628889029792724 ], [ -99.462245378847129, 20.627291629645459 ], [ -99.468307798601188, 20.629295629804069 ], [ -99.479992278719124, 20.635405579943221 ], [ -99.482185108583352, 20.640131580058146 ], [ -99.487461819384151, 20.643210679803456 ], [ -99.492978109409847, 20.643073619547703 ], [ -99.492623309168081, 20.64820306016771 ], [ -99.490200318785128, 20.651114229874068 ], [ -99.495581198617117, 20.65193241966837 ], [ -99.496490149018612, 20.653825650081082 ], [ -99.495067679178405, 20.655932970271618 ], [ -99.501861078777523, 20.658875029839244 ], [ -99.501276418582478, 20.664421739668242 ], [ -99.504153479265696, 20.667281580074775 ], [ -99.504018969127543, 20.669748599865983 ], [ -99.501315089146587, 20.670579999996384 ], [ -99.500642078789127, 20.673042509739602 ], [ -99.503844339102088, 20.671840980055475 ], [ -99.511017289062352, 20.678315049540121 ], [ -99.504937289469751, 20.680818419839319 ], [ -99.506234949334186, 20.682325200189737 ], [ -99.505540318675529, 20.684700520375063 ], [ -99.508887308572369, 20.686206679977051 ], [ -99.509554138756386, 20.689669599774863 ], [ -99.52271604885614, 20.701657019864253 ], [ -99.526390449055555, 20.702679780404438 ], [ -99.528377858782804, 20.705110430341975 ], [ -99.534152199046446, 20.705826540216602 ], [ -99.53567293870654, 20.711663920316791 ], [ -99.539427109424452, 20.713893650116326 ], [ -99.539687478562755, 20.716802050319508 ], [ -99.543666769475706, 20.718412879744381 ], [ -99.543285339041716, 20.721188509730815 ], [ -99.545342248764058, 20.723598849589411 ], [ -99.544212548685152, 20.726015369728913 ], [ -99.54776799899264, 20.729665110398603 ], [ -99.548471289315756, 20.737197750439602 ], [ -99.544710018975223, 20.742106919711414 ], [ -99.544307519425487, 20.745014969869274 ], [ -99.539350088724845, 20.746704380330598 ], [ -99.537524539127361, 20.749470600323576 ], [ -99.528675108977467, 20.752004049772424 ], [ -99.526187108685917, 20.755953120326701 ], [ -99.524038948781893, 20.756389910040234 ], [ -99.521739429354255, 20.754470000012095 ], [ -99.518378678728467, 20.759896089780089 ], [ -99.509733059296352, 20.765721110169633 ], [ -99.503708079006174, 20.765955979686062 ], [ -99.506452219225352, 20.771716979869826 ], [ -99.502393199500403, 20.773874369864675 ], [ -99.501169918664388, 20.779560659853296 ], [ -99.497051948611229, 20.780752720137201 ], [ -99.496306078584851, 20.782352599780388 ], [ -99.497417878656222, 20.784665400198385 ], [ -99.502184709181776, 20.78719480032516 ], [ -99.50376884920793, 20.794832940400248 ], [ -99.497253578950065, 20.79094462973806 ], [ -99.491534859073454, 20.795041800054864 ], [ -99.488706279098295, 20.799366659963272 ], [ -99.48926284874716, 20.80223595035719 ], [ -99.497628088751284, 20.802318280421694 ], [ -99.499727458817375, 20.804273370376922 ], [ -99.494131228863949, 20.806782280310568 ], [ -99.493192978829299, 20.811102979864799 ], [ -99.485289538559044, 20.817827549745139 ], [ -99.484691308951327, 20.826372480385739 ], [ -99.48873181945838, 20.832932890437252 ], [ -99.482571998805142, 20.839248750112066 ], [ -99.479219048558562, 20.839317769976113 ], [ -99.475569738656773, 20.842867170216852 ], [ -99.469250418696944, 20.844662720122656 ], [ -99.465481628841246, 20.849201860114064 ], [ -99.459184718795385, 20.847933549782638 ], [ -99.456539509052192, 20.849018800180726 ], [ -99.455604538732885, 20.850122780024066 ], [ -99.457015908676794, 20.855419519894824 ], [ -99.454432028748244, 20.857975580402012 ], [ -99.452104518930184, 20.857781830269992 ], [ -99.448241658863424, 20.852742090167933 ], [ -99.446064059509965, 20.853031059599846 ], [ -99.44545835009005, 20.854500490750844 ], [ -99.448582229024495, 20.858528819728964 ], [ -99.442998848173374, 20.870549231094603 ], [ -99.440682569421497, 20.871788180258594 ], [ -99.440185718748879, 20.877955520153236 ], [ -99.442006149146906, 20.881294550383871 ], [ -99.437605308733751, 20.885264260169144 ], [ -99.435009749093922, 20.890746969853957 ], [ -99.435331539072635, 20.899208780341915 ], [ -99.412556858649708, 20.905428939655096 ], [ -99.412677647895293, 20.913710540101487 ], [ -99.415073597698267, 20.918451510020223 ], [ -99.413406979305094, 20.922238891270013 ], [ -99.415671488137789, 20.924705029579137 ], [ -99.413104688880225, 20.926127620980928 ], [ -99.404357050273248, 20.929149879817743 ], [ -99.400802149389747, 20.926873940169113 ], [ -99.400723049476724, 20.92225375041204 ], [ -99.403818078622891, 20.918645370033516 ], [ -99.396235289121648, 20.916544180155984 ], [ -99.396226659240483, 20.912711290432767 ], [ -99.394263419138042, 20.910209979899367 ], [ -99.391568248808028, 20.911739919641629 ], [ -99.382403318557024, 20.889977480086824 ], [ -99.377704829280262, 20.888498780501401 ], [ -99.378296319245081, 20.886973599755706 ], [ -99.372484919192487, 20.882852999764548 ], [ -99.372505908963831, 20.881180089716999 ], [ -99.370597029352027, 20.881164399803044 ], [ -99.365195429093305, 20.886331570098999 ], [ -99.360469348974206, 20.885955660365358 ], [ -99.359930259129314, 20.888564850326119 ], [ -99.362887659165438, 20.890693109733892 ], [ -99.363023368734076, 20.893757770295416 ], [ -99.356718819492073, 20.895042489902583 ], [ -99.357766719232544, 20.895881309917367 ], [ -99.353692859039938, 20.897328739569378 ], [ -99.349118829428605, 20.897439619741483 ], [ -99.344492828936552, 20.894091319705151 ], [ -99.341846049277009, 20.89442219969915 ], [ -99.340153029472077, 20.891792970228689 ], [ -99.338013459083584, 20.892244619594464 ], [ -99.333848889116652, 20.889773230243584 ], [ -99.333756978728616, 20.884984369555482 ], [ -99.337893119019142, 20.880564940381948 ], [ -99.334293919036242, 20.876655779914007 ], [ -99.334753419367246, 20.872263349649206 ], [ -99.336562119056168, 20.871018680345021 ], [ -99.33447976949553, 20.867986020318998 ], [ -99.334663738837307, 20.863524770248784 ], [ -99.327320818707122, 20.866614050018942 ], [ -99.32598630900246, 20.86948523002723 ], [ -99.322093448771213, 20.869558829965172 ], [ -99.316728579030624, 20.861008850049824 ], [ -99.311738049021969, 20.858525689772016 ], [ -99.305914628768818, 20.865210220284979 ], [ -99.306927178849406, 20.866497289845082 ], [ -99.305453889346907, 20.867530480178164 ], [ -99.305759428754854, 20.870687249856616 ], [ -99.302991118649473, 20.876991680244203 ], [ -99.300700109514239, 20.878261779758652 ], [ -99.300673379012906, 20.881043479849154 ], [ -99.295880599362292, 20.882249050002681 ], [ -99.296125719103884, 20.884854709734075 ], [ -99.29299562868151, 20.885001549672399 ], [ -99.293017148966285, 20.887440170002954 ], [ -99.290924448975829, 20.889390289595141 ], [ -99.283532249106656, 20.884837820077898 ], [ -99.268752249279615, 20.893841849830167 ], [ -99.255083449119056, 20.899473819770609 ], [ -99.262989028659902, 20.909789370256 ], [ -99.264652539281656, 20.919905739708849 ], [ -99.267759109135653, 20.9253087701269 ], [ -99.266813018597034, 20.927236710217336 ], [ -99.253624049306097, 20.920496369938345 ], [ -99.250565168649445, 20.915563400016445 ], [ -99.244493179500452, 20.91191844954983 ], [ -99.238686078899704, 20.916742490108629 ], [ -99.233383018954399, 20.925499049793569 ], [ -99.236075718604141, 20.929821309852461 ], [ -99.231830349049517, 20.932316620407402 ], [ -99.23055113932331, 20.936256779682708 ], [ -99.223376848598861, 20.942736849554088 ], [ -99.227870579871194, 20.947975939830535 ], [ -99.2203521790791, 20.95369787997862 ] ] ] ] } },
{ "type": "Feature", "properties": { "CVEGEO": "13081", "CVE_ENT": "13", "CVE_MUN": "081", "NOMGEO": "Zacualtipán de Ángeles" }, "geometry": { "type": "MultiPolygon", "coordinates": [ [ [ [ -98.42551050961346, 20.748929289679459 ], [ -98.421447820046126, 20.744276120082144 ], [ -98.421453769671302, 20.739347820204909 ], [ -98.424445690345578, 20.735044890098823 ], [ -98.424807180054046, 20.730291659619919 ], [ -98.433465599607487, 20.717523679619415 ], [ -98.429280549885775, 20.716274600152001 ], [ -98.439270520091668, 20.708857450015554 ], [ -98.443349890180826, 20.709880969679055 ], [ -98.441780400358269, 20.708616830064738 ], [ -98.445354540051909, 20.703140309780284 ], [ -98.445903650058867, 20.694336710448631 ], [ -98.449216369696629, 20.700895719583116 ], [ -98.459883399997963, 20.696203350083113 ], [ -98.458542969565841, 20.68537243001937 ], [ -98.46049090981802, 20.683204850414018 ], [ -98.460402819935865, 20.676830689614757 ], [ -98.463978600046033, 20.674127539568165 ], [ -98.464587739857521, 20.669947019709006 ], [ -98.463274999955203, 20.667841349557651 ], [ -98.467415200316722, 20.666138090151641 ], [ -98.470012879880599, 20.662570310307927 ], [ -98.472609540245799, 20.662676769943008 ], [ -98.475137459849392, 20.659817370344751 ], [ -98.47847827967388, 20.659242350420097 ], [ -98.47950928013141, 20.656784369715616 ], [ -98.48601378042018, 20.654396719848329 ], [ -98.487028230324171, 20.650052350336718 ], [ -98.489741370202296, 20.649986179966575 ], [ -98.491163320008596, 20.645771739595311 ], [ -98.494846719914165, 20.644340510039083 ], [ -98.495168690370193, 20.636628710359563 ], [ -98.490397540064265, 20.626973690072017 ], [ -98.489504080461003, 20.619656739637094 ], [ -98.483595690219815, 20.606518279617493 ], [ -98.480122079651892, 20.60329590970915 ], [ -98.481181509708605, 20.601635619644306 ], [ -98.478459849983764, 20.594250659912472 ], [ -98.480490309666976, 20.588715619953682 ], [ -98.482414540292112, 20.587934230185816 ], [ -98.484926339876822, 20.590181089668405 ], [ -98.487470599844428, 20.588853030219575 ], [ -98.4963030604045, 20.58949597028743 ], [ -98.502472889937593, 20.595769600385129 ], [ -98.505863949735513, 20.596237749863093 ], [ -98.503546770074109, 20.600301340196424 ], [ -98.505464059875777, 20.600619680378045 ], [ -98.504141079903903, 20.605295860423059 ], [ -98.507139719652926, 20.608486519984041 ], [ -98.508909569583921, 20.61582237030709 ], [ -98.516747150351577, 20.621257769808018 ], [ -98.519462579978409, 20.626687140398605 ], [ -98.52524018041106, 20.625643119595981 ], [ -98.527965979612958, 20.627815379646751 ], [ -98.534121350105934, 20.627705820291421 ], [ -98.541219120277518, 20.625631660078817 ], [ -98.543737109990161, 20.623861369850644 ], [ -98.543389059886977, 20.621696139946533 ], [ -98.549131630446652, 20.618854800364019 ], [ -98.549392319970821, 20.614627060057213 ], [ -98.54790085046811, 20.614069059638442 ], [ -98.547109449923227, 20.610445149557648 ], [ -98.550033920155514, 20.605506109921887 ], [ -98.55350591041271, 20.605686279670383 ], [ -98.556705180115131, 20.610142940032272 ], [ -98.565189830363295, 20.613146910356342 ], [ -98.56846451028143, 20.602578620156287 ], [ -98.580550539533036, 20.594828710159568 ], [ -98.587541479678904, 20.595393109634614 ], [ -98.598847148896539, 20.59073449013761 ], [ -98.612201690418729, 20.588538580099804 ], [ -98.615747049776971, 20.589386880068165 ], [ -98.61468254981547, 20.591356570040489 ], [ -98.620477289643986, 20.592847339745834 ], [ -98.620975290209728, 20.59481236966958 ], [ -98.623121429938152, 20.592958830278871 ], [ -98.626166219650088, 20.597245980296613 ], [ -98.626889689842329, 20.591293200244209 ], [ -98.632354399738901, 20.589881260267941 ], [ -98.636396119946085, 20.590980779622626 ], [ -98.639587829565514, 20.587263749705009 ], [ -98.642742889785353, 20.58688095038524 ], [ -98.644470879988319, 20.583083480373951 ], [ -98.641382769732957, 20.582669220412789 ], [ -98.638632199837176, 20.574668569739128 ], [ -98.639878119528007, 20.568267860422697 ], [ -98.645965229763235, 20.562235849672071 ], [ -98.647138249562957, 20.555205980162704 ], [ -98.653122800190729, 20.557673970194369 ], [ -98.655043629775861, 20.560796979995722 ], [ -98.660678050271031, 20.561528180002568 ], [ -98.66610440025552, 20.568049229968253 ], [ -98.669286089884196, 20.563766540360209 ], [ -98.669589580482423, 20.560566419864159 ], [ -98.676287169997323, 20.564891019984582 ], [ -98.679813630447029, 20.570806430425549 ], [ -98.685618379813249, 20.570783229579838 ], [ -98.681206059973618, 20.564186029904203 ], [ -98.688112090032078, 20.565562150096255 ], [ -98.692161460101531, 20.563343519996607 ], [ -98.6941995097106, 20.565731890034368 ], [ -98.698128020023475, 20.566048920317932 ], [ -98.696434829766304, 20.568125739863728 ], [ -98.696845910268507, 20.571820079827781 ], [ -98.693260830259575, 20.572328449921045 ], [ -98.690003310144746, 20.570553630039942 ], [ -98.687349710404433, 20.574284919686402 ], [ -98.68075800035902, 20.575239030123502 ], [ -98.688467290123626, 20.585418880406827 ], [ -98.681060820406884, 20.591284979981367 ], [ -98.683833519542134, 20.598477220248878 ], [ -98.680160420246452, 20.601422480259945 ], [ -98.682048169602012, 20.604961139962644 ], [ -98.680533950319969, 20.609166710355371 ], [ -98.68356103007072, 20.611528030083374 ], [ -98.683287139826291, 20.615546740051059 ], [ -98.686846889667095, 20.614746509819625 ], [ -98.688672519683436, 20.615894309823418 ], [ -98.689142889888785, 20.624331260115948 ], [ -98.69327665040673, 20.624353770266147 ], [ -98.692999230159501, 20.625932319756263 ], [ -98.696728080392049, 20.62922028026691 ], [ -98.704170520278907, 20.644152679907613 ], [ -98.702982509967939, 20.646193309865613 ], [ -98.705305250346797, 20.663887120391532 ], [ -98.700735570379962, 20.659848140062085 ], [ -98.698406220348488, 20.662372219875927 ], [ -98.691460849641516, 20.662099939720392 ], [ -98.690105080316229, 20.664969880362804 ], [ -98.686068139705583, 20.664791519821801 ], [ -98.686348320150458, 20.668045179643574 ], [ -98.683650710331591, 20.67298511016163 ], [ -98.685923690053713, 20.67979887989209 ], [ -98.688853149755644, 20.679339940035675 ], [ -98.692283379937464, 20.683297980317271 ], [ -98.693897660340156, 20.678511910382131 ], [ -98.700650510079569, 20.679632680005511 ], [ -98.70369323028639, 20.681901120292594 ], [ -98.704475260259159, 20.685431050065752 ], [ -98.710403290324081, 20.688188479679546 ], [ -98.710409179635334, 20.69054864993236 ], [ -98.712465549625037, 20.692311710006908 ], [ -98.70423670922716, 20.692158180654992 ], [ -98.688439049006192, 20.698689000320105 ], [ -98.688493569903386, 20.701326320475037 ], [ -98.682315508940235, 20.700201251150514 ], [ -98.676466059787785, 20.701469850258142 ], [ -98.668944140180628, 20.706040520174589 ], [ -98.666799919741806, 20.701540740080727 ], [ -98.663182249915025, 20.700486420283852 ], [ -98.663326909687413, 20.69731637999363 ], [ -98.65656291957913, 20.699404979928865 ], [ -98.648950119812682, 20.699447229634817 ], [ -98.645328419552087, 20.703888780067377 ], [ -98.646354940328791, 20.697069740221348 ], [ -98.642936170374227, 20.694885829823967 ], [ -98.64023685040776, 20.685271230356882 ], [ -98.642756479843442, 20.678837050405065 ], [ -98.647137550259046, 20.67685477007949 ], [ -98.639298850271743, 20.677661540035867 ], [ -98.636087080050686, 20.679667619629512 ], [ -98.632006460282128, 20.679303780129864 ], [ -98.62647966004927, 20.682422029708057 ], [ -98.619281320100143, 20.68260531001577 ], [ -98.606679630324848, 20.689472770109507 ], [ -98.600037619858199, 20.691115819646182 ], [ -98.588350519681995, 20.706998379583261 ], [ -98.58283768045348, 20.704564909974355 ], [ -98.58292568997129, 20.708110880016687 ], [ -98.58072290956666, 20.711068349695687 ], [ -98.583599319850208, 20.715575679627413 ], [ -98.581154659792034, 20.718736820191754 ], [ -98.579262090432124, 20.717151430240566 ], [ -98.574909939978824, 20.71754051035829 ], [ -98.573178350094111, 20.719443430423507 ], [ -98.571002969670914, 20.718481370310979 ], [ -98.572405849811844, 20.717260720313956 ], [ -98.571833780199725, 20.713289089935774 ], [ -98.574777689930585, 20.712299909964614 ], [ -98.574653969817163, 20.703639860364778 ], [ -98.576265449692656, 20.702330509617916 ], [ -98.573858449809151, 20.70087415019627 ], [ -98.563242080043821, 20.705408259742875 ], [ -98.563578599908482, 20.708537709951202 ], [ -98.562064479653358, 20.708697089585428 ], [ -98.563885450306486, 20.711244050125099 ], [ -98.56226463027474, 20.714676220106075 ], [ -98.563999249942228, 20.716659030225177 ], [ -98.561436710033632, 20.720508339735165 ], [ -98.56316651960212, 20.723267519613731 ], [ -98.557654949686025, 20.729065859981919 ], [ -98.554952819953613, 20.729810829885892 ], [ -98.552407710129515, 20.734682710249395 ], [ -98.550340890129874, 20.734753349867329 ], [ -98.548601140034023, 20.73275079973855 ], [ -98.539286509798814, 20.730940880168479 ], [ -98.536064860345675, 20.726584570310528 ], [ -98.532283379910837, 20.725612430071905 ], [ -98.532644320092658, 20.723025909570676 ], [ -98.538126280284175, 20.721431480400433 ], [ -98.533500740078892, 20.717220450229583 ], [ -98.532644489639182, 20.711302750266434 ], [ -98.530445309688574, 20.708846939798129 ], [ -98.530149629590156, 20.709968649636874 ], [ -98.529072600236873, 20.703993919673565 ], [ -98.531114459522158, 20.704146650179084 ], [ -98.530955290162126, 20.702007220404507 ], [ -98.534227060060786, 20.698421779944915 ], [ -98.540257049797773, 20.69810749024678 ], [ -98.538694490140472, 20.695591120455564 ], [ -98.539991779950469, 20.693506970184401 ], [ -98.550179750171026, 20.6893925397668 ], [ -98.548770619957068, 20.68225283041939 ], [ -98.542623460089104, 20.668491259624037 ], [ -98.536140889938807, 20.66336370984282 ], [ -98.534224450068379, 20.664571619774733 ], [ -98.533397350135047, 20.662716910456545 ], [ -98.53042065986989, 20.66512171957671 ], [ -98.531605180242096, 20.667315650092533 ], [ -98.529037460431013, 20.675842569670031 ], [ -98.525051340170393, 20.681839109994801 ], [ -98.517441510279738, 20.683771419581852 ], [ -98.514825089905969, 20.689202019951431 ], [ -98.51094808020423, 20.691499620010546 ], [ -98.508770879920121, 20.690120460175947 ], [ -98.506286380352023, 20.694075719742727 ], [ -98.501150379557942, 20.694583319988336 ], [ -98.497220170306719, 20.699880059709738 ], [ -98.485784550408795, 20.703488879799032 ], [ -98.483576710303723, 20.706006340457325 ], [ -98.475133749532034, 20.705988369745832 ], [ -98.472987879990029, 20.708961829940922 ], [ -98.466468019935661, 20.710267119775324 ], [ -98.462442709866622, 20.714172149956916 ], [ -98.460341829630806, 20.713312110428465 ], [ -98.454154820208856, 20.721288449671924 ], [ -98.447945119770537, 20.724614849617907 ], [ -98.447363339636141, 20.727593630261779 ], [ -98.443388720256038, 20.729233180113201 ], [ -98.44394386039626, 20.731701859938756 ], [ -98.441342250277472, 20.733799479774863 ], [ -98.439411320305695, 20.738638199635076 ], [ -98.435636649540456, 20.739844549767877 ], [ -98.433857419933133, 20.743163179640252 ], [ -98.428026879721017, 20.744488480097051 ], [ -98.42551050961346, 20.748929289679459 ] ] ] ] } },
{ "type": "Feature", "properties": { "CVEGEO": "13043", "CVE_ENT": "13", "CVE_MUN": "043", "NOMGEO": "Nicolás Flores" }, "geometry": { "type": "MultiPolygon", "coordinates": [ [ [ [ -99.170482379707963, 20.898759550338173 ], [ -99.168056540221599, 20.894773179855306 ], [ -99.163393549562443, 20.894373709894698 ], [ -99.158196519754711, 20.897193550098891 ], [ -99.154364049749788, 20.89353671002041 ], [ -99.15622088969198, 20.889095709996365 ], [ -99.159125549637906, 20.887000569603178 ], [ -99.140206599758841, 20.888419570153243 ], [ -99.133418540321514, 20.886338720313724 ], [ -99.129162890195786, 20.879897339928423 ], [ -99.136090859798188, 20.87418105960267 ], [ -99.131124850214647, 20.870135940053505 ], [ -99.123774380446363, 20.874197350105867 ], [ -99.118201060402143, 20.879764419848652 ], [ -99.115040250416669, 20.881162370126187 ], [ -99.113612180327863, 20.87983121986052 ], [ -99.112108060220862, 20.872051279766282 ], [ -99.113811599718531, 20.869485650349723 ], [ -99.117091710193918, 20.869703249960899 ], [ -99.129046950467284, 20.86342694970698 ], [ -99.132391820391234, 20.857689780142607 ], [ -99.135757570320507, 20.855519249570328 ], [ -99.135550980245256, 20.852291879573471 ], [ -99.143218230081132, 20.849009749915393 ], [ -99.143898819732868, 20.845982519948819 ], [ -99.142116939903687, 20.842993619663229 ], [ -99.143420320292378, 20.839131690129221 ], [ -99.140438920342262, 20.83447951973643 ], [ -99.140553850013291, 20.831062540370784 ], [ -99.137998019519898, 20.829382400099515 ], [ -99.134593290392743, 20.834985599636589 ], [ -99.127583519558385, 20.838744079859186 ], [ -99.123683780309051, 20.835371420220419 ], [ -99.122758149616828, 20.829347320005112 ], [ -99.114371879673925, 20.824174369707745 ], [ -99.109818280107888, 20.824553349631167 ], [ -99.107619179787889, 20.828126750090224 ], [ -99.105317179533159, 20.827789779816591 ], [ -99.106743749882938, 20.822440940101679 ], [ -99.102466950369248, 20.818137459846255 ], [ -99.098912690246507, 20.808977120264373 ], [ -99.101740309960746, 20.804926059822638 ], [ -99.104764029921924, 20.804582659729387 ], [ -99.104411690120159, 20.803134280018284 ], [ -99.092223219859704, 20.805110780324313 ], [ -99.097902550086474, 20.797128539570632 ], [ -99.096626629557733, 20.793106380056308 ], [ -99.101314680004478, 20.791629579859254 ], [ -99.103458219798071, 20.782244259993561 ], [ -99.099820320170579, 20.776745459926492 ], [ -99.096092110483568, 20.782777909796426 ], [ -99.085271000025756, 20.782272740388422 ], [ -99.08325886042266, 20.779874140443603 ], [ -99.080771400241304, 20.779581349833336 ], [ -99.080466860252969, 20.76865316969938 ], [ -99.082589649113672, 20.767301600183874 ], [ -99.087091659103649, 20.767751909952551 ], [ -99.090263178917382, 20.759285480090572 ], [ -99.094617169272809, 20.756431620033382 ], [ -99.097340199523089, 20.751223859734338 ], [ -99.102720768710896, 20.753304419846891 ], [ -99.112037889354596, 20.751936079634397 ], [ -99.112281119187926, 20.749017939688777 ], [ -99.122011138754161, 20.746959080251454 ], [ -99.11745641887525, 20.742771970013777 ], [ -99.118666879289179, 20.740566509750451 ], [ -99.11671210932731, 20.735863660332871 ], [ -99.117372178868379, 20.734860690238833 ], [ -99.121979048964789, 20.737898570416267 ], [ -99.1219169186313, 20.733170460026916 ], [ -99.124279918700864, 20.727780570077336 ], [ -99.138320229495704, 20.730302369830309 ], [ -99.13688450943333, 20.723513119750152 ], [ -99.133545708787452, 20.719484890373202 ], [ -99.131800139240397, 20.713875689954744 ], [ -99.13837488934594, 20.716585539787818 ], [ -99.147195538814088, 20.709719570015224 ], [ -99.154074648749315, 20.71142477978476 ], [ -99.159970079083891, 20.710545289855041 ], [ -99.163136658770682, 20.707987079563111 ], [ -99.164154058902113, 20.709915819750272 ], [ -99.175838109424419, 20.711044450186229 ], [ -99.176703509762305, 20.708781950382114 ], [ -99.180499720266994, 20.708611179873802 ], [ -99.182196749906353, 20.706971289858359 ], [ -99.192866890374646, 20.705789949619852 ], [ -99.201506519659063, 20.702703600018431 ], [ -99.205373619806949, 20.696636889999048 ], [ -99.217394169597952, 20.698164970308707 ], [ -99.219736260214972, 20.695367000271911 ], [ -99.219683950205408, 20.692553679909182 ], [ -99.224603740396788, 20.690332450319918 ], [ -99.227751970450086, 20.697724799669373 ], [ -99.232306570458604, 20.701011779786128 ], [ -99.237329919762701, 20.707698550090882 ], [ -99.243134399630151, 20.703414080236932 ], [ -99.250904309707735, 20.70409813995273 ], [ -99.261161770349943, 20.700158400107892 ], [ -99.274495969739689, 20.699109619695108 ], [ -99.272511178572884, 20.703952200360963 ], [ -99.264190799211335, 20.712825379550267 ], [ -99.262125258568389, 20.72002145985017 ], [ -99.257032108663964, 20.723871799864614 ], [ -99.256171149522473, 20.727571749630265 ], [ -99.256299848763732, 20.742692520349589 ], [ -99.260935949219643, 20.74857577981189 ], [ -99.266255938778045, 20.750498890355953 ], [ -99.263378488707858, 20.752422690367286 ], [ -99.262308709472222, 20.755459629703026 ], [ -99.259560818787463, 20.75561034002062 ], [ -99.254030418843627, 20.759253619822221 ], [ -99.252240169197719, 20.762710600081441 ], [ -99.241549769085793, 20.758364969883353 ], [ -99.231106178810478, 20.763374719923242 ], [ -99.225468909111953, 20.770709820314515 ], [ -99.226977798588351, 20.77301589029922 ], [ -99.233706479386385, 20.77441777007801 ], [ -99.237432259279799, 20.778806489803355 ], [ -99.236503579241145, 20.781491540411057 ], [ -99.239052028646654, 20.78422746009684 ], [ -99.240510079410129, 20.793498920223048 ], [ -99.240365598927895, 20.804329740162004 ], [ -99.236273049287519, 20.805163369966088 ], [ -99.23718961945562, 20.804466000063211 ], [ -99.235969908814667, 20.804004289814479 ], [ -99.233341059259985, 20.80622065026801 ], [ -99.235581278979268, 20.807435860136323 ], [ -99.232999308893554, 20.806501910408691 ], [ -99.229331249258834, 20.810196909547887 ], [ -99.222930888653309, 20.808652600149031 ], [ -99.22186810904681, 20.810688909777308 ], [ -99.217345549470949, 20.811132829774966 ], [ -99.21536639908949, 20.813849829750637 ], [ -99.212169689461973, 20.813755519543211 ], [ -99.210763659299104, 20.818471060053433 ], [ -99.208750059406228, 20.819267829812183 ], [ -99.210813509160474, 20.830133939759026 ], [ -99.208814198814437, 20.835899289751268 ], [ -99.213129309183131, 20.837988940427781 ], [ -99.213914878997258, 20.836195859848885 ], [ -99.216396429065739, 20.836802060435438 ], [ -99.217970738865688, 20.839929139985774 ], [ -99.216570818850073, 20.839425029904156 ], [ -99.216463719161709, 20.842152720236651 ], [ -99.209755459393833, 20.853526630013004 ], [ -99.212930288552315, 20.85748322008018 ], [ -99.207099418874762, 20.860495139734049 ], [ -99.209478858792238, 20.866678320303528 ], [ -99.205785048818086, 20.870229549602293 ], [ -99.202852749219332, 20.870654349995654 ], [ -99.20261517883884, 20.873469980040891 ], [ -99.197512749020277, 20.87313686031413 ], [ -99.198120818639154, 20.87602062009989 ], [ -99.204032878918269, 20.880284580142206 ], [ -99.203385139234882, 20.889191029762191 ], [ -99.198634279725866, 20.89448844985457 ], [ -99.19073899955184, 20.89051597983174 ], [ -99.19086298031543, 20.893144680381742 ], [ -99.18864612023583, 20.895274660116769 ], [ -99.180194620277803, 20.892030259828537 ], [ -99.175175910304304, 20.893517689655319 ], [ -99.173053090248004, 20.898349220221952 ], [ -99.170482379707963, 20.898759550338173 ] ] ] ] } },
{ "type": "Feature", "properties": { "CVEGEO": "13066", "CVE_ENT": "13", "CVE_MUN": "066", "NOMGEO": "Villa de Tezontepec" }, "geometry": { "type": "MultiPolygon", "coordinates": [ [ [ [ -98.800874969519853, 19.972386910390064 ], [ -98.797678579720426, 19.966565859849318 ], [ -98.780455170006348, 19.956042890272617 ], [ -98.775579119860438, 19.949651139991456 ], [ -98.767682799906922, 19.945866630248112 ], [ -98.770021940230876, 19.943723740308734 ], [ -98.758715349392091, 19.937004396808788 ], [ -98.755275090144167, 19.927628580215998 ], [ -98.751707289551277, 19.925613940256291 ], [ -98.745903370185019, 19.926407599590991 ], [ -98.74180046012394, 19.918161650002329 ], [ -98.743693830439014, 19.917454419934057 ], [ -98.741732939853051, 19.915701919922917 ], [ -98.742505109890644, 19.91497461964682 ], [ -98.752801800066166, 19.910981999821082 ], [ -98.756806540345224, 19.903363690121701 ], [ -98.756330260278546, 19.901275460075922 ], [ -98.75131239984961, 19.897362979771014 ], [ -98.75356396954264, 19.892809890280979 ], [ -98.751900690429892, 19.888250370408013 ], [ -98.754699050416534, 19.876790459748054 ], [ -98.761450970196748, 19.874902380000112 ], [ -98.780574119611899, 19.883540550175759 ], [ -98.787505139792856, 19.878920949973693 ], [ -98.793926820329887, 19.87208408963458 ], [ -98.789496710281256, 19.868542690061986 ], [ -98.791064220011336, 19.865144020443374 ], [ -98.789721540197618, 19.861886850089459 ], [ -98.795172480388217, 19.856414689860355 ], [ -98.806199369840911, 19.86458626041064 ], [ -98.81367557968936, 19.865871740424563 ], [ -98.816233680129528, 19.868969380431892 ], [ -98.817135250115101, 19.867284150154653 ], [ -98.838182139582813, 19.879420539963327 ], [ -98.83665425955266, 19.881219520003064 ], [ -98.844033679773531, 19.881988260355065 ], [ -98.840951550220652, 19.892308859956948 ], [ -98.855830019722674, 19.90428015015355 ], [ -98.865895940348423, 19.892586890179523 ], [ -98.870619949541862, 19.894958029800101 ], [ -98.854824088734858, 19.912882549898875 ], [ -98.876174749601788, 19.932596260105218 ], [ -98.87125554014527, 19.942263249583313 ], [ -98.842982950192948, 19.925724750440178 ], [ -98.803202779923694, 19.970032149846471 ], [ -98.800874969519853, 19.972386910390064 ] ] ] ] } },
{ "type": "Feature", "properties": { "CVEGEO": "13013", "CVE_ENT": "13", "CVE_MUN": "013", "NOMGEO": "Atotonilco de Tula" }, "geometry": { "type": "MultiPolygon", "coordinates": [ [ [ [ -99.19311157962035, 20.046559949702399 ], [ -99.187372920140163, 20.044051750232523 ], [ -99.187128510474039, 20.04147731006297 ], [ -99.182038579987449, 20.040865829795425 ], [ -99.181652890278542, 20.042275450259179 ], [ -99.181957369742392, 20.040278080426706 ], [ -99.17370947976687, 20.036438709604798 ], [ -99.163509150440049, 20.038007709781656 ], [ -99.15871615012037, 20.035976660445666 ], [ -99.14538845888697, 20.03542717119441 ], [ -99.142513199518447, 20.026973260289086 ], [ -99.144991539874141, 20.026248029567732 ], [ -99.147433479814026, 20.02775785016901 ], [ -99.155060429685221, 20.025926110312863 ], [ -99.15860311984261, 20.027187709718216 ], [ -99.1593208297774, 20.017028119641552 ], [ -99.161366170215629, 20.0124261200836 ], [ -99.167374180047432, 20.012873489609177 ], [ -99.16787278026699, 20.003512769670461 ], [ -99.180001490416572, 19.998088779737071 ], [ -99.177217339934714, 19.993138890238573 ], [ -99.183216220087075, 19.990099510365955 ], [ -99.190052648531434, 19.993963290735724 ], [ -99.190811120180612, 19.990394259807541 ], [ -99.188943719296788, 19.989451799756278 ], [ -99.189205720154717, 19.984819549873087 ], [ -99.196919058610078, 19.98482660034286 ], [ -99.197510420315723, 19.975893369659108 ], [ -99.198367690223762, 19.977810509619299 ], [ -99.199917660124385, 19.976802950411361 ], [ -99.203409460388471, 19.970965550081981 ], [ -99.210027420365165, 19.967696230178092 ], [ -99.208919599878769, 19.966369749793703 ], [ -99.211569539892295, 19.963310690407813 ], [ -99.212891309612957, 19.963647279566132 ], [ -99.212504909340637, 19.965539520511633 ], [ -99.215013819934356, 19.959833659899523 ], [ -99.213075290072155, 19.958727109598907 ], [ -99.215394430294666, 19.954614419837554 ], [ -99.227761049774898, 19.951068120256927 ], [ -99.22594594039407, 19.949880690282654 ], [ -99.218572541101281, 19.927241910982158 ], [ -99.211519059741747, 19.924288430030959 ], [ -99.209215649723717, 19.93243597973111 ], [ -99.206880709819359, 19.932131750248207 ], [ -99.205602769923289, 19.927500739979994 ], [ -99.210729030202714, 19.914474720414983 ], [ -99.215550490085377, 19.914702630032394 ], [ -99.215245399791442, 19.912603939794561 ], [ -99.219157890356144, 19.911390249632959 ], [ -99.220197049576612, 19.902389750049711 ], [ -99.223925220443078, 19.901998400047209 ], [ -99.217467089082291, 19.891423629689434 ], [ -99.219874479655132, 19.885577630136272 ], [ -99.229322449289867, 19.874033030518532 ], [ -99.232165320224752, 19.876738879551894 ], [ -99.233996579739156, 19.875797249705968 ], [ -99.235024709305264, 19.876840121043806 ], [ -99.235947540221005, 19.873494200260655 ], [ -99.239568319571504, 19.888018949640276 ], [ -99.246744089568224, 19.895565800548809 ], [ -99.250785849762423, 19.893064920466365 ], [ -99.252707938587761, 19.888215830318718 ], [ -99.257961600257119, 19.891171830242602 ], [ -99.260416709684776, 19.896748849695218 ], [ -99.263144649633247, 19.89788515006326 ], [ -99.264083350220318, 19.902712490961878 ], [ -99.267009740125133, 19.903559349859155 ], [ -99.26708786004599, 19.90503145102446 ], [ -99.269260060461093, 19.904688110563669 ], [ -99.267719288874389, 19.906936800959294 ], [ -99.272234799114116, 19.912458770569437 ], [ -99.270785489275156, 19.916279170687222 ], [ -99.272868798974159, 19.916341120967243 ], [ -99.274160379687928, 19.91884392119314 ], [ -99.27214725876533, 19.921662950519931 ], [ -99.264346339228112, 19.922393800661258 ], [ -99.260448659745862, 19.921200260445531 ], [ -99.256927579507774, 19.931046881302677 ], [ -99.251236428914126, 19.932677289820159 ], [ -99.252409169390702, 19.936931600705204 ], [ -99.251066949782313, 19.94582658041508 ], [ -99.255339549348079, 19.954138081254509 ], [ -99.254904460445871, 19.956614910256874 ], [ -99.259278939914878, 19.960698450920546 ], [ -99.269912769054855, 19.964983180732261 ], [ -99.272264569800811, 19.960577490490582 ], [ -99.281245768608571, 19.952448800386829 ], [ -99.282662459499051, 19.955104200049998 ], [ -99.284551619940302, 19.953316399821105 ], [ -99.29036235013524, 19.952746540146439 ], [ -99.287838280363815, 19.947716920447416 ], [ -99.290162879832224, 19.945840550650058 ], [ -99.288181418943537, 19.941519939872755 ], [ -99.292953479801923, 19.940183349692951 ], [ -99.294267828907735, 19.943227880445324 ], [ -99.301366289341402, 19.947140029785917 ], [ -99.304104629118939, 19.945886660018459 ], [ -99.307467139324046, 19.948366599962384 ], [ -99.311031998593364, 19.957802141316535 ], [ -99.309915949362406, 19.9646585711588 ], [ -99.304898938785755, 19.970383771032111 ], [ -99.303252428714458, 19.975086569793238 ], [ -99.299955748995501, 19.972708650041415 ], [ -99.287223859140468, 19.973339770908527 ], [ -99.276304718784814, 19.975474661167674 ], [ -99.273977520017482, 19.977977820509548 ], [ -99.276923049072536, 19.983911600450817 ], [ -99.274424349555645, 19.98666594012953 ], [ -99.275716579129323, 19.989479119976934 ], [ -99.270973819518687, 20.004233749982522 ], [ -99.264306909744747, 20.010862200903766 ], [ -99.261734018599896, 20.01624522032256 ], [ -99.26164242890799, 20.030313851275366 ], [ -99.24329716699566, 20.029923539900292 ], [ -99.243479149231987, 20.024015229672361 ], [ -99.23139968963487, 20.023124820176843 ], [ -99.215877768814266, 20.025948740160246 ], [ -99.219647509964133, 20.028450420253016 ], [ -99.197800049935125, 20.035014149666605 ], [ -99.197164280247037, 20.039865569992173 ], [ -99.19311157962035, 20.046559949702399 ] ] ] ] } },
{ "type": "Feature", "properties": { "CVEGEO": "13025", "CVE_ENT": "13", "CVE_MUN": "025", "NOMGEO": "Huautla" }, "geometry": { "type": "MultiPolygon", "coordinates": [ [ [ [ -98.216824580095462, 21.151472349676538 ], [ -98.215575370440504, 21.150083659809418 ], [ -98.217847649739497, 21.147673660335514 ], [ -98.216831229888129, 21.144719720035944 ], [ -98.208626289658099, 21.143316020420048 ], [ -98.205053719891438, 21.138087910123151 ], [ -98.204221089703267, 21.135311449792713 ], [ -98.207999830447974, 21.130808029593858 ], [ -98.207417660455206, 21.128726050279081 ], [ -98.196906030003504, 21.122974369570521 ], [ -98.195152249710617, 21.120363199744158 ], [ -98.195667350026824, 21.117817419748555 ], [ -98.199514860463438, 21.115819179645861 ], [ -98.202356090116851, 21.110890199551271 ], [ -98.201694279576486, 21.106136510302065 ], [ -98.189804459641849, 21.110760169581226 ], [ -98.183343019588563, 21.110241279965098 ], [ -98.180766719547321, 21.106834880235596 ], [ -98.174443320238296, 21.105985570030569 ], [ -98.170956509884505, 21.096811650095248 ], [ -98.158818030450547, 21.090685400043636 ], [ -98.149137860264915, 21.083021889748792 ], [ -98.147358230048567, 21.078449679935776 ], [ -98.147959339546631, 21.074797339636731 ], [ -98.150439550295033, 21.069508909568395 ], [ -98.154523680405688, 21.06607944970693 ], [ -98.15055070973591, 21.0497180896804 ], [ -98.154072220323357, 21.036752279676882 ], [ -98.155677950491068, 21.033386179645497 ], [ -98.159770510232207, 21.03218301981693 ], [ -98.162700539667213, 21.02833188993916 ], [ -98.1606990501962, 21.02105722023482 ], [ -98.163167920027618, 21.017723179725667 ], [ -98.167863719925322, 21.022892660419163 ], [ -98.173013779830342, 21.020606120056978 ], [ -98.176317420265292, 21.021167879620489 ], [ -98.180473519743728, 21.024052320202326 ], [ -98.18266530956015, 21.029990320359616 ], [ -98.188732400183184, 21.030841490413781 ], [ -98.190931749873144, 21.026336879804703 ], [ -98.188631199896776, 21.021279380217802 ], [ -98.188998369554284, 21.01831877015319 ], [ -98.196993420283846, 21.01659249076441 ], [ -98.202068460125957, 21.011749219703056 ], [ -98.202008980246475, 21.005328110090858 ], [ -98.199530909907864, 20.999058800215359 ], [ -98.200619280216756, 20.994696319650675 ], [ -98.215007450077792, 20.989627310235814 ], [ -98.213280429724051, 20.983119719754072 ], [ -98.216919400362457, 20.973743020151399 ], [ -98.211079750309437, 20.972245719948258 ], [ -98.209764520456375, 20.97070083040461 ], [ -98.212033549568275, 20.967833110413199 ], [ -98.20953931000308, 20.967088579972469 ], [ -98.213503219722966, 20.96258060004542 ], [ -98.214384970347126, 20.956047540270848 ], [ -98.216111569850668, 20.952607920229152 ], [ -98.225687679886008, 20.959419449906854 ], [ -98.228236740478806, 20.958019650133235 ], [ -98.227369340168778, 20.954065430340201 ], [ -98.229730629705571, 20.949748320153855 ], [ -98.230203830404761, 20.944765539600915 ], [ -98.234935510223536, 20.941062920442366 ], [ -98.237296829892003, 20.930965310312057 ], [ -98.247649028693075, 20.926468919537051 ], [ -98.251928089017483, 20.92999078019389 ], [ -98.254305399424325, 20.934894949958274 ], [ -98.266263819199679, 20.935646859910253 ], [ -98.271789718952064, 20.933923080008856 ], [ -98.2755324492271, 20.930103829613106 ], [ -98.281845478633088, 20.93370624994796 ], [ -98.288793549413157, 20.935308480070834 ], [ -98.292704579055567, 20.9345316603765 ], [ -98.29766119916286, 20.944939230251489 ], [ -98.303080058762816, 20.945421910140517 ], [ -98.302515908964253, 20.948491719746563 ], [ -98.308216148662964, 20.9453834000123 ], [ -98.309013828715635, 20.947293599539659 ], [ -98.313493249881205, 20.945667289604319 ], [ -98.318141509907747, 20.946296200055635 ], [ -98.320179050004796, 20.949054939816211 ], [ -98.323237510482699, 20.948249219679678 ], [ -98.327410829984473, 20.951838139764714 ], [ -98.326828689644543, 20.953857080098427 ], [ -98.328350290261199, 20.953497620020968 ], [ -98.330335490123829, 20.95845286004872 ], [ -98.32555258001716, 20.958862620169555 ], [ -98.331757749925586, 20.968942170150246 ], [ -98.332062020327925, 20.97631997008186 ], [ -98.335331679901842, 20.982789490219535 ], [ -98.339325950468364, 20.985589750043925 ], [ -98.336478629790705, 20.991888049950898 ], [ -98.332275779616111, 20.9937878901885 ], [ -98.329716030059416, 20.997274109573706 ], [ -98.331374229803913, 21.001214739979925 ], [ -98.320089250329957, 21.006296320139306 ], [ -98.321808750473195, 21.00934136976716 ], [ -98.318054830058614, 21.016435880430922 ], [ -98.319483480236102, 21.027008509963022 ], [ -98.315271459964549, 21.027762970179904 ], [ -98.317020689550986, 21.030688459865125 ], [ -98.316875510118521, 21.035481060407733 ], [ -98.319883059941773, 21.038857799924514 ], [ -98.319426949549339, 21.045367970332368 ], [ -98.314411659971199, 21.046733460051239 ], [ -98.310051429923206, 21.045475170178641 ], [ -98.306540569896768, 21.048789719995547 ], [ -98.308626179801124, 21.054558650322004 ], [ -98.306477999945869, 21.059086049751713 ], [ -98.307121739938282, 21.061422980083961 ], [ -98.304317259841255, 21.065340940188257 ], [ -98.304966399618053, 21.069747910442835 ], [ -98.302629540213346, 21.07325170985634 ], [ -98.308526890351501, 21.078114570206775 ], [ -98.310833460472281, 21.084088370320156 ], [ -98.315511549846363, 21.087460049891508 ], [ -98.314582620019777, 21.08883294026619 ], [ -98.316704170467005, 21.088606910418346 ], [ -98.302346799728809, 21.096435909742773 ], [ -98.30262290953705, 21.092015460227206 ], [ -98.299249049913811, 21.089353250145862 ], [ -98.293804649966688, 21.093729320446876 ], [ -98.285815849583258, 21.093258370117848 ], [ -98.286897620363945, 21.096470949679304 ], [ -98.292930779785664, 21.101558770298649 ], [ -98.289563289648285, 21.105708479585822 ], [ -98.292348709747898, 21.109144179769796 ], [ -98.292194429892277, 21.118309540085459 ], [ -98.283985879637001, 21.120427319946693 ], [ -98.279354510156026, 21.126807600290405 ], [ -98.28217376982019, 21.136417380324474 ], [ -98.264668219991918, 21.141153250232847 ], [ -98.261997079821555, 21.1403553502535 ], [ -98.257102340037605, 21.133924969907032 ], [ -98.249110370467406, 21.129403320263247 ], [ -98.245273420412872, 21.132169539762238 ], [ -98.245960980472717, 21.134601770329013 ], [ -98.239383059803345, 21.138065350383375 ], [ -98.236920600459143, 21.143358249872033 ], [ -98.233796309807005, 21.140610710297178 ], [ -98.23421218046326, 21.142817309560421 ], [ -98.23126162991872, 21.142368570243939 ], [ -98.231656090384377, 21.144357660024301 ], [ -98.229240629938701, 21.145590750209855 ], [ -98.227350049560428, 21.15041593954464 ], [ -98.216824580095462, 21.151472349676538 ] ] ] ] } },
{ "type": "Feature", "properties": { "CVEGEO": "13048", "CVE_ENT": "13", "CVE_MUN": "048", "NOMGEO": "Pachuca de Soto" }, "geometry": { "type": "MultiPolygon", "coordinates": [ [ [ [ -98.730628818857554, 20.185019849918305 ], [ -98.722775909704353, 20.1818760911009 ], [ -98.713547019822073, 20.183612580942846 ], [ -98.711227429956708, 20.179562800755818 ], [ -98.702539749976793, 20.175698280210966 ], [ -98.701743850261735, 20.153378630972721 ], [ -98.696377629122267, 20.15277357072819 ], [ -98.692475919251549, 20.149234620952559 ], [ -98.692126940401565, 20.145215490858831 ], [ -98.694518660302819, 20.142474771314731 ], [ -98.695291799553786, 20.137600340590431 ], [ -98.698666179531784, 20.135908880667742 ], [ -98.699914289499517, 20.132892830915591 ], [ -98.702497420018517, 20.134149920774082 ], [ -98.703481739782433, 20.132550740460243 ], [ -98.706735460051931, 20.132711480709084 ], [ -98.707900690084017, 20.134579460855619 ], [ -98.711403949095342, 20.130773551204758 ], [ -98.715745243468717, 20.130744806516709 ], [ -98.715805390420257, 20.124761832204886 ], [ -98.711159310684408, 20.125097559421157 ], [ -98.71373953048078, 20.120908993629282 ], [ -98.712196726579322, 20.117293558237076 ], [ -98.715421574946959, 20.11308420255023 ], [ -98.717998313274407, 20.105013775693909 ], [ -98.719482492435318, 20.104154054205285 ], [ -98.722380251722285, 20.110610370170889 ], [ -98.728845108685746, 20.101920964216539 ], [ -98.731877928768867, 20.094439408886817 ], [ -98.734324561118953, 20.095447177001716 ], [ -98.741102666361854, 20.085976135047048 ], [ -98.749616338389202, 20.089823056830571 ], [ -98.751469427168686, 20.078363177607464 ], [ -98.755444649623612, 20.075038177986482 ], [ -98.760094842924005, 20.067186855737528 ], [ -98.768837398193298, 20.069972060171587 ], [ -98.7776544879802, 20.058222839165161 ], [ -98.768096127385647, 20.051954918347008 ], [ -98.776240503891515, 20.034213701691428 ], [ -98.772310208440473, 20.032049383300585 ], [ -98.773956342996513, 20.023489456951381 ], [ -98.796824771981477, 20.035185308883971 ], [ -98.800968465298453, 20.027692094474336 ], [ -98.822437451557263, 20.038676733592769 ], [ -98.830310294433787, 20.029287979056736 ], [ -98.832757448362685, 20.036020249829264 ], [ -98.837141392404263, 20.038008310216124 ], [ -98.837001619532742, 20.042042449722068 ], [ -98.842592779534655, 20.040190740194422 ], [ -98.844170628568975, 20.040991260217158 ], [ -98.850095399802186, 20.034643481010725 ], [ -98.855323649562962, 20.044367479984242 ], [ -98.853886979333481, 20.04439058029314 ], [ -98.85706936895869, 20.046637379657515 ], [ -98.855164229889695, 20.047876021012616 ], [ -98.857335828864038, 20.049543849779578 ], [ -98.85669711030657, 20.05152382015109 ], [ -98.846806350197951, 20.049346061326727 ], [ -98.841110709544793, 20.051452940117734 ], [ -98.851886319492124, 20.059784890875797 ], [ -98.853794748672769, 20.070144399660457 ], [ -98.860901889012695, 20.074018969634238 ], [ -98.86429824973446, 20.079441800080822 ], [ -98.853449769420649, 20.09052946093945 ], [ -98.85163565880687, 20.100189150599928 ], [ -98.849246379207344, 20.102315620842475 ], [ -98.859340350434564, 20.111558340503489 ], [ -98.854089178640024, 20.114755780440831 ], [ -98.84836081899617, 20.121044030376918 ], [ -98.845394710273609, 20.12087276966183 ], [ -98.844514229833351, 20.124369580788006 ], [ -98.842430139156221, 20.124468970258647 ], [ -98.834523819078129, 20.118770260243021 ], [ -98.826012769694941, 20.116895631297687 ], [ -98.829203659250709, 20.120230120004155 ], [ -98.828143780161682, 20.127517820706629 ], [ -98.832481489352986, 20.132606799628238 ], [ -98.834352480207116, 20.13288366094352 ], [ -98.833142480443598, 20.138348570250166 ], [ -98.823734179800965, 20.139284630592275 ], [ -98.822517279181497, 20.137011200221632 ], [ -98.822002968683421, 20.139638220476549 ], [ -98.815043430313182, 20.139390171331897 ], [ -98.814770429865192, 20.140837280631267 ], [ -98.809224150384182, 20.14104001992305 ], [ -98.808776479540342, 20.134800420119998 ], [ -98.811298030138076, 20.131015970224261 ], [ -98.801230399599092, 20.123788579889617 ], [ -98.788406278878682, 20.134924019876738 ], [ -98.786951139203154, 20.142872290018033 ], [ -98.777496820224869, 20.145891080194524 ], [ -98.773022620406806, 20.149274109674931 ], [ -98.748323490189136, 20.144320650019466 ], [ -98.748729350430239, 20.150802050671825 ], [ -98.747639018690904, 20.151607539952025 ], [ -98.749508508724134, 20.154720620594347 ], [ -98.74812579942791, 20.163484950380941 ], [ -98.737573678820524, 20.181523340181336 ], [ -98.730995340405983, 20.181373910730887 ], [ -98.730628818857554, 20.185019849918305 ] ] ] ] } },
{ "type": "Feature", "properties": { "CVEGEO": "13038", "CVE_ENT": "13", "CVE_MUN": "038", "NOMGEO": "Mineral del Chico" }, "geometry": { "type": "MultiPolygon", "coordinates": [ [ [ [ -98.733227178163958, 20.298592638751618 ], [ -98.734451379935052, 20.29594964989877 ], [ -98.731911860078156, 20.292722879595203 ], [ -98.732567290144388, 20.28962248988061 ], [ -98.729726339972643, 20.290763140323392 ], [ -98.727987250164546, 20.289702979659811 ], [ -98.727102650316382, 20.28554914965077 ], [ -98.724961799559097, 20.285106860341802 ], [ -98.724670970475984, 20.280742140068639 ], [ -98.717928119861014, 20.278280799695768 ], [ -98.714191689666421, 20.279830480252105 ], [ -98.71429428033322, 20.281050080434056 ], [ -98.712738259771356, 20.280956709978792 ], [ -98.712720619879875, 20.278608420362488 ], [ -98.709193949868165, 20.280917720097218 ], [ -98.707378799645667, 20.275272179594193 ], [ -98.704793709824301, 20.27714674019564 ], [ -98.70512060008528, 20.274188370076104 ], [ -98.70062955000023, 20.273563079595924 ], [ -98.700789319797039, 20.270974089660911 ], [ -98.69868554014127, 20.272631739727434 ], [ -98.698862060015514, 20.26918536958653 ], [ -98.696535740178831, 20.271332969585284 ], [ -98.697083169808835, 20.267623029749185 ], [ -98.704699220309365, 20.256947919887796 ], [ -98.710258019978426, 20.257352769576347 ], [ -98.70979325998249, 20.252478310192604 ], [ -98.712232600099611, 20.247130280028525 ], [ -98.71679866023166, 20.246143799797526 ], [ -98.714636490165447, 20.242857400390452 ], [ -98.715731570343777, 20.240232480277466 ], [ -98.714996000429508, 20.232850150145183 ], [ -98.704221718616793, 20.234744619554959 ], [ -98.703785679787956, 20.239498230996126 ], [ -98.698478280215596, 20.245814089988713 ], [ -98.694144850477954, 20.247335030040137 ], [ -98.690760060130216, 20.252048229788087 ], [ -98.689598120010444, 20.260744920190781 ], [ -98.690960120332534, 20.26394180010552 ], [ -98.689333509904571, 20.26281368026202 ], [ -98.688964679857889, 20.264528110208342 ], [ -98.687091999584609, 20.264571170289866 ], [ -98.686342310349701, 20.263588180416903 ], [ -98.688099599983602, 20.262691999889565 ], [ -98.687428859766626, 20.261905600172199 ], [ -98.684830179799945, 20.262796339808055 ], [ -98.686367849813394, 20.26423866012027 ], [ -98.684316970159571, 20.266555450171388 ], [ -98.681130090245176, 20.264726280266647 ], [ -98.680587149791421, 20.262157579695071 ], [ -98.678882369618577, 20.263098229750511 ], [ -98.675286289801036, 20.258681779782926 ], [ -98.67231072039354, 20.257615000024622 ], [ -98.672011830186861, 20.25302364974905 ], [ -98.663977089973272, 20.245372289925431 ], [ -98.668485169537746, 20.241632539845028 ], [ -98.670567149635005, 20.237635679765958 ], [ -98.666621920046239, 20.229405290450277 ], [ -98.67243636955574, 20.226917709873288 ], [ -98.674267770170104, 20.222315999673651 ], [ -98.670050980399722, 20.222668350091347 ], [ -98.666194579531947, 20.220478289836748 ], [ -98.65933151044743, 20.212548579958433 ], [ -98.658444139873652, 20.211004979736114 ], [ -98.660659370400921, 20.209092180163591 ], [ -98.660414520067135, 20.203977950186143 ], [ -98.661318770153997, 20.207179570263566 ], [ -98.662880119626763, 20.207063319825611 ], [ -98.665170079891809, 20.202692770036649 ], [ -98.66724657021571, 20.203202540028439 ], [ -98.675284289665115, 20.198286369605487 ], [ -98.680003619824987, 20.188809380131922 ], [ -98.689817460051799, 20.184569649979327 ], [ -98.690742820426948, 20.181877399640609 ], [ -98.696487049811523, 20.178065250050196 ], [ -98.701435259997027, 20.177612799905457 ], [ -98.702539749976836, 20.175698280210987 ], [ -98.711227429956736, 20.179562800755768 ], [ -98.714146050240799, 20.183764341228326 ], [ -98.717647659649458, 20.181862339619308 ], [ -98.722775909704396, 20.1818760911009 ], [ -98.731105418642827, 20.185362660756709 ], [ -98.73099534040594, 20.181373910730901 ], [ -98.737573678820553, 20.181523340181268 ], [ -98.748125799427854, 20.163484950381026 ], [ -98.749508508724176, 20.154720620594315 ], [ -98.747639018690947, 20.15160753995195 ], [ -98.748729350430182, 20.150802050671839 ], [ -98.74832349018908, 20.144320650019413 ], [ -98.773022620406849, 20.149274109674991 ], [ -98.777496820224826, 20.145891080194573 ], [ -98.786976648804284, 20.142372310349117 ], [ -98.796392339443059, 20.146336140088192 ], [ -98.791545480400217, 20.151604200773317 ], [ -98.786859089252118, 20.151210579817654 ], [ -98.78074136915285, 20.155498570569261 ], [ -98.780778659567204, 20.164536620647411 ], [ -98.778802518654373, 20.170485949850608 ], [ -98.780639338728093, 20.173408080105535 ], [ -98.793798659388713, 20.17396266064285 ], [ -98.799041460007942, 20.176357820329496 ], [ -98.803088150418688, 20.173046570783075 ], [ -98.809653109780015, 20.174879489566091 ], [ -98.816343849005818, 20.172194080371458 ], [ -98.823105509361397, 20.155701280098416 ], [ -98.828764489484939, 20.149643450791579 ], [ -98.828726679170629, 20.147212519882025 ], [ -98.83673874023296, 20.148634420556235 ], [ -98.836989198835028, 20.152731580748799 ], [ -98.830102108917742, 20.16257357997506 ], [ -98.833276150437385, 20.169553180778909 ], [ -98.832080429363259, 20.175155520302432 ], [ -98.830127248826912, 20.176708201228685 ], [ -98.832415619927744, 20.182322679934042 ], [ -98.834743780141011, 20.181956619611928 ], [ -98.839111119403071, 20.18611917975938 ], [ -98.837967978902071, 20.188270000971993 ], [ -98.827595508585119, 20.189691139802349 ], [ -98.824568419136824, 20.19894788104574 ], [ -98.824580078699327, 20.223118511073597 ], [ -98.823296219955111, 20.224971619609953 ], [ -98.818074769946904, 20.225069551010414 ], [ -98.81721899976597, 20.229211720366699 ], [ -98.815629599673201, 20.229163570531554 ], [ -98.81392890918427, 20.231804150112811 ], [ -98.815242718581814, 20.235252450336191 ], [ -98.813066000203847, 20.241990540362121 ], [ -98.815127859398928, 20.245918970966205 ], [ -98.810200628749811, 20.256814830092424 ], [ -98.813204379170486, 20.26082971992852 ], [ -98.812840849068948, 20.262630181340807 ], [ -98.814769939561003, 20.263445320676261 ], [ -98.818216148897633, 20.262088140338829 ], [ -98.817428800005999, 20.264673020219149 ], [ -98.820401969437185, 20.268603020030479 ], [ -98.814923778959553, 20.273122771251508 ], [ -98.814200720076343, 20.277464630419573 ], [ -98.810467629906796, 20.2796719808298 ], [ -98.809063199908948, 20.285255780976048 ], [ -98.805055939005669, 20.285811340414405 ], [ -98.80358011915061, 20.288929980917885 ], [ -98.797987338918603, 20.29221051009991 ], [ -98.789668980069621, 20.29056322020725 ], [ -98.78691793971619, 20.286217280100971 ], [ -98.782403619708276, 20.283807340289414 ], [ -98.769341169801848, 20.285703799645884 ], [ -98.764590599694117, 20.283998549568189 ], [ -98.763057059595212, 20.287263119916396 ], [ -98.757133119655236, 20.291941139917327 ], [ -98.750784450042474, 20.293219680240057 ], [ -98.748091520213038, 20.295577679959202 ], [ -98.733227178163958, 20.298592638751618 ] ] ] ] } },
{ "type": "Feature", "properties": { "CVEGEO": "13052", "CVE_ENT": "13", "CVE_MUN": "052", "NOMGEO": "San Agustín Tlaxiaca" }, "geometry": { "type": "MultiPolygon", "coordinates": [ [ [ [ -98.967854489793055, 20.187175080059951 ], [ -98.954299419856383, 20.181851599946516 ], [ -98.935068819160435, 20.182144919622651 ], [ -98.926689258714745, 20.178017849743846 ], [ -98.927589258868807, 20.172072720945096 ], [ -98.920341848722259, 20.172269430076728 ], [ -98.921598220267171, 20.170933940613931 ], [ -98.920251288853422, 20.170404480795511 ], [ -98.917784549614609, 20.172252889681513 ], [ -98.916033678942213, 20.168738690787102 ], [ -98.907717029715684, 20.169363710185323 ], [ -98.905743619610789, 20.168009620567069 ], [ -98.906473108611465, 20.170698219941958 ], [ -98.905148479802023, 20.17085502081834 ], [ -98.903114619011347, 20.166791570523571 ], [ -98.893568878700663, 20.164418151184911 ], [ -98.894350798706654, 20.160803630168882 ], [ -98.890875509272959, 20.15901200038364 ], [ -98.885862369298451, 20.161395781006167 ], [ -98.882320170409869, 20.160491320153703 ], [ -98.877231970091671, 20.163088950575361 ], [ -98.873085479139263, 20.160501939879147 ], [ -98.871797710374835, 20.155420020386714 ], [ -98.862547419516687, 20.160436120762455 ], [ -98.836989198835028, 20.152731580748799 ], [ -98.83673874023296, 20.148634420556235 ], [ -98.828726679170629, 20.147212519882025 ], [ -98.828764489484939, 20.149643450791579 ], [ -98.823105509361397, 20.155701280098416 ], [ -98.816343849005818, 20.172194080371458 ], [ -98.809653109780015, 20.174879489566091 ], [ -98.803088150418688, 20.173046570783075 ], [ -98.799041460007942, 20.176357820329496 ], [ -98.793798659388713, 20.17396266064285 ], [ -98.780639338728093, 20.173408080105535 ], [ -98.778802518654373, 20.170485949850608 ], [ -98.780778659567204, 20.164536620647411 ], [ -98.780493570103857, 20.155861941296262 ], [ -98.786859089252118, 20.151210579817654 ], [ -98.791545480400217, 20.151604200773317 ], [ -98.796392339443059, 20.146336140088192 ], [ -98.787310090303336, 20.143264629808165 ], [ -98.787046429948063, 20.140571150425902 ], [ -98.788406278878725, 20.134924019876756 ], [ -98.801230399599149, 20.123788579889563 ], [ -98.811298030138119, 20.131015970224304 ], [ -98.808776479540285, 20.134800420119948 ], [ -98.809224150384125, 20.141040019923071 ], [ -98.814770429865149, 20.14083728063121 ], [ -98.815043430313239, 20.139390171331936 ], [ -98.822002968683464, 20.139638220476563 ], [ -98.822517279181525, 20.137011200221654 ], [ -98.823734179800937, 20.139284630592332 ], [ -98.833142480443641, 20.13834857025018 ], [ -98.834352480207073, 20.132883660943499 ], [ -98.832481489352944, 20.13260679962827 ], [ -98.828143780161625, 20.127517820706629 ], [ -98.829203659250751, 20.120230120004106 ], [ -98.826012769694884, 20.116895631297702 ], [ -98.834523819078171, 20.118770260243036 ], [ -98.842430139156193, 20.124468970258665 ], [ -98.844514229833393, 20.124369580788041 ], [ -98.845394710273567, 20.120872769661776 ], [ -98.848360818996113, 20.121044030376936 ], [ -98.854089178639967, 20.114755780440831 ], [ -98.859340350434522, 20.111558340503503 ], [ -98.849246379207301, 20.102315620842511 ], [ -98.851635658806885, 20.100189150599963 ], [ -98.853449769420607, 20.090529460939401 ], [ -98.864298249734503, 20.079441800080765 ], [ -98.860901889012723, 20.074018969634238 ], [ -98.85379474867274, 20.070144399660457 ], [ -98.851886319492166, 20.059784890875846 ], [ -98.841110709544736, 20.051452940117667 ], [ -98.84680635019798, 20.049346061326677 ], [ -98.856229719066832, 20.052097259923439 ], [ -98.857055940432517, 20.05076762991542 ], [ -98.855164229889724, 20.047876021012666 ], [ -98.857069368958733, 20.046637379657547 ], [ -98.853886979333524, 20.044390580293086 ], [ -98.855323649563005, 20.044367479984192 ], [ -98.850095399802228, 20.034643481010779 ], [ -98.852063139109219, 20.023512571903833 ], [ -98.851178718665921, 20.019762119857972 ], [ -98.854837580259641, 20.0165353402083 ], [ -98.855698520331714, 20.019482829930823 ], [ -98.854174979272742, 20.024019650407947 ], [ -98.856311580344638, 20.024771820250731 ], [ -98.857327968668727, 20.030008150492442 ], [ -98.855451739090938, 20.033664621022268 ], [ -98.857280738873484, 20.035098919768444 ], [ -98.857237199892154, 20.038136690634172 ], [ -98.862042920447692, 20.041625430854328 ], [ -98.872037259925136, 20.042638219568452 ], [ -98.875192780150556, 20.044919691264845 ], [ -98.884360858680722, 20.045706971153102 ], [ -98.889947599319257, 20.044211259639393 ], [ -98.895038719378149, 20.049347230653002 ], [ -98.898292860246528, 20.048509690944794 ], [ -98.904240048926681, 20.050536250405322 ], [ -98.909850028576102, 20.047452940980556 ], [ -98.915013478588563, 20.046977110094229 ], [ -98.917303000191168, 20.048616769898885 ], [ -98.91881116973272, 20.046560049549957 ], [ -98.932332058982311, 20.040649420723625 ], [ -98.93523900039682, 20.052940780834998 ], [ -98.936705618748462, 20.053043621059242 ], [ -98.940734279947733, 20.052171420914345 ], [ -98.942516629249738, 20.048625600007423 ], [ -98.953050850029953, 20.051745120446377 ], [ -98.962761249466794, 20.046040020663561 ], [ -98.96110327952286, 20.040945490520578 ], [ -98.970019399111223, 20.045406120419006 ], [ -98.975766678947622, 20.052442659949183 ], [ -98.9886369703447, 20.062927121052013 ], [ -98.988977890384191, 20.068261920583033 ], [ -98.992562709631542, 20.065747261067983 ], [ -98.999198048627065, 20.054166200621896 ], [ -99.001159779126553, 20.052394370429379 ], [ -99.005644289887741, 20.053204510444189 ], [ -99.010497539159473, 20.035479371123742 ], [ -99.007829050294376, 20.03386562094131 ], [ -99.007859619099577, 20.031130079612094 ], [ -99.005935618985205, 20.030933120595833 ], [ -99.004769110216998, 20.032673220332981 ], [ -99.005266800079525, 20.028944050970569 ], [ -99.013280749845663, 20.010925231189962 ], [ -99.013338460254218, 19.997653139594714 ], [ -99.017967830351779, 19.995535340977771 ], [ -99.018976380473333, 19.993755489795277 ], [ -99.017900229796325, 19.991478850343604 ], [ -99.018623540235055, 19.989794420650981 ], [ -99.020346489845494, 19.990561620799276 ], [ -99.021554710108376, 19.98700523061013 ], [ -99.015140018611362, 19.983979230691187 ], [ -99.013205579083504, 19.985065851203874 ], [ -99.013094939149255, 19.985013180646497 ], [ -99.013969950378296, 19.98341557054658 ], [ -99.011256368725455, 19.982122381222737 ], [ -99.013858849695794, 19.981305250061602 ], [ -99.014237799353239, 19.977723650044823 ], [ -99.008714939854087, 19.977226480531129 ], [ -99.007547490207244, 19.979163341179323 ], [ -99.004120108913199, 19.964952110918759 ], [ -99.02765582001382, 19.964558620595401 ], [ -99.034512968901623, 19.971771780806041 ], [ -99.03277760037632, 19.990634000621284 ], [ -99.030687428983256, 19.99054515062965 ], [ -99.029859149946105, 19.993006750314738 ], [ -99.031937459236985, 19.996634149609552 ], [ -99.027422910446234, 20.00164818087605 ], [ -99.03083345104227, 20.002912981742064 ], [ -99.031342889744863, 20.014853630719433 ], [ -99.039878998580136, 20.012798200480223 ], [ -99.049430310382689, 20.007697111192588 ], [ -99.050900349979742, 20.001626830972356 ], [ -99.052211579099193, 20.001340830709378 ], [ -99.049463509762859, 19.999877570677402 ], [ -99.049472888652318, 19.998356169854151 ], [ -99.048453830242394, 19.999339520571411 ], [ -99.047648149060549, 19.995160279601631 ], [ -99.058500778625387, 19.988404771321964 ], [ -99.056100708858708, 19.984668370185457 ], [ -99.059575740060964, 19.973995820231696 ], [ -99.060710508918874, 19.974151181248793 ], [ -99.06756048000203, 19.984989400148965 ], [ -99.063840859064683, 20.014194350901164 ], [ -99.066948770019366, 20.01744588101775 ], [ -99.070943860404697, 20.01801752087211 ], [ -99.0725329091091, 20.020993880652018 ], [ -99.073419939402797, 20.03206929099483 ], [ -99.075525569199769, 20.037363950598515 ], [ -99.069542738878155, 20.049435720787365 ], [ -99.07094650945092, 20.063978080521743 ], [ -99.069634858792185, 20.068110310792832 ], [ -99.071186398938423, 20.072464540780096 ], [ -99.069723418994187, 20.073946031045523 ], [ -99.071530548802997, 20.077033461320237 ], [ -99.066146079066627, 20.071962200779826 ], [ -99.063723198744469, 20.07244063127569 ], [ -99.050381879326466, 20.06798612115934 ], [ -99.042152319398795, 20.068343231067978 ], [ -99.038066028822342, 20.071610511162927 ], [ -99.034216878588268, 20.071813121273532 ], [ -99.033947018902822, 20.076994601189391 ], [ -99.006715778908514, 20.068037881242777 ], [ -99.004287089065173, 20.072474401095658 ], [ -99.002728818874374, 20.082886350901031 ], [ -99.004423659288435, 20.084020891342238 ], [ -99.01006014891702, 20.082106830837027 ], [ -99.013737548689335, 20.084724941233652 ], [ -99.016054058825787, 20.096854150951224 ], [ -99.014352059037265, 20.104358421054791 ], [ -99.01170174910223, 20.103853741070225 ], [ -99.011388689294492, 20.110606000799716 ], [ -99.002615289374219, 20.107412231007061 ], [ -98.997764179033013, 20.109741151204524 ], [ -99.001758778790261, 20.110805920952533 ], [ -99.001419579037616, 20.11263209060839 ], [ -99.003386448845532, 20.113028650975913 ], [ -99.002750108996594, 20.118373451241592 ], [ -99.000340198701636, 20.118337821259367 ], [ -98.998833288716185, 20.126278660928179 ], [ -98.9862104787954, 20.124808910879036 ], [ -98.986124818718196, 20.126047540674652 ], [ -98.988090539482755, 20.128346661082873 ], [ -99.012057059362647, 20.137153401048437 ], [ -99.009890049144559, 20.138916201245287 ], [ -99.007312819498111, 20.147610340810964 ], [ -98.996703139188639, 20.160080280533546 ], [ -98.98553274858952, 20.154941381169881 ], [ -98.979411259256011, 20.153875880931182 ], [ -98.972215598608855, 20.160300710786142 ], [ -98.970183339054444, 20.165247140450198 ], [ -98.971096319212492, 20.171178431324414 ], [ -98.967831319007999, 20.173724541076268 ], [ -98.970819618546344, 20.177024910587491 ], [ -98.971837058725853, 20.184438781068934 ], [ -98.967854489793055, 20.187175080059951 ] ] ] ] } },
{ "type": "Feature", "properties": { "CVEGEO": "13037", "CVE_ENT": "13", "CVE_MUN": "037", "NOMGEO": "Metztitlán" }, "geometry": { "type": "MultiPolygon", "coordinates": [ [ [ [ -98.76066439937243, 20.74018271007527 ], [ -98.746064489314435, 20.740200801027015 ], [ -98.744056689107907, 20.735797431160936 ], [ -98.73529033939468, 20.729170491189553 ], [ -98.738584109172365, 20.727489650714524 ], [ -98.738611858956119, 20.723365400685392 ], [ -98.728753309142718, 20.721219800753847 ], [ -98.725428090338184, 20.722671861020462 ], [ -98.727687379517405, 20.719155110890135 ], [ -98.729744318895598, 20.709626740132101 ], [ -98.726058659012281, 20.704289781266787 ], [ -98.729115878889161, 20.699742250679872 ], [ -98.72467153866782, 20.696918060480201 ], [ -98.722311938841827, 20.697875920411054 ], [ -98.716981489386043, 20.692995890107287 ], [ -98.711703169806626, 20.691896689957264 ], [ -98.710403290324081, 20.688188479679546 ], [ -98.704475260259159, 20.685431050065752 ], [ -98.70369323028639, 20.681901120292594 ], [ -98.700650510079569, 20.679632680005511 ], [ -98.693897660340156, 20.678511910382131 ], [ -98.692283379937464, 20.683297980317271 ], [ -98.688853149755644, 20.679339940035675 ], [ -98.685576660230097, 20.679526139711058 ], [ -98.684741149683305, 20.677356049700286 ], [ -98.683702659948565, 20.671065949591082 ], [ -98.686348320150458, 20.668045179643574 ], [ -98.686068139705583, 20.664791519821801 ], [ -98.690105080316229, 20.664969880362804 ], [ -98.691460849641516, 20.662099939720392 ], [ -98.693882080399149, 20.661413940187106 ], [ -98.698406220348488, 20.662372219875927 ], [ -98.700025139532826, 20.659767319729355 ], [ -98.705049179684664, 20.664200120229296 ], [ -98.70395019985699, 20.658633220263795 ], [ -98.705287370192934, 20.65678117982381 ], [ -98.703797200287852, 20.655126879889988 ], [ -98.704551720260497, 20.650870090086208 ], [ -98.702982509967939, 20.646193309865613 ], [ -98.704170520278907, 20.644152679907613 ], [ -98.696728080392049, 20.62922028026691 ], [ -98.693984179576717, 20.627507599748856 ], [ -98.69327665040673, 20.624353770266147 ], [ -98.689142889888785, 20.624331260115948 ], [ -98.688672519683436, 20.615894309823418 ], [ -98.686846889667095, 20.614746509819625 ], [ -98.683287139826291, 20.615546740051059 ], [ -98.68356103007072, 20.611528030083374 ], [ -98.680533950319969, 20.609166710355371 ], [ -98.682048169602012, 20.604961139962644 ], [ -98.680160420246452, 20.601422480259945 ], [ -98.683833519542134, 20.598477220248878 ], [ -98.681060820406884, 20.591284979981367 ], [ -98.688467290123626, 20.585418880406827 ], [ -98.68075800035902, 20.575239030123502 ], [ -98.687349710404433, 20.574284919686402 ], [ -98.690003310144746, 20.570553630039942 ], [ -98.693260830259575, 20.572328449921045 ], [ -98.696845910268507, 20.571820079827781 ], [ -98.696434829766304, 20.568125739863728 ], [ -98.698128020023475, 20.566048920317932 ], [ -98.6941995097106, 20.565731890034368 ], [ -98.692161460101531, 20.563343519996607 ], [ -98.688112090032078, 20.565562150096255 ], [ -98.681206059973618, 20.564186029904203 ], [ -98.678966679946853, 20.557149250186409 ], [ -98.682309370105585, 20.553869620095622 ], [ -98.681603379831131, 20.549266430448242 ], [ -98.688085220149731, 20.542224310201817 ], [ -98.68688185036325, 20.54080252009096 ], [ -98.688157690012545, 20.538817350089815 ], [ -98.707233350197868, 20.54040019975718 ], [ -98.709007460218032, 20.53809533984527 ], [ -98.705083689591461, 20.536085799667962 ], [ -98.70831371038247, 20.525783030265874 ], [ -98.699135910467859, 20.526909060311468 ], [ -98.69252171991873, 20.530339599548778 ], [ -98.684522319766074, 20.529721520161701 ], [ -98.687517770084526, 20.527090109963243 ], [ -98.687374180416526, 20.514935519866658 ], [ -98.689387420331499, 20.51448290994248 ], [ -98.690158979796124, 20.511397779815216 ], [ -98.693566799818555, 20.509412509691337 ], [ -98.683303280374062, 20.500775379720288 ], [ -98.681797830074345, 20.496427680144922 ], [ -98.678624890143809, 20.494217749996579 ], [ -98.676458349968286, 20.489482090176818 ], [ -98.681739950187534, 20.48696960014308 ], [ -98.681949979555739, 20.481502940176043 ], [ -98.679738079791676, 20.482255619630958 ], [ -98.67783293973018, 20.480617079955941 ], [ -98.677485430257249, 20.47598312030452 ], [ -98.674934080054712, 20.475877380035772 ], [ -98.676890550406952, 20.474277709882195 ], [ -98.668546320061523, 20.470894339677169 ], [ -98.668403250203241, 20.46757863015246 ], [ -98.670524779593265, 20.467242170166582 ], [ -98.669887619927763, 20.462113740123019 ], [ -98.663080539674226, 20.459743350429324 ], [ -98.65661631020285, 20.446379260269051 ], [ -98.662302770337803, 20.437778369862897 ], [ -98.667671850050894, 20.444625770017741 ], [ -98.676330179906543, 20.445171800208634 ], [ -98.683860120034765, 20.440473889717321 ], [ -98.685401519863291, 20.432735449860672 ], [ -98.689408980125521, 20.42970222026543 ], [ -98.68941454042303, 20.433205150052313 ], [ -98.692870570217408, 20.441130429995852 ], [ -98.693788229599363, 20.439017289869099 ], [ -98.698467399690273, 20.446478140333284 ], [ -98.706855969856349, 20.446824860160344 ], [ -98.707688179565267, 20.445464520123629 ], [ -98.716309399998053, 20.447589260401504 ], [ -98.722090250240967, 20.451642050140165 ], [ -98.724180449695396, 20.448605119859369 ], [ -98.743319489700355, 20.441925049958471 ], [ -98.772746719715371, 20.436596280217291 ], [ -98.773797310376906, 20.410912599719779 ], [ -98.785046540199787, 20.414477690149944 ], [ -98.789095579897733, 20.412708889606019 ], [ -98.791654080424394, 20.410683859772536 ], [ -98.792383630235747, 20.405101460419779 ], [ -98.796971000166195, 20.403310419577345 ], [ -98.807244910091612, 20.389946290030011 ], [ -98.811923880008663, 20.388326719996826 ], [ -98.81565719980307, 20.389507919839321 ], [ -98.816884218760634, 20.393777311035993 ], [ -98.814271679995514, 20.394986290161984 ], [ -98.815867338610445, 20.396823949720861 ], [ -98.813567489849021, 20.397225450073005 ], [ -98.815368450166943, 20.402022280338215 ], [ -98.81790477855975, 20.400807801320077 ], [ -98.817414059520146, 20.403478540406379 ], [ -98.819728778587901, 20.404215829818305 ], [ -98.81987322910112, 20.407880889651533 ], [ -98.826576979657276, 20.413977651276525 ], [ -98.828828490101145, 20.412758800000088 ], [ -98.827789519194965, 20.410905230019534 ], [ -98.831838420319841, 20.410911750717837 ], [ -98.834076488823229, 20.407655489532555 ], [ -98.837720148861379, 20.408465260749711 ], [ -98.843385689476321, 20.406576341280854 ], [ -98.846311058591041, 20.407824550152515 ], [ -98.8472548594752, 20.41000932012237 ], [ -98.849730048792964, 20.409292849854065 ], [ -98.849916569030839, 20.411615459902503 ], [ -98.851790448725382, 20.410888581220725 ], [ -98.854097448712423, 20.413566149926385 ], [ -98.860774019626376, 20.414450771059986 ], [ -98.861325999993895, 20.418648150883815 ], [ -98.865393940074313, 20.417480179785265 ], [ -98.868344580359278, 20.41993785023373 ], [ -98.877319049744244, 20.418966660651382 ], [ -98.881621080106953, 20.419708650816165 ], [ -98.882146138824339, 20.421113480879448 ], [ -98.884138778757034, 20.420357980610383 ], [ -98.887891508622019, 20.425640939954008 ], [ -98.900016149115473, 20.429274709871219 ], [ -98.90000764984444, 20.43213035069909 ], [ -98.904584320135982, 20.435938650973991 ], [ -98.903025818805943, 20.438634910604943 ], [ -98.904288289988344, 20.442203549637821 ], [ -98.9001126288031, 20.444686140917867 ], [ -98.892772780061293, 20.44433931987896 ], [ -98.896632779359848, 20.450503370529628 ], [ -98.89394473870783, 20.462472319850573 ], [ -98.897201569884629, 20.466715550726164 ], [ -98.910464419908834, 20.46923388986032 ], [ -98.911818429732577, 20.477116220763921 ], [ -98.90836834891941, 20.485805540670739 ], [ -98.915345659043723, 20.496794511313738 ], [ -98.922594019220725, 20.497327020889962 ], [ -98.925256108987327, 20.499205651092367 ], [ -98.948972109306965, 20.499140620968717 ], [ -98.947529630063357, 20.500929480966789 ], [ -98.950345459943421, 20.502509341176108 ], [ -98.948768150219152, 20.502687110859068 ], [ -98.947194339365424, 20.506092200888293 ], [ -98.948240879799712, 20.51907809107249 ], [ -98.942663448979076, 20.518628170654441 ], [ -98.941157508882839, 20.516735630551612 ], [ -98.937710549388996, 20.517543450636627 ], [ -98.940187089673302, 20.52991917097275 ], [ -98.951649768587203, 20.525910149809853 ], [ -98.957661689116151, 20.531490310407911 ], [ -98.957065919126009, 20.533695289630977 ], [ -98.958899628886286, 20.533698650403263 ], [ -98.958979908611553, 20.535893480383432 ], [ -98.960185649126743, 20.535877459930809 ], [ -98.961091289373016, 20.5418912500791 ], [ -98.962864108802705, 20.54288737964773 ], [ -98.961939029383444, 20.544672220255212 ], [ -98.963877819394128, 20.545551059811437 ], [ -98.961977768973966, 20.548054420428791 ], [ -98.963300229010827, 20.548808550309079 ], [ -98.962215819179406, 20.552564850269381 ], [ -98.963558519494612, 20.552613659880574 ], [ -98.96121987916645, 20.554112310091273 ], [ -98.963747509182966, 20.555068349999939 ], [ -98.962844079456985, 20.560313690025797 ], [ -98.964849569495456, 20.564982829892234 ], [ -98.963739908843408, 20.567368979699669 ], [ -98.965403688951838, 20.567796139633138 ], [ -98.963096218568623, 20.573033199641007 ], [ -98.960475939161256, 20.572306949921252 ], [ -98.957300118670332, 20.575300749887457 ], [ -98.95510968919568, 20.574956179673183 ], [ -98.951878768866735, 20.581051509796488 ], [ -98.948904078555657, 20.580231080105467 ], [ -98.944047999038389, 20.582587199891776 ], [ -98.944160599092044, 20.584229799893983 ], [ -98.946536519515135, 20.584977749773749 ], [ -98.945230119201611, 20.58640724986854 ], [ -98.945272519485329, 20.594555199808578 ], [ -98.94847379924461, 20.595924549933933 ], [ -98.952657738651652, 20.603641540369704 ], [ -98.945668508583069, 20.604301120073838 ], [ -98.948408289399026, 20.610017430347295 ], [ -98.947565938617558, 20.615501619639655 ], [ -98.945099689229963, 20.618431849745992 ], [ -98.941883458818026, 20.619350750114105 ], [ -98.939791509193228, 20.62540914015208 ], [ -98.933484658804602, 20.629590939816499 ], [ -98.934929248772406, 20.631094259585176 ], [ -98.931482399341107, 20.63472757968756 ], [ -98.932044379209458, 20.636788880375853 ], [ -98.928295798778208, 20.639732599692707 ], [ -98.928040799297634, 20.645360780396409 ], [ -98.931430949092331, 20.649626539881893 ], [ -98.931833229103248, 20.652853310152658 ], [ -98.930081449009037, 20.65847769024165 ], [ -98.91645245956073, 20.657187949879287 ], [ -98.910483920339999, 20.660008820592157 ], [ -98.908689368859882, 20.664585770467667 ], [ -98.901461948701339, 20.666405340459544 ], [ -98.900822018780801, 20.66331389051949 ], [ -98.895905620441553, 20.662294200822522 ], [ -98.890155580009633, 20.663248550325324 ], [ -98.887460969792244, 20.666298339884676 ], [ -98.88714317896968, 20.668492310055139 ], [ -98.894748739951226, 20.67702431134078 ], [ -98.893488459082192, 20.683621019872383 ], [ -98.891143909418432, 20.686943630437533 ], [ -98.899065939773038, 20.693941540565618 ], [ -98.895789628792116, 20.69859348009447 ], [ -98.890299649225057, 20.700188479562229 ], [ -98.892354019761598, 20.705074199829514 ], [ -98.889736149174411, 20.715516940182667 ], [ -98.878108750124497, 20.70700497987529 ], [ -98.876374910027337, 20.708213689581346 ], [ -98.866675019346971, 20.704196290175222 ], [ -98.862186120216649, 20.708487859915042 ], [ -98.85831755034279, 20.716730119657431 ], [ -98.855210488580283, 20.715768721113967 ], [ -98.852162319256621, 20.717180549662896 ], [ -98.849899509274991, 20.716132401122675 ], [ -98.850366090302217, 20.714439710942994 ], [ -98.848359400287308, 20.711892170085871 ], [ -98.844350279924711, 20.712558690783336 ], [ -98.841772780963538, 20.703194661265147 ], [ -98.846386689220822, 20.70017986095791 ], [ -98.847581679749837, 20.69675677979852 ], [ -98.843793689140583, 20.698147510059382 ], [ -98.839223679781455, 20.694202350037408 ], [ -98.83759388038105, 20.689271850185833 ], [ -98.841720289675237, 20.689468620123982 ], [ -98.841856340213283, 20.685850259775673 ], [ -98.844609859713003, 20.685899651048544 ], [ -98.844897979104189, 20.682271650048847 ], [ -98.841678518892749, 20.68216347977641 ], [ -98.841711878579133, 20.680044150646808 ], [ -98.85280233934823, 20.679816890876598 ], [ -98.841613029895555, 20.676633740669395 ], [ -98.836515860325122, 20.677601771359761 ], [ -98.836517718886356, 20.679719679919476 ], [ -98.830835618600247, 20.679566019703675 ], [ -98.830813689332672, 20.681818800205093 ], [ -98.826428079028815, 20.681768060028585 ], [ -98.824903739979405, 20.685293139667653 ], [ -98.822515678585873, 20.685663169610844 ], [ -98.823161659623594, 20.690846621347731 ], [ -98.814843320352026, 20.69570432117251 ], [ -98.81714766009884, 20.699120150594162 ], [ -98.818332890051792, 20.708235581268461 ], [ -98.820820799306077, 20.706820580774572 ], [ -98.822123848905434, 20.707328879600581 ], [ -98.821383228669802, 20.709807399765708 ], [ -98.823498180312612, 20.708385520246928 ], [ -98.824737858557995, 20.712263290220157 ], [ -98.828089490038195, 20.713781689590402 ], [ -98.827911768600174, 20.717726650755484 ], [ -98.799796599153311, 20.72146922094981 ], [ -98.794609509345264, 20.723729691037917 ], [ -98.785159619372394, 20.721226021200572 ], [ -98.782151479417834, 20.72226202086085 ], [ -98.780799219253467, 20.724914289726705 ], [ -98.772273288750725, 20.728555650753432 ], [ -98.772648539501404, 20.731580739646883 ], [ -98.770502969180285, 20.73472654987803 ], [ -98.76066439937243, 20.74018271007527 ] ] ] ] } },
{ "type": "Feature", "properties": { "CVEGEO": "13036", "CVE_ENT": "13", "CVE_MUN": "036", "NOMGEO": "San Agustín Metzquititlán" }, "geometry": { "type": "MultiPolygon", "coordinates": [ [ [ [ -98.526830150399846, 20.626614569620646 ], [ -98.519462579978409, 20.626687140398605 ], [ -98.516747150351577, 20.621257769808018 ], [ -98.508909569583921, 20.61582237030709 ], [ -98.507139719652926, 20.608486519984041 ], [ -98.504141079903903, 20.605295860423059 ], [ -98.505464059875777, 20.600619680378045 ], [ -98.503546770074109, 20.600301340196424 ], [ -98.505863949735513, 20.596237749863093 ], [ -98.512248020130755, 20.594224349678502 ], [ -98.522978650467067, 20.581812600288661 ], [ -98.522316579761082, 20.577218650321665 ], [ -98.524279250291556, 20.575544770135121 ], [ -98.523703940441763, 20.571976890198652 ], [ -98.52491531990988, 20.570762169650404 ], [ -98.523397199753461, 20.567333260084123 ], [ -98.524056740154293, 20.560984519733406 ], [ -98.522636000286113, 20.559203349642328 ], [ -98.524117289689357, 20.552456090290029 ], [ -98.525715889730719, 20.551065379777963 ], [ -98.524492339634008, 20.548362230052678 ], [ -98.526137290294386, 20.544231030439736 ], [ -98.530843549661498, 20.54015259983899 ], [ -98.534665170058503, 20.53065817957739 ], [ -98.53816980031614, 20.528158020208828 ], [ -98.537843030257221, 20.527004649691126 ], [ -98.545639709863877, 20.521038220160452 ], [ -98.554614090029872, 20.518705949846048 ], [ -98.558521379580228, 20.511428380177371 ], [ -98.557606229748188, 20.509364770110803 ], [ -98.56673093995397, 20.507898220060589 ], [ -98.571119170119516, 20.509042689841138 ], [ -98.576665580315037, 20.504289079996354 ], [ -98.582395580346898, 20.505489490109174 ], [ -98.586986770112517, 20.501175030111867 ], [ -98.593150310448863, 20.499498750230671 ], [ -98.597285689972807, 20.495770860244118 ], [ -98.595132050246193, 20.49440839970493 ], [ -98.593960740016612, 20.489599029951325 ], [ -98.588238200207073, 20.487459150035029 ], [ -98.585774049523607, 20.484868310360593 ], [ -98.586252650317192, 20.482882110104857 ], [ -98.579504259962363, 20.479259459762517 ], [ -98.578861510037115, 20.476318800330279 ], [ -98.576760149633273, 20.476236950407319 ], [ -98.578847620342074, 20.473445569848501 ], [ -98.575424089808024, 20.47245230959447 ], [ -98.576722279990918, 20.470702320079099 ], [ -98.572379890311325, 20.466943540065586 ], [ -98.571862849879878, 20.463609379973178 ], [ -98.553867750224711, 20.446703769651087 ], [ -98.555183880215182, 20.442835059845638 ], [ -98.554370340027972, 20.438504250342515 ], [ -98.552396279828741, 20.43553053966734 ], [ -98.549689140349813, 20.435359170247619 ], [ -98.549839549790121, 20.432859419933635 ], [ -98.563426780486381, 20.436665539769603 ], [ -98.567595779526641, 20.435455280136171 ], [ -98.571764629613256, 20.437727419580092 ], [ -98.57064558007832, 20.432321379583001 ], [ -98.571888480049381, 20.43441311999273 ], [ -98.58060590994225, 20.436261000124365 ], [ -98.583720170342076, 20.439941049922972 ], [ -98.589030739905567, 20.440437600007161 ], [ -98.593664520330663, 20.437274580379388 ], [ -98.599559879529068, 20.437134619777556 ], [ -98.60301602958144, 20.430699880000947 ], [ -98.606272200382691, 20.429119890222132 ], [ -98.604922120410251, 20.428621979996308 ], [ -98.604803259814915, 20.425271050252604 ], [ -98.62376252034575, 20.413779180337709 ], [ -98.629404709870911, 20.421600970255597 ], [ -98.636757850178569, 20.421635569669728 ], [ -98.645925119587019, 20.425572200330233 ], [ -98.652158289543209, 20.43055552009691 ], [ -98.657097460081587, 20.43116400024687 ], [ -98.655395710434931, 20.434328049899552 ], [ -98.657418999920594, 20.439493720437635 ], [ -98.662302770337803, 20.437778369862897 ], [ -98.660541819626928, 20.441474180434838 ], [ -98.658328719748539, 20.44205550999493 ], [ -98.656649090425077, 20.447605780131109 ], [ -98.659092140158762, 20.449403140432835 ], [ -98.663080539674226, 20.459743350429324 ], [ -98.669887619927763, 20.462113740123019 ], [ -98.670524779593265, 20.467242170166582 ], [ -98.668403250203241, 20.46757863015246 ], [ -98.668546320061523, 20.470894339677169 ], [ -98.676890550406952, 20.474277709882195 ], [ -98.674934080054712, 20.475877380035772 ], [ -98.677485430257249, 20.47598312030452 ], [ -98.67783293973018, 20.480617079955941 ], [ -98.679738079791676, 20.482255619630958 ], [ -98.681949979555739, 20.481502940176043 ], [ -98.682701889824074, 20.485547540120006 ], [ -98.677401290073334, 20.488444140324958 ], [ -98.676456890159955, 20.490474690033789 ], [ -98.681797830074345, 20.496427680144922 ], [ -98.683303280374062, 20.500775379720288 ], [ -98.693566799818555, 20.509412509691337 ], [ -98.690158979796124, 20.511397779815216 ], [ -98.689387420331499, 20.51448290994248 ], [ -98.687374180416526, 20.514935519866658 ], [ -98.687517770084526, 20.527090109963243 ], [ -98.684522319766074, 20.529721520161701 ], [ -98.693122060199741, 20.530238969601648 ], [ -98.698114909872473, 20.527241200406028 ], [ -98.708100539909069, 20.525053170407134 ], [ -98.70810388972896, 20.529326549550706 ], [ -98.705083689591461, 20.536085799667962 ], [ -98.709007460218032, 20.53809533984527 ], [ -98.707233350197868, 20.54040019975718 ], [ -98.690295779541614, 20.538548309744503 ], [ -98.687369799677768, 20.539408479774579 ], [ -98.688085220149731, 20.542224310201817 ], [ -98.681603379831131, 20.549266430448242 ], [ -98.682577739749462, 20.553241549906456 ], [ -98.67889810956946, 20.557751109769445 ], [ -98.681538510044334, 20.56270597985802 ], [ -98.681128429858603, 20.565171349839975 ], [ -98.685618379813249, 20.570783229579838 ], [ -98.679514539667764, 20.570734540309903 ], [ -98.676287169997323, 20.564891019984582 ], [ -98.669589580482423, 20.560566419864159 ], [ -98.669286089884196, 20.563766540360209 ], [ -98.66543920045676, 20.567827880408547 ], [ -98.660678050271031, 20.561528180002568 ], [ -98.655043629775861, 20.560796979995722 ], [ -98.653122800190729, 20.557673970194369 ], [ -98.647138249562957, 20.555205980162704 ], [ -98.645768619749916, 20.562665140039247 ], [ -98.639315080370224, 20.569579080394877 ], [ -98.638613569732456, 20.575250169549456 ], [ -98.641147779564491, 20.582102550243579 ], [ -98.644470879988319, 20.583083480373951 ], [ -98.642863979520257, 20.586686540331389 ], [ -98.639587829565514, 20.587263749705009 ], [ -98.635856290024279, 20.591141510259632 ], [ -98.632354399738901, 20.589881260267941 ], [ -98.626889689842329, 20.591293200244209 ], [ -98.626166219650088, 20.597245980296613 ], [ -98.623121429938152, 20.592958830278871 ], [ -98.620975290209728, 20.59481236966958 ], [ -98.620477289643986, 20.592847339745834 ], [ -98.61468254981547, 20.591356570040489 ], [ -98.615747049776971, 20.589386880068165 ], [ -98.612201690418729, 20.588538580099804 ], [ -98.598847148896539, 20.59073449013761 ], [ -98.587541479678904, 20.595393109634614 ], [ -98.581646649818566, 20.594503199877209 ], [ -98.56846451028143, 20.602578620156287 ], [ -98.565189830363295, 20.613146910356342 ], [ -98.556705180115131, 20.610142940032272 ], [ -98.55350591041271, 20.605686279670383 ], [ -98.550033920155514, 20.605506109921887 ], [ -98.547109449923227, 20.610445149557648 ], [ -98.549648200304077, 20.617498450015674 ], [ -98.547040519577195, 20.620702879541543 ], [ -98.543389059886977, 20.621696139946533 ], [ -98.543737109990161, 20.623861369850644 ], [ -98.537915779961807, 20.627275029924789 ], [ -98.527965979612958, 20.627815379646751 ], [ -98.526830150399846, 20.626614569620646 ] ] ] ] } },
{ "type": "Feature", "properties": { "CVEGEO": "13053", "CVE_ENT": "13", "CVE_MUN": "053", "NOMGEO": "San Bartolo Tutotepec" }, "geometry": { "type": "MultiPolygon", "coordinates": [ [ [ [ -98.110059579980984, 20.616351170593646 ], [ -98.10052487961228, 20.614026890435301 ], [ -98.09511204981311, 20.609164090835442 ], [ -98.096378650182785, 20.604759200763709 ], [ -98.095229660384589, 20.59986923053205 ], [ -98.088779539571703, 20.590912721321306 ], [ -98.090617819767502, 20.586135551205317 ], [ -98.094352400374589, 20.584530311160304 ], [ -98.09564791024961, 20.580910220870777 ], [ -98.093951119900382, 20.574711551078956 ], [ -98.079665289986238, 20.572047311115185 ], [ -98.077886509946012, 20.565902341161912 ], [ -98.070297149881313, 20.569068571093752 ], [ -98.071144320356339, 20.566109341358572 ], [ -98.069309829719288, 20.56126368092378 ], [ -98.071822680066518, 20.553785261074001 ], [ -98.069225819519303, 20.548134971265487 ], [ -98.071691029812939, 20.544394520679223 ], [ -98.071489259562355, 20.541539201014682 ], [ -98.064721310416019, 20.534179781275927 ], [ -98.062074259993793, 20.533730890813814 ], [ -98.062193399634069, 20.531697620601989 ], [ -98.061155459751518, 20.532376720710289 ], [ -98.05995443035259, 20.529640941162391 ], [ -98.059613649846952, 20.533039481306012 ], [ -98.056490660261815, 20.532612481117106 ], [ -98.057816630078847, 20.531443061149901 ], [ -98.056416079950424, 20.528096050487154 ], [ -98.057215080400638, 20.523504150575022 ], [ -98.044305680452283, 20.508927740578095 ], [ -98.043366419486802, 20.505155781228741 ], [ -98.047966000059503, 20.502934201125903 ], [ -98.052887320066745, 20.504660921017337 ], [ -98.058447510174446, 20.499853581260314 ], [ -98.063530400335338, 20.500229280901955 ], [ -98.07116146008741, 20.49789735079047 ], [ -98.070902030325669, 20.502073521152759 ], [ -98.073311460018772, 20.507701741324052 ], [ -98.071804519556579, 20.513999320483379 ], [ -98.075792279647587, 20.510619850760747 ], [ -98.078803510193069, 20.512119800540237 ], [ -98.086868770376398, 20.511364120760977 ], [ -98.090115680394845, 20.50775728117048 ], [ -98.083967120031403, 20.503945350792947 ], [ -98.085069169941505, 20.492318881080809 ], [ -98.094918430081876, 20.486460631089273 ], [ -98.09891181955129, 20.49008540124116 ], [ -98.1014446497352, 20.489296081139372 ], [ -98.105209490346326, 20.483526851091881 ], [ -98.096358049999537, 20.477157120911823 ], [ -98.113457199939759, 20.468684050990841 ], [ -98.120694489748601, 20.459797551106838 ], [ -98.12040916956029, 20.456197351164064 ], [ -98.115963659823421, 20.456306051343383 ], [ -98.115620950051081, 20.449938941224374 ], [ -98.109308970271954, 20.442820570599665 ], [ -98.112523940396215, 20.442181600717841 ], [ -98.113475149831473, 20.439736481239056 ], [ -98.131960230316395, 20.429032521017618 ], [ -98.136691120224853, 20.430492020551004 ], [ -98.14000423039144, 20.426695890895179 ], [ -98.144528230318443, 20.426339570519673 ], [ -98.150707050423705, 20.421091691117578 ], [ -98.149853579884962, 20.417195600760316 ], [ -98.153061629841986, 20.416574680532328 ], [ -98.154461629794369, 20.411869020708455 ], [ -98.158872050010999, 20.408436711245681 ], [ -98.165444509931092, 20.408831020959894 ], [ -98.167830380223137, 20.413353141280446 ], [ -98.171908719566872, 20.411803880993407 ], [ -98.174352909754433, 20.413510631196793 ], [ -98.174906620228569, 20.410755920493315 ], [ -98.179311629919482, 20.4075795113521 ], [ -98.182516780151389, 20.40819868104785 ], [ -98.183309849802214, 20.403036491152388 ], [ -98.188385650460759, 20.400908460475911 ], [ -98.191620489901084, 20.393053780683562 ], [ -98.198688429722381, 20.387290911099715 ], [ -98.205236940428364, 20.386408081079765 ], [ -98.207861769724829, 20.382211051330266 ], [ -98.210722119819053, 20.381796170476221 ], [ -98.214521720189524, 20.384071911087176 ], [ -98.219302719586238, 20.379183291068898 ], [ -98.220578149720993, 20.382077950921975 ], [ -98.223668739733824, 20.383947681048191 ], [ -98.232024679843761, 20.385641951104841 ], [ -98.236617490284772, 20.38369495063019 ], [ -98.237468740099132, 20.38147654085633 ], [ -98.242660060263717, 20.378162861081613 ], [ -98.245122309860434, 20.378916920680673 ], [ -98.245475620313755, 20.380637571122644 ], [ -98.256684679905618, 20.381661400754496 ], [ -98.263426819945153, 20.372622250457795 ], [ -98.270538539698194, 20.367904600500836 ], [ -98.272391620386955, 20.368228771248209 ], [ -98.276379999689411, 20.37519468134111 ], [ -98.280572540036616, 20.36948343107769 ], [ -98.278536030348718, 20.358859940637391 ], [ -98.280251919813011, 20.353400580640503 ], [ -98.286487019678177, 20.344551250775819 ], [ -98.290405619809235, 20.350566230648184 ], [ -98.290371750210625, 20.353186430604673 ], [ -98.291498969630766, 20.352196651306656 ], [ -98.292850279575205, 20.348430060921579 ], [ -98.290336619684723, 20.334430231247289 ], [ -98.292046679534266, 20.330761620987655 ], [ -98.297385720266035, 20.329065321156065 ], [ -98.298175079602245, 20.32721774114567 ], [ -98.310991350287665, 20.322446600262882 ], [ -98.319959119817327, 20.325315201234581 ], [ -98.323233510357625, 20.329294920712332 ], [ -98.334099739532164, 20.328885910518164 ], [ -98.334472450258517, 20.335173910836655 ], [ -98.326992570352147, 20.348131691029856 ], [ -98.318371890445306, 20.355298520748985 ], [ -98.314745799730915, 20.355583881322126 ], [ -98.313832080170499, 20.363684601110659 ], [ -98.314939379607324, 20.363196260653726 ], [ -98.306839199612355, 20.374210510736468 ], [ -98.307381779934374, 20.380837740714576 ], [ -98.304537079864502, 20.381857401312271 ], [ -98.299510309828321, 20.392670060576151 ], [ -98.297292889945084, 20.404650370484735 ], [ -98.298207769731619, 20.408315740844664 ], [ -98.303658109885689, 20.415446601322895 ], [ -98.305896860264525, 20.416046150757467 ], [ -98.305584020279994, 20.418143050666711 ], [ -98.308690680265542, 20.418995920508348 ], [ -98.311600369757798, 20.424337281028315 ], [ -98.31572456964291, 20.425835430966202 ], [ -98.318071969659769, 20.430093170450313 ], [ -98.318109320007892, 20.435257680902332 ], [ -98.313913819528665, 20.439468631294034 ], [ -98.315712570456597, 20.445685110596859 ], [ -98.312016120394006, 20.449846891263043 ], [ -98.308857110259865, 20.449653481024903 ], [ -98.308554970334441, 20.451817201236356 ], [ -98.304891420171757, 20.454496941115785 ], [ -98.299129449535911, 20.455590110967247 ], [ -98.299692400320637, 20.458671310993054 ], [ -98.297273260150249, 20.46053857057003 ], [ -98.29456807999496, 20.460285030522847 ], [ -98.292150119520613, 20.46491245117457 ], [ -98.287898350171261, 20.464712950539013 ], [ -98.287265879978946, 20.466710970575058 ], [ -98.280463570061457, 20.469377050673287 ], [ -98.280102749782372, 20.472167580879766 ], [ -98.277271800428124, 20.472889890652947 ], [ -98.276418120082042, 20.475484080550313 ], [ -98.277651720169189, 20.477794800855023 ], [ -98.275458919849072, 20.479198940958231 ], [ -98.275438630053458, 20.481244820796803 ], [ -98.271044249731659, 20.481920821199562 ], [ -98.260420260010363, 20.495397371268556 ], [ -98.257583690436832, 20.495605480695627 ], [ -98.255773739623507, 20.499940121266867 ], [ -98.247289289508544, 20.501202580455388 ], [ -98.245758400072276, 20.504403710540156 ], [ -98.241019050332156, 20.50057378071061 ], [ -98.239019219622691, 20.504962540755841 ], [ -98.234102799630648, 20.506195050799874 ], [ -98.233299490163304, 20.509794540603135 ], [ -98.230322349665016, 20.510541340478653 ], [ -98.232479740344189, 20.514241370517698 ], [ -98.228448370177034, 20.521011220734724 ], [ -98.222305090109217, 20.523731510480154 ], [ -98.219438579530348, 20.523006521299283 ], [ -98.211600890394408, 20.528699850487904 ], [ -98.210372339988467, 20.526060850633357 ], [ -98.203958059565679, 20.527864121302283 ], [ -98.200026109651887, 20.525846061091407 ], [ -98.197180079603015, 20.526673120922787 ], [ -98.191909320253984, 20.525229181267221 ], [ -98.188772089495274, 20.523095690948693 ], [ -98.185621829696572, 20.527565630558325 ], [ -98.182188149792808, 20.526210491256521 ], [ -98.180752879790745, 20.52885946131553 ], [ -98.177586690312381, 20.527666860559272 ], [ -98.172893710260482, 20.52971563056888 ], [ -98.166508369761203, 20.536583021174394 ], [ -98.164446370150102, 20.541190570763437 ], [ -98.158043019533665, 20.542561280775374 ], [ -98.158877599894879, 20.545645030655415 ], [ -98.156571379884596, 20.547311251270955 ], [ -98.158149060010004, 20.550261800929619 ], [ -98.153423980418097, 20.55238408122662 ], [ -98.152183250115328, 20.554515510951575 ], [ -98.15371825000426, 20.56522083105726 ], [ -98.147736430001416, 20.562661800754011 ], [ -98.147500349741065, 20.565534280918907 ], [ -98.142618150279233, 20.568494950607878 ], [ -98.142495620132763, 20.570845200866074 ], [ -98.138134769692741, 20.574767680908323 ], [ -98.135389819858275, 20.581922940742004 ], [ -98.132074910326139, 20.581991540515556 ], [ -98.130431430441419, 20.584454000937196 ], [ -98.131869059665902, 20.587327630915382 ], [ -98.130187979612671, 20.590931250959915 ], [ -98.123028479848358, 20.585821750975168 ], [ -98.12140048981037, 20.586395570605461 ], [ -98.123726889495217, 20.592119970811908 ], [ -98.118723579982969, 20.594129310524604 ], [ -98.126905969761708, 20.597267200664831 ], [ -98.121025970432811, 20.597000721222457 ], [ -98.118670459634032, 20.598155970945879 ], [ -98.117897279782156, 20.600749400613335 ], [ -98.114976750405305, 20.600103860789968 ], [ -98.112253920363131, 20.607151350627607 ], [ -98.1095004504282, 20.607393510783435 ], [ -98.108048059759426, 20.611392401152294 ], [ -98.111991949569244, 20.614742020515362 ], [ -98.110059579980984, 20.616351170593646 ] ] ] ] } },
{ "type": "Feature", "properties": { "CVEGEO": "13012", "CVE_ENT": "13", "CVE_MUN": "012", "NOMGEO": "Atotonilco el Grande" }, "geometry": { "type": "MultiPolygon", "coordinates": [ [ [ [ -98.722090250240967, 20.451642050140165 ], [ -98.707688179565267, 20.445464520123629 ], [ -98.706855969856349, 20.446824860160344 ], [ -98.698467399690273, 20.446478140333284 ], [ -98.693788229599363, 20.439017289869099 ], [ -98.692870570217408, 20.441130429995852 ], [ -98.68941454042303, 20.433205150052313 ], [ -98.689408980125521, 20.42970222026543 ], [ -98.685401519863291, 20.432735449860672 ], [ -98.683077260156253, 20.441216719745231 ], [ -98.676330179906543, 20.445171800208634 ], [ -98.668687579982262, 20.445018369611677 ], [ -98.662302770337803, 20.437778369862897 ], [ -98.657418999920594, 20.439493720437635 ], [ -98.655395710434931, 20.434328049899552 ], [ -98.657097460081587, 20.43116400024687 ], [ -98.652158289543209, 20.43055552009691 ], [ -98.645925119587019, 20.425572200330233 ], [ -98.636757850178569, 20.421635569669728 ], [ -98.629404709870911, 20.421600970255597 ], [ -98.62376252034575, 20.413779180337709 ], [ -98.604803259814915, 20.425271050252604 ], [ -98.604922120410251, 20.428621979996308 ], [ -98.606272200382691, 20.429119890222132 ], [ -98.60301602958144, 20.430699880000947 ], [ -98.599559879529068, 20.437134619777556 ], [ -98.593664520330663, 20.437274580379388 ], [ -98.589030739905567, 20.440437600007161 ], [ -98.583720170342076, 20.439941049922972 ], [ -98.58060590994225, 20.436261000124365 ], [ -98.571888480049381, 20.43441311999273 ], [ -98.57064558007832, 20.432321379583001 ], [ -98.571764629613256, 20.437727419580092 ], [ -98.567595779526641, 20.435455280136171 ], [ -98.563426780486381, 20.436665539769603 ], [ -98.550455859787434, 20.433896280014281 ], [ -98.552429019864462, 20.431888510287219 ], [ -98.551916060383988, 20.427287280218852 ], [ -98.549960090384815, 20.425874829978262 ], [ -98.551321220313355, 20.423822109706261 ], [ -98.549469000142537, 20.42155192038669 ], [ -98.550731999722572, 20.419854740250226 ], [ -98.549402690053086, 20.415007680313032 ], [ -98.550535449847288, 20.406251740427841 ], [ -98.548242770308306, 20.402494660361917 ], [ -98.548749379573607, 20.399704279831063 ], [ -98.550427219593175, 20.399275169965389 ], [ -98.550179170149065, 20.39570510988607 ], [ -98.547845620009639, 20.392897340094589 ], [ -98.544389080293826, 20.392342600345533 ], [ -98.548439979663158, 20.390247859860427 ], [ -98.54521172029429, 20.388198740305352 ], [ -98.54443688047931, 20.37880382963904 ], [ -98.545969779902663, 20.376789149640945 ], [ -98.543064800397957, 20.375560340339355 ], [ -98.54650530981904, 20.37013407989819 ], [ -98.545461249819454, 20.367984340012072 ], [ -98.548683460066385, 20.364692739846738 ], [ -98.547336829937564, 20.361490719917789 ], [ -98.548966659958722, 20.360286119934234 ], [ -98.545417680166281, 20.359147060003139 ], [ -98.542993549603153, 20.35624254974195 ], [ -98.540262949795832, 20.357990110331865 ], [ -98.538850770300783, 20.352756340391561 ], [ -98.534303850124317, 20.348441600334876 ], [ -98.538358679809448, 20.34189168000627 ], [ -98.531862139713169, 20.338441919667279 ], [ -98.534855799570806, 20.33433667973793 ], [ -98.538651800235471, 20.332634230122629 ], [ -98.540990860165408, 20.333679539864978 ], [ -98.557153950108827, 20.328282260354499 ], [ -98.55554664984399, 20.31849194976542 ], [ -98.556488740292949, 20.315880879856081 ], [ -98.563026180285178, 20.314502120340727 ], [ -98.561560739974254, 20.308059920219367 ], [ -98.564174570207555, 20.305153940410275 ], [ -98.562393649957002, 20.301621279557772 ], [ -98.567724150307356, 20.300363290311694 ], [ -98.589993310024624, 20.306529919923094 ], [ -98.593899449716076, 20.30280902966858 ], [ -98.601774709555912, 20.29910151024265 ], [ -98.602607080125779, 20.29194280007761 ], [ -98.612268419610402, 20.273236479855896 ], [ -98.614642620268739, 20.274244450319554 ], [ -98.61589651983472, 20.27284708957443 ], [ -98.627861688693287, 20.276389091150723 ], [ -98.632003580140577, 20.275035229880274 ], [ -98.637411780477422, 20.258123229606916 ], [ -98.627891180358844, 20.247904400435843 ], [ -98.628437819773083, 20.241887380758339 ], [ -98.626253320139142, 20.240084510142619 ], [ -98.632065000421491, 20.230643079671911 ], [ -98.646006780159382, 20.232615350430656 ], [ -98.64031624868332, 20.240039200445199 ], [ -98.639148567707466, 20.247337981833045 ], [ -98.650142059664503, 20.251147150304334 ], [ -98.662682030448963, 20.243742819921973 ], [ -98.672011830186861, 20.25302364974905 ], [ -98.67231072039354, 20.257615000024622 ], [ -98.675286289801036, 20.258681779782926 ], [ -98.678882369618577, 20.263098229750511 ], [ -98.680587149791421, 20.262157579695071 ], [ -98.681130090245176, 20.264726280266647 ], [ -98.684316970159571, 20.266555450171388 ], [ -98.686367849813394, 20.26423866012027 ], [ -98.684830179799945, 20.262796339808055 ], [ -98.687428859766626, 20.261905600172199 ], [ -98.687091999584609, 20.264571170289866 ], [ -98.688964679857889, 20.264528110208342 ], [ -98.689333509904571, 20.26281368026202 ], [ -98.690960120332534, 20.26394180010552 ], [ -98.689598120010444, 20.260744920190781 ], [ -98.690760060130216, 20.252048229788087 ], [ -98.694144850477954, 20.247335030040137 ], [ -98.698478280215596, 20.245814089988713 ], [ -98.703785679787956, 20.239498230996126 ], [ -98.704221718616793, 20.234744619554959 ], [ -98.714598980366574, 20.23240936985092 ], [ -98.715731570343777, 20.240232480277466 ], [ -98.714636490165447, 20.242857400390452 ], [ -98.71679866023166, 20.246143799797526 ], [ -98.712232600099611, 20.247130280028525 ], [ -98.70979325998249, 20.252478310192604 ], [ -98.710258019978426, 20.257352769576347 ], [ -98.704699220309365, 20.256947919887796 ], [ -98.697083169808835, 20.267623029749185 ], [ -98.696535740178831, 20.271332969585284 ], [ -98.698862060015514, 20.26918536958653 ], [ -98.69868554014127, 20.272631739727434 ], [ -98.700789319797039, 20.270974089660911 ], [ -98.70062955000023, 20.273563079595924 ], [ -98.70512060008528, 20.274188370076104 ], [ -98.704793709824301, 20.27714674019564 ], [ -98.707378799645667, 20.275272179594193 ], [ -98.709193949868165, 20.280917720097218 ], [ -98.712720619879875, 20.278608420362488 ], [ -98.712738259771356, 20.280956709978792 ], [ -98.71429428033322, 20.281050080434056 ], [ -98.714191689666421, 20.279830480252105 ], [ -98.717928119861014, 20.278280799695768 ], [ -98.724670970475984, 20.280742140068639 ], [ -98.724961799559097, 20.285106860341802 ], [ -98.727102650316382, 20.28554914965077 ], [ -98.727987250164546, 20.289702979659811 ], [ -98.729726339972643, 20.290763140323392 ], [ -98.732567290144388, 20.28962248988061 ], [ -98.731911860078156, 20.292722879595203 ], [ -98.734451379935052, 20.29594964989877 ], [ -98.733388860312687, 20.298624249605126 ], [ -98.736335349825822, 20.298549139650632 ], [ -98.738351720446417, 20.296538420350764 ], [ -98.748091520213038, 20.295577679959202 ], [ -98.750784450042474, 20.293219680240057 ], [ -98.757133119655236, 20.291941139917327 ], [ -98.763057059595212, 20.287263119916396 ], [ -98.764590599694117, 20.283998549568189 ], [ -98.769341169801848, 20.285703799645884 ], [ -98.779565430461929, 20.283218340171892 ], [ -98.784398430397715, 20.284351339828714 ], [ -98.789532629803432, 20.290487149934137 ], [ -98.797890749720722, 20.292178180147946 ], [ -98.784035418671479, 20.311624770391926 ], [ -98.786292089619991, 20.311613090511798 ], [ -98.786583549776182, 20.313837369773182 ], [ -98.789385150128865, 20.313897649883749 ], [ -98.790003688944452, 20.31610147966537 ], [ -98.792731379226552, 20.31569851056253 ], [ -98.793520120323763, 20.318794119583508 ], [ -98.795145459887095, 20.317427969654311 ], [ -98.794610659377597, 20.31593288041698 ], [ -98.798193400015435, 20.317277060525999 ], [ -98.799809740157485, 20.313272429600303 ], [ -98.802925969219203, 20.313751180970147 ], [ -98.803009849389682, 20.311525620140248 ], [ -98.807173910401019, 20.310842150294189 ], [ -98.808083819424965, 20.313473461081522 ], [ -98.813628170412656, 20.310275220804858 ], [ -98.814011878821802, 20.313833521009911 ], [ -98.820233859981712, 20.318378309800028 ], [ -98.81989504889647, 20.321721689567617 ], [ -98.824100689390718, 20.324719079780486 ], [ -98.82044991857957, 20.325650249800624 ], [ -98.820369308844889, 20.330034199944016 ], [ -98.810560170432908, 20.329370511331739 ], [ -98.807707628801083, 20.331898860801303 ], [ -98.805579318908087, 20.335898141175598 ], [ -98.805926999132325, 20.340374230186011 ], [ -98.80356357891128, 20.343487890987291 ], [ -98.807923719449221, 20.350028399837921 ], [ -98.804245249088652, 20.354575139698706 ], [ -98.803494850422624, 20.358541450593957 ], [ -98.799195199301863, 20.362225221043218 ], [ -98.802986198860665, 20.3646719399242 ], [ -98.801453748868141, 20.365674201320797 ], [ -98.801695348965197, 20.367536660858924 ], [ -98.80398727891118, 20.368626119837657 ], [ -98.803756178612517, 20.371078779598292 ], [ -98.811091648822767, 20.375724060149579 ], [ -98.80978538030331, 20.378618620966041 ], [ -98.813295249253855, 20.379153919798348 ], [ -98.811277028753011, 20.381867751129413 ], [ -98.81448782026203, 20.384657220572109 ], [ -98.81341036979066, 20.386269951332334 ], [ -98.81565719980307, 20.389507919839321 ], [ -98.81161438044623, 20.388301749813536 ], [ -98.807244910091612, 20.389946290030011 ], [ -98.796971000166195, 20.403310419577345 ], [ -98.792383630235747, 20.405101460419779 ], [ -98.791654080424394, 20.410683859772536 ], [ -98.789095579897733, 20.412708889606019 ], [ -98.785046540199787, 20.414477690149944 ], [ -98.773797310376906, 20.410912599719779 ], [ -98.772746719715371, 20.436596280217291 ], [ -98.746587369574669, 20.440982979705197 ], [ -98.727899880338981, 20.446956920179439 ], [ -98.722948680419975, 20.449337280460245 ], [ -98.722090250240967, 20.451642050140165 ] ] ] ] } },
{ "type": "Feature", "properties": { "CVEGEO": "13011", "CVE_ENT": "13", "CVE_MUN": "011", "NOMGEO": "Atlapexco" }, "geometry": { "type": "MultiPolygon", "coordinates": [ [ [ [ -98.329377780279103, 21.111577429975092 ], [ -98.328654199974181, 21.109471889885761 ], [ -98.330615289999912, 21.10753314006476 ], [ -98.331398339809851, 21.103124780429887 ], [ -98.329603800358143, 21.097247020046662 ], [ -98.331729580348778, 21.092088460227846 ], [ -98.327017539548109, 21.092702180247539 ], [ -98.322475199744034, 21.08913724999794 ], [ -98.314582620019777, 21.08883294026619 ], [ -98.315511549846363, 21.087460049891508 ], [ -98.310833460472281, 21.084088370320156 ], [ -98.308526890351501, 21.078114570206775 ], [ -98.302629540213346, 21.07325170985634 ], [ -98.304966399618053, 21.069747910442835 ], [ -98.304317259841255, 21.065340940188257 ], [ -98.307121739938282, 21.061422980083961 ], [ -98.306477999945869, 21.059086049751713 ], [ -98.308626179801124, 21.054558650322004 ], [ -98.306540569896768, 21.048789719995547 ], [ -98.310051429923206, 21.045475170178641 ], [ -98.314411659971199, 21.046733460051239 ], [ -98.319426949549339, 21.045367970332368 ], [ -98.319883059941773, 21.038857799924514 ], [ -98.316875510118521, 21.035481060407733 ], [ -98.317020689550986, 21.030688459865125 ], [ -98.315271459964549, 21.027762970179904 ], [ -98.319483480236102, 21.027008509963022 ], [ -98.318054830058614, 21.016435880430922 ], [ -98.321808750473195, 21.00934136976716 ], [ -98.320089250329957, 21.006296320139306 ], [ -98.331374229803913, 21.001214739979925 ], [ -98.329716030059416, 20.997274109573706 ], [ -98.332275779616111, 20.9937878901885 ], [ -98.336478629790705, 20.991888049950898 ], [ -98.339210489965538, 20.986538059951727 ], [ -98.332299309682966, 20.976835290217043 ], [ -98.331757749925586, 20.968942170150246 ], [ -98.32555258001716, 20.958862620169555 ], [ -98.330335490123829, 20.95845286004872 ], [ -98.328350290261199, 20.953497620020968 ], [ -98.326828689644543, 20.953857080098427 ], [ -98.327410829984473, 20.951838139764714 ], [ -98.323237510482699, 20.948249219679678 ], [ -98.320179050004796, 20.949054939816211 ], [ -98.318141509907747, 20.946296200055635 ], [ -98.310781778683776, 20.945333449737561 ], [ -98.311628708687948, 20.939277880395295 ], [ -98.31758193999589, 20.932642830267145 ], [ -98.324905630048306, 20.93174267993744 ], [ -98.327295449692159, 20.929769450383198 ], [ -98.330912349740444, 20.930712739923365 ], [ -98.330489889814942, 20.929626630048997 ], [ -98.335928860402973, 20.930383419862377 ], [ -98.336500309535239, 20.932129180017657 ], [ -98.337958119630713, 20.930600890164637 ], [ -98.339396429964665, 20.93134952030902 ], [ -98.345740280333615, 20.938429650102211 ], [ -98.345487400426535, 20.941787370328932 ], [ -98.347448400216422, 20.942564880029934 ], [ -98.349841449674472, 20.939825679684457 ], [ -98.352448819563705, 20.942551420386931 ], [ -98.348218030415708, 20.944318079649594 ], [ -98.346683910338768, 20.947968850299887 ], [ -98.342734690205987, 20.948326309653329 ], [ -98.34231468981119, 20.951240220271977 ], [ -98.345527579574096, 20.95393551020528 ], [ -98.349392259752406, 20.961819910104975 ], [ -98.355770430108535, 20.961600920036808 ], [ -98.362446630273126, 20.97331860035241 ], [ -98.371125200341197, 20.978130949572634 ], [ -98.375828120132979, 20.978902320323652 ], [ -98.375093149863403, 20.983768459554934 ], [ -98.380334420447895, 20.987138940264284 ], [ -98.387479449519006, 20.98429902008553 ], [ -98.395258829937418, 20.984219949969606 ], [ -98.419628800097954, 20.992115879841936 ], [ -98.426145479766262, 20.989390369741432 ], [ -98.434541179919378, 20.97853395015558 ], [ -98.443245709869956, 20.978155200243727 ], [ -98.438123429918861, 21.003863510183042 ], [ -98.44056184958437, 21.003925020001983 ], [ -98.4387007201464, 21.010174319873009 ], [ -98.439443969796386, 21.013916309652807 ], [ -98.436976460045159, 21.020431279613923 ], [ -98.429678019582852, 21.022317579598866 ], [ -98.42155817032446, 21.028112110058363 ], [ -98.419494459522099, 21.031469780266029 ], [ -98.420672259975419, 21.033383950251814 ], [ -98.416550859692975, 21.039027369659994 ], [ -98.415955350353357, 21.043842340262636 ], [ -98.411905350138412, 21.045893720104583 ], [ -98.408954110077318, 21.044491319783855 ], [ -98.403433999814837, 21.046755110306037 ], [ -98.40319004987029, 21.049725780079729 ], [ -98.404973220071867, 21.052303600189919 ], [ -98.403493319892945, 21.056617119849118 ], [ -98.398210180417252, 21.060053740048613 ], [ -98.396996889718082, 21.063131019965361 ], [ -98.395849459807707, 21.062049830155544 ], [ -98.393186179656979, 21.063629170287111 ], [ -98.391674659787668, 21.062272910270064 ], [ -98.3807842897737, 21.065250849964681 ], [ -98.382141420292598, 21.066275450122355 ], [ -98.382097569736302, 21.071209779784049 ], [ -98.387402649578021, 21.076273370390219 ], [ -98.387143510357205, 21.078519580438876 ], [ -98.392969800170491, 21.081141430379823 ], [ -98.387497859800249, 21.086740079753167 ], [ -98.386107909611241, 21.090431220056814 ], [ -98.38165708046435, 21.092897680075172 ], [ -98.375193689580399, 21.090949350262068 ], [ -98.372509910006229, 21.092122979882898 ], [ -98.370878229998382, 21.094175170330985 ], [ -98.373400449866864, 21.099582179704356 ], [ -98.367518289684909, 21.100112570375288 ], [ -98.365046949683702, 21.102691459845801 ], [ -98.363568380413071, 21.101196880233683 ], [ -98.360000600015496, 21.102713659582975 ], [ -98.354533709802553, 21.102458799722925 ], [ -98.35197816995526, 21.099437949907205 ], [ -98.352806150394002, 21.09852991007617 ], [ -98.350314250437478, 21.097726979700546 ], [ -98.345604749890569, 21.100038919818729 ], [ -98.343789049694479, 21.097094089794403 ], [ -98.339878260306122, 21.100432460152483 ], [ -98.342486349729185, 21.10549482029376 ], [ -98.329377780279103, 21.111577429975092 ] ] ] ] } },
{ "type": "Feature", "properties": { "CVEGEO": "13010", "CVE_ENT": "13", "CVE_MUN": "010", "NOMGEO": "Atitalaquia" }, "geometry": { "type": "MultiPolygon", "coordinates": [ [ [ [ -99.178349689643284, 20.096301089975519 ], [ -99.169637620041158, 20.095501219609066 ], [ -99.17460553895468, 20.085797341058292 ], [ -99.188997919030115, 20.072815451318192 ], [ -99.18815254933827, 20.071010180613143 ], [ -99.185690138989173, 20.066789580529502 ], [ -99.182396459309444, 20.067637970448203 ], [ -99.180842089398752, 20.065276290442725 ], [ -99.177195978722921, 20.065770021180125 ], [ -99.173687979200494, 20.060848150677813 ], [ -99.165978289253559, 20.057398850594346 ], [ -99.163259079045488, 20.052869350482549 ], [ -99.158131918655457, 20.047625251039307 ], [ -99.154582028778108, 20.047007510569475 ], [ -99.152616628669023, 20.043419200614533 ], [ -99.144370309304549, 20.045617340572115 ], [ -99.14908807973427, 20.035020799896948 ], [ -99.15871615012037, 20.035976660445666 ], [ -99.163509150440049, 20.038007709781656 ], [ -99.17370947976687, 20.036438709604798 ], [ -99.181957369742392, 20.040278080426706 ], [ -99.181652890278542, 20.042275450259179 ], [ -99.182038579987449, 20.040865829795425 ], [ -99.187128510474039, 20.04147731006297 ], [ -99.187372920140163, 20.044051750232523 ], [ -99.192652340208028, 20.047055169795073 ], [ -99.197561369696771, 20.039038280090349 ], [ -99.197800049935125, 20.035014149666605 ], [ -99.219647509964133, 20.028450420253016 ], [ -99.215877768814266, 20.025948740160246 ], [ -99.23139968963487, 20.023124820176843 ], [ -99.243479149231987, 20.024015229672361 ], [ -99.24329716699566, 20.029923539900292 ], [ -99.26164242890799, 20.030313851275366 ], [ -99.260843980095018, 20.027296490983275 ], [ -99.262093750067166, 20.027382280510363 ], [ -99.267291219639745, 20.034299540533862 ], [ -99.270609288593633, 20.031470351650452 ], [ -99.287269719294216, 20.039624620860135 ], [ -99.287568800359452, 20.033618681757524 ], [ -99.292432180046831, 20.034584551909557 ], [ -99.290458819035919, 20.059535400960925 ], [ -99.275304148007265, 20.062370891511726 ], [ -99.271175599170419, 20.061078631815885 ], [ -99.268649047988973, 20.057748182103467 ], [ -99.254771229398713, 20.058768621070403 ], [ -99.260708179606766, 20.064394949716203 ], [ -99.243486149714442, 20.069101260371163 ], [ -99.244673710411831, 20.071775320348245 ], [ -99.242890370404893, 20.071960059830435 ], [ -99.243864770304569, 20.075667510295379 ], [ -99.241339059633802, 20.075774170060296 ], [ -99.240480968660265, 20.078908739798393 ], [ -99.219413308830582, 20.08301783032632 ], [ -99.219184247835358, 20.079581513593126 ], [ -99.207410549762784, 20.082656549769773 ], [ -99.205641260085883, 20.081174400110115 ], [ -99.200251859622625, 20.08591926014304 ], [ -99.203201969523775, 20.092934709940987 ], [ -99.178349689643284, 20.096301089975519 ] ] ] ] } },
{ "type": "Feature", "properties": { "CVEGEO": "13009", "CVE_ENT": "13", "CVE_MUN": "009", "NOMGEO": "El Arenal" }, "geometry": { "type": "MultiPolygon", "coordinates": [ [ [ [ -98.864578860864086, 20.297135530186857 ], [ -98.863337690069088, 20.293272091087182 ], [ -98.867635549889968, 20.288935149644285 ], [ -98.869107818934609, 20.284337620012835 ], [ -98.865617048743502, 20.277965820531943 ], [ -98.866174488978928, 20.271571450840177 ], [ -98.869901279339174, 20.2694050609085 ], [ -98.870229450425256, 20.270465509726247 ], [ -98.878990679063506, 20.268014220250414 ], [ -98.882160520130427, 20.265852890780156 ], [ -98.880817080287528, 20.263946939798711 ], [ -98.872462197319919, 20.262673415493335 ], [ -98.861625229282055, 20.257901001253426 ], [ -98.860379859325135, 20.255025200251527 ], [ -98.857714549436693, 20.255027800734535 ], [ -98.857121110300866, 20.251996741044273 ], [ -98.854775020349265, 20.252108369603196 ], [ -98.851351399010554, 20.246058770539644 ], [ -98.846099779305547, 20.24906545967325 ], [ -98.837707488540687, 20.244522661113983 ], [ -98.829652568573678, 20.245781690045192 ], [ -98.823018168600882, 20.250190019889278 ], [ -98.819163490438783, 20.250875031147476 ], [ -98.814660228550281, 20.247740520801081 ], [ -98.815085399142973, 20.24560412102916 ], [ -98.813120370019334, 20.242453310226136 ], [ -98.815242718581814, 20.235252450336191 ], [ -98.813979259519172, 20.231681139663703 ], [ -98.815629599673201, 20.229163570531554 ], [ -98.81721899976597, 20.229211720366699 ], [ -98.818074769946904, 20.225069551010414 ], [ -98.823296219955111, 20.224971619609953 ], [ -98.824580078699327, 20.223118511073597 ], [ -98.824568419136824, 20.19894788104574 ], [ -98.827595508585119, 20.189691139802349 ], [ -98.837967978902071, 20.188270000971993 ], [ -98.839111119403071, 20.18611917975938 ], [ -98.834743780141011, 20.181956619611928 ], [ -98.832415619927744, 20.182322679934042 ], [ -98.830127248826912, 20.176708201228685 ], [ -98.832080429363259, 20.175155520302432 ], [ -98.833276150437385, 20.169553180778909 ], [ -98.830102108917742, 20.16257357997506 ], [ -98.836989198835028, 20.152731580748799 ], [ -98.862547419516687, 20.160436120762455 ], [ -98.871797710374835, 20.155420020386714 ], [ -98.873085479139263, 20.160501939879147 ], [ -98.877231970091671, 20.163088950575361 ], [ -98.882320170409869, 20.160491320153703 ], [ -98.885862369298451, 20.161395781006167 ], [ -98.890875509272959, 20.15901200038364 ], [ -98.894350798706654, 20.160803630168882 ], [ -98.893568878700663, 20.164418151184911 ], [ -98.903114619011347, 20.166791570523571 ], [ -98.905148479802023, 20.17085502081834 ], [ -98.906473108611465, 20.170698219941958 ], [ -98.905743619610789, 20.168009620567069 ], [ -98.907717029715684, 20.169363710185323 ], [ -98.916033678942213, 20.168738690787102 ], [ -98.917784549614609, 20.172252889681513 ], [ -98.920251288853422, 20.170404480795511 ], [ -98.921598220267171, 20.170933940613931 ], [ -98.920341848722259, 20.172269430076728 ], [ -98.927214518556525, 20.171892350427115 ], [ -98.926316798806596, 20.174088741150044 ], [ -98.927920660144167, 20.176258800876955 ], [ -98.926689258714745, 20.178017849743846 ], [ -98.93513764986659, 20.182159280952892 ], [ -98.943538749654564, 20.181237141311222 ], [ -98.949252519867258, 20.184816310835028 ], [ -98.944439830168236, 20.1844868798884 ], [ -98.941117088850945, 20.191401550884862 ], [ -98.946828710145397, 20.195940030593899 ], [ -98.948094199404395, 20.201043340913508 ], [ -98.945127219070599, 20.202567599728656 ], [ -98.946534000246288, 20.207324109773733 ], [ -98.939725749509876, 20.216908939896019 ], [ -98.940223429213361, 20.242772550670871 ], [ -98.938612399825928, 20.243792310497135 ], [ -98.93950245861862, 20.246158771059093 ], [ -98.938131649383848, 20.253089781266997 ], [ -98.934027049350931, 20.251873910429207 ], [ -98.930269580425517, 20.25368922013714 ], [ -98.927503719295757, 20.25318922108595 ], [ -98.925536769860017, 20.257166079600886 ], [ -98.92888931911493, 20.259525720343181 ], [ -98.929603149491513, 20.262130480764512 ], [ -98.920658420173297, 20.265483279603725 ], [ -98.914146108878498, 20.270182889558694 ], [ -98.914108310135134, 20.275950510681113 ], [ -98.91558404878738, 20.277643980553837 ], [ -98.904331198589674, 20.279574370287026 ], [ -98.904019249141257, 20.276344430225834 ], [ -98.887222030041215, 20.285319651191166 ], [ -98.87757085899328, 20.294109650789071 ], [ -98.864578860864086, 20.297135530186857 ] ] ] ] } },
{ "type": "Feature", "properties": { "CVEGEO": "13008", "CVE_ENT": "13", "CVE_MUN": "008", "NOMGEO": "Apan" }, "geometry": { "type": "MultiPolygon", "coordinates": [ [ [ [ -98.363216630177703, 19.862208849853516 ], [ -98.352522829630601, 19.858463520417018 ], [ -98.350311459831815, 19.860300511189198 ], [ -98.340314109677436, 19.857376490566104 ], [ -98.338284229924497, 19.852614490436448 ], [ -98.335529399746719, 19.851382369782804 ], [ -98.336944339678894, 19.846972291317268 ], [ -98.328631459182063, 19.844485831250356 ], [ -98.328159539193805, 19.845853250602381 ], [ -98.323265198867503, 19.845848109612902 ], [ -98.323043738952578, 19.842380291311244 ], [ -98.314497019981303, 19.854514739866197 ], [ -98.309381569833732, 19.851327120057483 ], [ -98.306557030373455, 19.851262849604346 ], [ -98.301745000286218, 19.847377079573022 ], [ -98.305292089849829, 19.845870519679945 ], [ -98.299470779735501, 19.845408089872485 ], [ -98.295999909728366, 19.847581029859658 ], [ -98.286749889631665, 19.849097620061254 ], [ -98.2835404604632, 19.846969150323734 ], [ -98.28639103044965, 19.843859620330026 ], [ -98.29364957965106, 19.841455149749553 ], [ -98.287761199991976, 19.835731400102652 ], [ -98.29118035026444, 19.831656979663666 ], [ -98.301276769784096, 19.8296667401668 ], [ -98.308780629626099, 19.821124880371766 ], [ -98.306574919600692, 19.817916019551724 ], [ -98.309918029765456, 19.819949200231356 ], [ -98.311185309747572, 19.818578570267402 ], [ -98.315323369962371, 19.819621260223968 ], [ -98.317321580312154, 19.816366800196949 ], [ -98.320583509594201, 19.815286819965344 ], [ -98.326419720418372, 19.817943859832788 ], [ -98.327966569912434, 19.820885920040393 ], [ -98.328716259911786, 19.819716620274832 ], [ -98.332178540420486, 19.820571480243441 ], [ -98.335329280457003, 19.825040480231184 ], [ -98.337678770030351, 19.825778799625937 ], [ -98.343448649647854, 19.822525339652842 ], [ -98.344490569961877, 19.820155879567348 ], [ -98.340217220304467, 19.813876920020466 ], [ -98.356992719858383, 19.805291479689625 ], [ -98.35675411975464, 19.803448379912947 ], [ -98.364328000313591, 19.7981436596049 ], [ -98.360056769588141, 19.79131488975823 ], [ -98.362234340303473, 19.78929402037441 ], [ -98.360162179754099, 19.786284310271089 ], [ -98.361280060183205, 19.783495949588975 ], [ -98.36681854965974, 19.786405800281045 ], [ -98.37253056982297, 19.784961230326857 ], [ -98.370173370238675, 19.781219089800956 ], [ -98.371699880230665, 19.77764981987994 ], [ -98.373881319887275, 19.776243679617853 ], [ -98.379448579667027, 19.776411800019911 ], [ -98.382548619662742, 19.771255919845633 ], [ -98.384536799593448, 19.770090740027559 ], [ -98.386651029877214, 19.771211660251087 ], [ -98.389456569617849, 19.76596867998709 ], [ -98.393993689537396, 19.764801059698065 ], [ -98.392572999678592, 19.762652309780467 ], [ -98.394641169576346, 19.7568979797386 ], [ -98.400597850132797, 19.755693710189878 ], [ -98.403940550455886, 19.750051379966973 ], [ -98.402679400134332, 19.743882320232 ], [ -98.415784659900652, 19.736319050113021 ], [ -98.424971489677773, 19.733601919565103 ], [ -98.443098739720341, 19.719546149957981 ], [ -98.434366279402809, 19.712397219836845 ], [ -98.442020199582601, 19.704935219808455 ], [ -98.442361309072353, 19.701178509986235 ], [ -98.437307350067798, 19.695921630013029 ], [ -98.433901800086417, 19.694940030247825 ], [ -98.415155660087109, 19.698307971287527 ], [ -98.415761710094756, 19.695709119786358 ], [ -98.406724630097955, 19.694461569815605 ], [ -98.407449019857978, 19.690050629992545 ], [ -98.404014879786331, 19.687079379947374 ], [ -98.403710110388758, 19.683605709730482 ], [ -98.398824830237245, 19.676727599847911 ], [ -98.406398019980671, 19.665971909955218 ], [ -98.411187289858148, 19.665434619987455 ], [ -98.423645779781623, 19.653621229953327 ], [ -98.436042199807204, 19.644707260365411 ], [ -98.432422979869031, 19.641787450431625 ], [ -98.430183180331369, 19.644473139891101 ], [ -98.41981788047859, 19.647195519781199 ], [ -98.404179660057693, 19.643677829785688 ], [ -98.402054920367817, 19.644365629736154 ], [ -98.396448169568856, 19.637970379640919 ], [ -98.395016510007281, 19.637078420385915 ], [ -98.39353986000566, 19.638294619763514 ], [ -98.394304939835436, 19.636589779617964 ], [ -98.389306649946789, 19.633482429936361 ], [ -98.389252050268041, 19.635605950313568 ], [ -98.382979320442729, 19.631402880141152 ], [ -98.375733979847851, 19.636705880153798 ], [ -98.36701079999176, 19.628209489785799 ], [ -98.381696849779075, 19.609361859809933 ], [ -98.412666539181089, 19.617499089628954 ], [ -98.430091938833286, 19.614145090220248 ], [ -98.438783549594163, 19.61432591958642 ], [ -98.441423649376162, 19.612580570590023 ], [ -98.443256378598718, 19.612901309695598 ], [ -98.444039179933924, 19.615681940674996 ], [ -98.450705848993792, 19.618087570399958 ], [ -98.454098309069167, 19.618305980127996 ], [ -98.46037668973122, 19.616081980478125 ], [ -98.461251710326152, 19.614417880672846 ], [ -98.466003709340612, 19.61492211062582 ], [ -98.466752969639785, 19.613708599656146 ], [ -98.478517689135927, 19.618002830158865 ], [ -98.483771629296939, 19.618776219992345 ], [ -98.487506259537, 19.617513340650291 ], [ -98.490195429873808, 19.619953319700155 ], [ -98.492704079561207, 19.613837259549712 ], [ -98.490893549560866, 19.610164311284326 ], [ -98.491613848673907, 19.607367829650045 ], [ -98.495701030428336, 19.607443019919693 ], [ -98.502315819647535, 19.603202149555475 ], [ -98.514422079689297, 19.603972749626664 ], [ -98.51923880022342, 19.602399289847934 ], [ -98.528263020295597, 19.614315570361448 ], [ -98.525953370172928, 19.619437919675629 ], [ -98.535575779605395, 19.634418880175026 ], [ -98.524587459755352, 19.646958169992626 ], [ -98.528090829862492, 19.660936919823911 ], [ -98.541998650246725, 19.67602157971637 ], [ -98.559991110325186, 19.690179999887381 ], [ -98.560582089981708, 19.692384799867419 ], [ -98.552773140011652, 19.697641150449915 ], [ -98.551577370054034, 19.70215376990641 ], [ -98.553723880033999, 19.704882830181241 ], [ -98.55263267981212, 19.705916150436931 ], [ -98.553948400034926, 19.70936221993102 ], [ -98.556204549644349, 19.710406630368244 ], [ -98.552513520079273, 19.720880089991784 ], [ -98.535107479874441, 19.713481690099005 ], [ -98.533914949709228, 19.719085570091824 ], [ -98.536550320140009, 19.729590749980289 ], [ -98.535745820028907, 19.737946860203586 ], [ -98.539116740418763, 19.743993120309444 ], [ -98.538822400015505, 19.747431570329361 ], [ -98.527841200247366, 19.756766970154317 ], [ -98.519006970261458, 19.758001179713101 ], [ -98.516215279885031, 19.760255019922834 ], [ -98.514155460047974, 19.758699229708416 ], [ -98.503801720302576, 19.761111879884403 ], [ -98.502914580169772, 19.764007820250239 ], [ -98.50035488006661, 19.761860379778838 ], [ -98.495418909983016, 19.765523799730726 ], [ -98.494786690402591, 19.771087310041104 ], [ -98.49186784969281, 19.771497000252861 ], [ -98.488752459617373, 19.776193600004074 ], [ -98.474793619878881, 19.785455290330514 ], [ -98.466729289842277, 19.786715310448706 ], [ -98.464493690440463, 19.791599939762666 ], [ -98.460758510132365, 19.794486220054278 ], [ -98.458569350209245, 19.792613629864533 ], [ -98.456915740427618, 19.797423420336965 ], [ -98.454052059864921, 19.799684689676134 ], [ -98.4264618799413, 19.807253859746062 ], [ -98.428016170246295, 19.808999690387004 ], [ -98.421056679825, 19.811684120084816 ], [ -98.401511939795341, 19.826042739655929 ], [ -98.399006219712106, 19.823191169612137 ], [ -98.385021149523538, 19.837585679943498 ], [ -98.386998540370897, 19.84099388981323 ], [ -98.387053180312662, 19.848489820175306 ], [ -98.385194910022662, 19.849588770369149 ], [ -98.385217629620996, 19.851709230364307 ], [ -98.38271445857805, 19.852285480271373 ], [ -98.380544139529775, 19.847623970909659 ], [ -98.378472449399993, 19.848198259733461 ], [ -98.377411398908677, 19.851100321131156 ], [ -98.37337405924481, 19.852710370040977 ], [ -98.377094580222007, 19.853781350804681 ], [ -98.373708320235835, 19.857768451247278 ], [ -98.377077089161972, 19.858757579556745 ], [ -98.379168338979127, 19.861728151246499 ], [ -98.364513740258374, 19.85880222061866 ], [ -98.363216630177703, 19.862208849853516 ] ] ] ] } },
{ "type": "Feature", "properties": { "CVEGEO": "13007", "CVE_ENT": "13", "CVE_MUN": "007", "NOMGEO": "Almoloya" }, "geometry": { "type": "MultiPolygon", "coordinates": [ [ [ [ -98.278460920328016, 19.848166060398338 ], [ -98.271080089977715, 19.846308749684603 ], [ -98.267149110328816, 19.843336000187854 ], [ -98.26538885032717, 19.838392579773405 ], [ -98.266210519819694, 19.834739149888005 ], [ -98.264582179877493, 19.822999289688966 ], [ -98.261023999692483, 19.820256400268317 ], [ -98.254883879751944, 19.81918619970148 ], [ -98.250858050145979, 19.812757979739722 ], [ -98.253175749778393, 19.811750349787392 ], [ -98.249708519661198, 19.806069459729851 ], [ -98.251027479851047, 19.795064479544738 ], [ -98.244698630203857, 19.791924169883718 ], [ -98.234815449723982, 19.777045510362331 ], [ -98.229838349820866, 19.774483049586451 ], [ -98.225836719670113, 19.776595449937432 ], [ -98.225639720455902, 19.779787119674861 ], [ -98.216155550311839, 19.778416970001842 ], [ -98.221424250458824, 19.773576350285598 ], [ -98.210715780225925, 19.774266149679619 ], [ -98.20264141995456, 19.767954910291188 ], [ -98.194484200040662, 19.765589650184364 ], [ -98.193517490290262, 19.762954089610282 ], [ -98.197793860173874, 19.762059090266952 ], [ -98.198667020131666, 19.758236540225333 ], [ -98.195511880373218, 19.753366179781949 ], [ -98.197845479897353, 19.748787849872787 ], [ -98.195698799979027, 19.74161965989919 ], [ -98.209342109895402, 19.738351850306305 ], [ -98.215109339604524, 19.741314450216738 ], [ -98.218960149911965, 19.736986970008637 ], [ -98.231369379990298, 19.729234880326821 ], [ -98.236263089803415, 19.723333949959539 ], [ -98.259574768155858, 19.717209481212876 ], [ -98.265636779278438, 19.717013949640908 ], [ -98.271982369802984, 19.724579430227077 ], [ -98.276199620316859, 19.723989519927773 ], [ -98.280521550082781, 19.726321079941091 ], [ -98.282299749771738, 19.724035780276225 ], [ -98.279672400105625, 19.716881489836865 ], [ -98.293321720191699, 19.726229599836618 ], [ -98.292692579585477, 19.723924690296457 ], [ -98.301558510253358, 19.723078750047165 ], [ -98.307324449563168, 19.727020820006793 ], [ -98.311086890016611, 19.727726449764994 ], [ -98.315053519829505, 19.724711180206913 ], [ -98.331667199769569, 19.722319970104692 ], [ -98.332737979515727, 19.719736080303214 ], [ -98.331920449524347, 19.711642150372192 ], [ -98.333135510109742, 19.711764000353547 ], [ -98.333309229598953, 19.709327979828679 ], [ -98.329481620255606, 19.703776050144178 ], [ -98.330046740449077, 19.699037459700126 ], [ -98.328837879858412, 19.698012120385606 ], [ -98.320949179971194, 19.701010889662513 ], [ -98.323803140256814, 19.685297650318141 ], [ -98.36701079999176, 19.628209489785799 ], [ -98.375733979847851, 19.636705880153798 ], [ -98.382979320442729, 19.631402880141152 ], [ -98.389252050268041, 19.635605950313568 ], [ -98.389306649946789, 19.633482429936361 ], [ -98.394304939835436, 19.636589779617964 ], [ -98.39353986000566, 19.638294619763514 ], [ -98.395016510007281, 19.637078420385915 ], [ -98.396448169568856, 19.637970379640919 ], [ -98.402054920367817, 19.644365629736154 ], [ -98.404179660057693, 19.643677829785688 ], [ -98.41981788047859, 19.647195519781199 ], [ -98.430183180331369, 19.644473139891101 ], [ -98.432422979869031, 19.641787450431625 ], [ -98.436042199807204, 19.644707260365411 ], [ -98.435196690099815, 19.645697820270293 ], [ -98.423645779781623, 19.653621229953327 ], [ -98.411187289858148, 19.665434619987455 ], [ -98.406398019980671, 19.665971909955218 ], [ -98.398824830237245, 19.676727599847911 ], [ -98.403710110388758, 19.683605709730482 ], [ -98.404014879786331, 19.687079379947374 ], [ -98.407449019857978, 19.690050629992545 ], [ -98.406724630097955, 19.694461569815605 ], [ -98.415761710094756, 19.695709119786358 ], [ -98.415155660087109, 19.698307971287527 ], [ -98.433901800086417, 19.694940030247825 ], [ -98.437307350067798, 19.695921630013029 ], [ -98.442361309072353, 19.701178509986235 ], [ -98.442020199582601, 19.704935219808455 ], [ -98.434366279402809, 19.712397219836845 ], [ -98.443098739720341, 19.719546149957981 ], [ -98.424971489677773, 19.733601919565103 ], [ -98.415784659900652, 19.736319050113021 ], [ -98.402679400134332, 19.743882320232 ], [ -98.403940550455886, 19.750051379966973 ], [ -98.400597850132797, 19.755693710189878 ], [ -98.394641169576346, 19.7568979797386 ], [ -98.392572999678592, 19.762652309780467 ], [ -98.393993689537396, 19.764801059698065 ], [ -98.389456569617849, 19.76596867998709 ], [ -98.386651029877214, 19.771211660251087 ], [ -98.384536799593448, 19.770090740027559 ], [ -98.382548619662742, 19.771255919845633 ], [ -98.379448579667027, 19.776411800019911 ], [ -98.373881319887275, 19.776243679617853 ], [ -98.371699880230665, 19.77764981987994 ], [ -98.370173370238675, 19.781219089800956 ], [ -98.37253056982297, 19.784961230326857 ], [ -98.36681854965974, 19.786405800281045 ], [ -98.361280060183205, 19.783495949588975 ], [ -98.360162179754099, 19.786284310271089 ], [ -98.362234340303473, 19.78929402037441 ], [ -98.360056769588141, 19.79131488975823 ], [ -98.364328000313591, 19.7981436596049 ], [ -98.35675411975464, 19.803448379912947 ], [ -98.356992719858383, 19.805291479689625 ], [ -98.340217220304467, 19.813876920020466 ], [ -98.344490569961877, 19.820155879567348 ], [ -98.343448649647854, 19.822525339652842 ], [ -98.337678770030351, 19.825778799625937 ], [ -98.335329280457003, 19.825040480231184 ], [ -98.332178540420486, 19.820571480243441 ], [ -98.328716259911786, 19.819716620274832 ], [ -98.327966569912434, 19.820885920040393 ], [ -98.326419720418372, 19.817943859832788 ], [ -98.320583509594201, 19.815286819965344 ], [ -98.317321580312154, 19.816366800196949 ], [ -98.315323369962371, 19.819621260223968 ], [ -98.311185309747572, 19.818578570267402 ], [ -98.309918029765456, 19.819949200231356 ], [ -98.306574919600692, 19.817916019551724 ], [ -98.308780629626099, 19.821124880371766 ], [ -98.301276769784096, 19.8296667401668 ], [ -98.29118035026444, 19.831656979663666 ], [ -98.287761199991976, 19.835731400102652 ], [ -98.293330750096786, 19.841834660244235 ], [ -98.278460920328016, 19.848166060398338 ] ] ] ] } },
{ "type": "Feature", "properties": { "CVEGEO": "13006", "CVE_ENT": "13", "CVE_MUN": "006", "NOMGEO": "Alfajayucan" }, "geometry": { "type": "MultiPolygon", "coordinates": [ [ [ [ -99.384308848712763, 20.513476200451755 ], [ -99.38279902881267, 20.506657831126482 ], [ -99.377867619268869, 20.506083171301359 ], [ -99.373107579047115, 20.503344851222913 ], [ -99.365866748920809, 20.505208740652112 ], [ -99.36631970886188, 20.494465420706177 ], [ -99.353577948696085, 20.497423951175911 ], [ -99.324470199381778, 20.492579511282294 ], [ -99.324551508711735, 20.466761450725162 ], [ -99.316716949249042, 20.452215880543218 ], [ -99.299935509228277, 20.464678280899566 ], [ -99.299909878818625, 20.472186000894155 ], [ -99.29830514883281, 20.473514511166261 ], [ -99.295370379261698, 20.473036370873302 ], [ -99.295013139273564, 20.48101535078403 ], [ -99.292688259442073, 20.482513120229306 ], [ -99.289992259378536, 20.480502019726725 ], [ -99.285050688738252, 20.473559889576499 ], [ -99.286308689406354, 20.455575259781671 ], [ -99.288160689471454, 20.452084800413438 ], [ -99.289827259437601, 20.452433719626956 ], [ -99.290588178596167, 20.450697719604229 ], [ -99.298758218669818, 20.447083079532803 ], [ -99.286962378861972, 20.398394819698819 ], [ -99.291017249095304, 20.395282320427153 ], [ -99.28603233875765, 20.394498629638381 ], [ -99.283846618778227, 20.395923049701974 ], [ -99.286935318803103, 20.38511873998846 ], [ -99.287094909398945, 20.378945229661895 ], [ -99.290802768890444, 20.375152350351126 ], [ -99.29231041950608, 20.368696970102985 ], [ -99.288945969304052, 20.359361170433637 ], [ -99.290746748627129, 20.357953510147585 ], [ -99.290323338694989, 20.353543980059822 ], [ -99.293130178720062, 20.349808520400419 ], [ -99.293714138859912, 20.339123380425356 ], [ -99.29524351911941, 20.337045649751044 ], [ -99.305413849262308, 20.336665720037892 ], [ -99.305338921065214, 20.334661279973737 ], [ -99.2997998487768, 20.327746749632734 ], [ -99.299662909244233, 20.323495399737837 ], [ -99.309761708791925, 20.326272220140986 ], [ -99.309981799371414, 20.324322369570702 ], [ -99.312358249116613, 20.323880369836594 ], [ -99.315249998955892, 20.320525080094573 ], [ -99.315589048982687, 20.309180919699038 ], [ -99.32160094896642, 20.311107030283747 ], [ -99.325351889392948, 20.315556400418487 ], [ -99.329991888733261, 20.314877290132792 ], [ -99.332892259138845, 20.316531079868621 ], [ -99.332788769306845, 20.310781199709957 ], [ -99.336313708709369, 20.30727639996287 ], [ -99.339515769168827, 20.307059119600602 ], [ -99.349139198763936, 20.321137600130445 ], [ -99.34951941945431, 20.323231660108419 ], [ -99.34642421901323, 20.32643048008779 ], [ -99.346446459256342, 20.337123830380314 ], [ -99.348679519334198, 20.336905139888728 ], [ -99.351778978666403, 20.339351880300374 ], [ -99.3559022892006, 20.337798600192226 ], [ -99.363462058938978, 20.33931061972854 ], [ -99.367134419132256, 20.337314919750757 ], [ -99.36987591921968, 20.337983830424186 ], [ -99.37416321814905, 20.333571019962665 ], [ -99.379702798828419, 20.331682450287527 ], [ -99.381360598902745, 20.327552169911378 ], [ -99.397163718875305, 20.319553690214399 ], [ -99.401957888854142, 20.324629949910154 ], [ -99.406038948657226, 20.323500969762797 ], [ -99.410712348763312, 20.32569195020362 ], [ -99.412365398730387, 20.323908280215658 ], [ -99.414869428565481, 20.32516169034432 ], [ -99.420374858887385, 20.323686029796637 ], [ -99.424877459112381, 20.325044310076585 ], [ -99.435525688774931, 20.321046919536283 ], [ -99.441606339433534, 20.326989879627327 ], [ -99.463724719315465, 20.328806939576843 ], [ -99.471614249352186, 20.333508659801733 ], [ -99.474798598626847, 20.332592949605477 ], [ -99.477237968573732, 20.333962339955736 ], [ -99.480315779334404, 20.331395620156925 ], [ -99.496749689377083, 20.334606849762352 ], [ -99.502851139348124, 20.326546539992073 ], [ -99.50886524858872, 20.324917090389668 ], [ -99.515301259355169, 20.326913819611409 ], [ -99.523756828952727, 20.325463769534597 ], [ -99.526498658795163, 20.327550599805054 ], [ -99.530800740409617, 20.32590520020506 ], [ -99.537513118617866, 20.329906890257597 ], [ -99.542209029347575, 20.329478320395236 ], [ -99.539535548776044, 20.343079259637335 ], [ -99.537648398962546, 20.345797770296269 ], [ -99.534409079221035, 20.346866319750951 ], [ -99.533571738941802, 20.349481280262179 ], [ -99.534267059100159, 20.365460740397889 ], [ -99.535872738755018, 20.368898179527516 ], [ -99.533489138568825, 20.373501630378968 ], [ -99.519479138969032, 20.378567370185909 ], [ -99.518798429127813, 20.380851539757504 ], [ -99.521167288682335, 20.38212864981233 ], [ -99.516303228572909, 20.384909320172543 ], [ -99.518650908998112, 20.387353739585741 ], [ -99.517105259059818, 20.388763569780807 ], [ -99.518791538996098, 20.389737459934803 ], [ -99.520152019300269, 20.397510369867973 ], [ -99.51605551922664, 20.397330940406722 ], [ -99.514009308784537, 20.406347679554305 ], [ -99.51823957940644, 20.42418322979756 ], [ -99.516307458843912, 20.425566919999426 ], [ -99.513614538720489, 20.423933890190337 ], [ -99.499729968912348, 20.425077449871793 ], [ -99.497616398857588, 20.42579464970872 ], [ -99.495894568630291, 20.429654859799633 ], [ -99.498468579003742, 20.437465119622992 ], [ -99.505862449158315, 20.43809188976741 ], [ -99.50783544930043, 20.43985189033177 ], [ -99.507544948835161, 20.442027679782058 ], [ -99.503740709384203, 20.445127200030687 ], [ -99.505421849116189, 20.448393939821532 ], [ -99.507749198760195, 20.448492249612539 ], [ -99.514415948732989, 20.454867490150448 ], [ -99.518791108793693, 20.456208420108222 ], [ -99.504698549318945, 20.467326459633554 ], [ -99.507324018700189, 20.473539309587693 ], [ -99.510013599914032, 20.47418862043348 ], [ -99.503015769395986, 20.478267000395341 ], [ -99.487492718758048, 20.482717719583295 ], [ -99.479159149260965, 20.487803659633229 ], [ -99.469577719249529, 20.489113950431779 ], [ -99.470206398866466, 20.493225979951472 ], [ -99.468469548634985, 20.494924859543485 ], [ -99.46111048894106, 20.491726890464779 ], [ -99.457750948632281, 20.487562511190745 ], [ -99.45250102919033, 20.48860788129792 ], [ -99.448604259499589, 20.486571280847595 ], [ -99.447320349478929, 20.488965750452344 ], [ -99.449198548547599, 20.494786091176888 ], [ -99.441293858748494, 20.5017556613384 ], [ -99.435238618979682, 20.503773351275477 ], [ -99.430045969036343, 20.501112580887035 ], [ -99.426742059275981, 20.505273721048042 ], [ -99.415510798793193, 20.504444510650053 ], [ -99.413018948544348, 20.505691320689486 ], [ -99.404461629170086, 20.502620581318222 ], [ -99.402235858998651, 20.504106751125608 ], [ -99.392514379216735, 20.503496140816374 ], [ -99.385575548654074, 20.509554910671291 ], [ -99.384308848712763, 20.513476200451755 ] ] ] ] } },
{ "type": "Feature", "properties": { "CVEGEO": "13054", "CVE_ENT": "13", "CVE_MUN": "054", "NOMGEO": "San Salvador" }, "geometry": { "type": "MultiPolygon", "coordinates": [ [ [ [ -99.163155640361865, 20.410645386264569 ], [ -99.139675289200369, 20.406568140815818 ], [ -99.132660799060403, 20.405885170892645 ], [ -99.129603319497662, 20.407140310887897 ], [ -99.113445680200556, 20.394524711348712 ], [ -99.114126260277942, 20.389660171129627 ], [ -99.120617688610636, 20.382780370832961 ], [ -99.112960120115318, 20.380385770490857 ], [ -99.115494078667481, 20.379407141119295 ], [ -99.114958659135169, 20.375003049878099 ], [ -99.109821429552994, 20.370763380802895 ], [ -99.105959659565158, 20.370890821101632 ], [ -99.106021369162377, 20.36925378114238 ], [ -99.102640830231849, 20.368268381233637 ], [ -99.101274489592626, 20.359655169619369 ], [ -99.098312488971672, 20.358656740531501 ], [ -99.096205709573326, 20.351450800022654 ], [ -99.090981508698064, 20.347658260338903 ], [ -99.084871199214788, 20.350942370358347 ], [ -99.067493889878833, 20.351146450523675 ], [ -99.059291460367547, 20.356710150235369 ], [ -99.040911030303903, 20.35615000051272 ], [ -99.036148739310889, 20.351952139913799 ], [ -99.031910029146772, 20.351777171192989 ], [ -99.030768679101755, 20.349137599770732 ], [ -99.028868170010313, 20.34914122010581 ], [ -99.027315978582209, 20.354045289794524 ], [ -99.016275689021938, 20.345879180228341 ], [ -99.011648770437844, 20.339824090883379 ], [ -99.008609679306687, 20.343087600120004 ], [ -99.001223348719222, 20.344406890072044 ], [ -98.981859879757891, 20.35172382118364 ], [ -98.973099058639235, 20.337844679759677 ], [ -98.958690449103116, 20.352435750247633 ], [ -98.950622399577497, 20.314099740351175 ], [ -98.988794684075941, 20.300159560100571 ], [ -98.976183720304476, 20.290793549696879 ], [ -98.976416169414563, 20.288505850229473 ], [ -98.977914570169816, 20.289015951130448 ], [ -98.978295309147299, 20.282507950615717 ], [ -98.981767688203945, 20.281971110385996 ], [ -98.98048902020399, 20.279070251314714 ], [ -98.991702539189703, 20.283588321247873 ], [ -98.993444569824817, 20.278629180808295 ], [ -98.991914910450063, 20.272901819619566 ], [ -98.988233578661166, 20.268939831296152 ], [ -98.992998598773283, 20.268140450496293 ], [ -98.987649748720131, 20.258441430663424 ], [ -98.989406079230605, 20.254321801277825 ], [ -98.987467180173297, 20.254285400969941 ], [ -98.986824339259357, 20.249835522549766 ], [ -98.984797050466071, 20.249602519797872 ], [ -98.983956418872594, 20.245787980429153 ], [ -98.985347178689807, 20.226328969627129 ], [ -98.981185368824114, 20.225962741173372 ], [ -98.980587749589603, 20.224235180722918 ], [ -98.980017578555859, 20.217571311060279 ], [ -98.981206120244707, 20.217529800952949 ], [ -98.978457109767248, 20.195949050044312 ], [ -98.979966219947485, 20.194175050229994 ], [ -98.989906860159223, 20.18993171125318 ], [ -99.00183488904122, 20.180901721136969 ], [ -99.008889148872868, 20.180842001227745 ], [ -99.014486349204347, 20.183533949188661 ], [ -99.012727939120936, 20.186199891240257 ], [ -99.015493949087315, 20.190229380742753 ], [ -99.030616488702236, 20.188823770985397 ], [ -99.036492058830035, 20.186842951289112 ], [ -99.040243309362197, 20.188708680814958 ], [ -99.035444029893796, 20.192033120527761 ], [ -99.033785030247017, 20.196135310737372 ], [ -99.033883028722471, 20.199451860924519 ], [ -99.037516019736927, 20.203369740724366 ], [ -99.031493489131293, 20.211690460538943 ], [ -99.030956849562173, 20.221203381333236 ], [ -99.028378739105989, 20.223435980690063 ], [ -99.026808829982656, 20.23133763152288 ], [ -99.017531519109767, 20.234430370468353 ], [ -99.021522768535078, 20.235927321130728 ], [ -99.018793889668814, 20.237243152916999 ], [ -99.018128969393018, 20.239692830812224 ], [ -99.012892597009042, 20.242281490906439 ], [ -99.013386779611366, 20.264404880642211 ], [ -99.049590999822101, 20.254605480571747 ], [ -99.051186110300051, 20.257217050554679 ], [ -99.056175818807773, 20.252662021004671 ], [ -99.061407800074605, 20.250537681123081 ], [ -99.065259029534587, 20.260504680610548 ], [ -99.062562738716878, 20.266161680569439 ], [ -99.066021490370204, 20.268833541201158 ], [ -99.065863649378727, 20.274817921062592 ], [ -99.080613569873677, 20.278076740876259 ], [ -99.081073080035864, 20.285511461235632 ], [ -99.088866750135708, 20.298457480603886 ], [ -99.092709618808769, 20.295675690607705 ], [ -99.092788908779397, 20.291419820738259 ], [ -99.096220649394411, 20.286363650492181 ], [ -99.097552910224181, 20.288945430610749 ], [ -99.107079579387971, 20.291410600696018 ], [ -99.111588230268765, 20.290829541004889 ], [ -99.114242548672465, 20.293088771294734 ], [ -99.117807508575993, 20.301079509811778 ], [ -99.118765379800877, 20.309553430455114 ], [ -99.125227649981582, 20.315701251127138 ], [ -99.118778629543982, 20.318569919927118 ], [ -99.123124549708322, 20.334872540478393 ], [ -99.127078889872635, 20.340854860233378 ], [ -99.135032459178134, 20.344415339631361 ], [ -99.14048511878083, 20.35260114094736 ], [ -99.143202688632769, 20.353258081134989 ], [ -99.144953318621489, 20.371413430376521 ], [ -99.148490339310101, 20.378247259597959 ], [ -99.151180619339002, 20.371752721231619 ], [ -99.163286599693208, 20.370539540074301 ], [ -99.165492739149173, 20.378134490711144 ], [ -99.164513250339397, 20.383558541053802 ], [ -99.155646978539025, 20.389054201004448 ], [ -99.158448168638074, 20.39283222077837 ], [ -99.167043949200249, 20.397139910907821 ], [ -99.163155640361865, 20.410645386264569 ] ] ] ] } },
{ "type": "Feature", "properties": { "CVEGEO": "13055", "CVE_ENT": "13", "CVE_MUN": "055", "NOMGEO": "Santiago de Anaya" }, "geometry": { "type": "MultiPolygon", "coordinates": [ [ [ [ -98.937786030011807, 20.51777615098327 ], [ -98.941157508882839, 20.516735630551612 ], [ -98.942663448979076, 20.518628170654441 ], [ -98.948240879799712, 20.51907809107249 ], [ -98.947194339365424, 20.506092200888293 ], [ -98.948768150219152, 20.502687110859068 ], [ -98.950345459943421, 20.502509341176108 ], [ -98.947529630063357, 20.500929480966789 ], [ -98.948972109306965, 20.499140620968717 ], [ -98.925256108987327, 20.499205651092367 ], [ -98.922594019220725, 20.497327020889962 ], [ -98.915345659043723, 20.496794511313738 ], [ -98.90836834891941, 20.485805540670739 ], [ -98.911818429732577, 20.477116220763921 ], [ -98.910464419908834, 20.46923388986032 ], [ -98.897201569884629, 20.466715550726164 ], [ -98.893761149413592, 20.462061079600627 ], [ -98.896632779359848, 20.450503370529628 ], [ -98.892772780061293, 20.44433931987896 ], [ -98.89942979978423, 20.444809999882033 ], [ -98.903688489514607, 20.443208490056229 ], [ -98.904209520196972, 20.436181030762885 ], [ -98.912987649110377, 20.426559800602021 ], [ -98.912404369223566, 20.419646570733185 ], [ -98.909164649552935, 20.413914170844674 ], [ -98.90327946011702, 20.411841350829462 ], [ -98.906878768981187, 20.408638451266334 ], [ -98.903095290123673, 20.402985659709241 ], [ -98.905114749156823, 20.39501379995551 ], [ -98.90375826045225, 20.391823770509102 ], [ -98.906554230411857, 20.388319459911056 ], [ -98.903423200184363, 20.380760540827286 ], [ -98.912946420077461, 20.38144063105652 ], [ -98.918126109787195, 20.373413911018282 ], [ -98.913391090007138, 20.366556480383547 ], [ -98.917277739027696, 20.366861689686239 ], [ -98.919718938566874, 20.362848429646267 ], [ -98.91328717908651, 20.363110249777673 ], [ -98.910763779125446, 20.360030381221083 ], [ -98.905650320438653, 20.348698910056289 ], [ -98.907186089197111, 20.337394849840145 ], [ -98.912700708916745, 20.337376030529452 ], [ -98.916254830006764, 20.335567570934401 ], [ -98.921367118574636, 20.338123091184638 ], [ -98.929329779068425, 20.337691921309695 ], [ -98.935008799767175, 20.331410340704913 ], [ -98.936415980005378, 20.327263150845859 ], [ -98.942062850154102, 20.326857571127203 ], [ -98.943510909756185, 20.349809489627116 ], [ -98.955097229021035, 20.356202980003751 ], [ -98.959708149850599, 20.357079540548821 ], [ -98.958690449103116, 20.352435750247633 ], [ -98.973099058639235, 20.337844679759677 ], [ -98.981859879757891, 20.35172382118364 ], [ -99.001223348719222, 20.344406890072044 ], [ -99.008609679306687, 20.343087600120004 ], [ -99.011648770437844, 20.339824090883379 ], [ -99.016275689021938, 20.345879180228341 ], [ -99.027315978582209, 20.354045289794524 ], [ -99.028868170010313, 20.34914122010581 ], [ -99.030768679101755, 20.349137599770732 ], [ -99.031910029146772, 20.351777171192989 ], [ -99.036148739310889, 20.351952139913799 ], [ -99.040911030303903, 20.35615000051272 ], [ -99.059291460367547, 20.356710150235369 ], [ -99.067493889878833, 20.351146450523675 ], [ -99.084871199214788, 20.350942370358347 ], [ -99.090981508698064, 20.347658260338903 ], [ -99.096205709573326, 20.351450800022654 ], [ -99.098312488971672, 20.358656740531501 ], [ -99.101274489592626, 20.359655169619369 ], [ -99.102539860113936, 20.368062510939101 ], [ -99.103850999545102, 20.368473599634438 ], [ -99.103956540453751, 20.368805770532791 ], [ -99.096125180315482, 20.377049851058135 ], [ -99.09616082903247, 20.378929710877717 ], [ -99.086461519213458, 20.382477489549174 ], [ -99.08552667954153, 20.391436539622177 ], [ -99.090367969465291, 20.39481826109381 ], [ -99.091056999720792, 20.39965041995271 ], [ -99.087180120016185, 20.400124080600982 ], [ -99.079211690200708, 20.407300459900867 ], [ -99.085446659620771, 20.414278581016671 ], [ -99.090160309357415, 20.414706880498354 ], [ -99.093465979273887, 20.416990381326571 ], [ -99.095104689391249, 20.420956139835631 ], [ -99.091462878848773, 20.425008351250515 ], [ -99.093470620453033, 20.425597921218802 ], [ -99.09155924977901, 20.429889140625189 ], [ -99.091862380281682, 20.434621399682339 ], [ -99.09009390938796, 20.435736480375493 ], [ -99.0888584888895, 20.434075830111265 ], [ -99.085159509005862, 20.43504964953814 ], [ -99.081102119258247, 20.430295219931491 ], [ -99.081594569087429, 20.427916940025167 ], [ -99.077955079407928, 20.422569861338207 ], [ -99.075774489262528, 20.421023180068715 ], [ -99.073488088883934, 20.422794309894559 ], [ -99.071206019051232, 20.418771880441994 ], [ -99.066362688941496, 20.418199349533971 ], [ -99.064718228692286, 20.416384059877444 ], [ -99.059021738940558, 20.416272230286285 ], [ -99.047783288928002, 20.419073461123006 ], [ -99.042259139039302, 20.42435086092005 ], [ -99.040092949019055, 20.434194450421334 ], [ -99.033875708704599, 20.441563579862937 ], [ -99.035140349483811, 20.442301660016515 ], [ -99.033170678641511, 20.443442851017529 ], [ -99.033516688668428, 20.450822859950403 ], [ -99.028867799331209, 20.458464220711502 ], [ -99.026601709450986, 20.467046739639059 ], [ -99.027735519165248, 20.448930449538004 ], [ -99.014977229062865, 20.447743750199827 ], [ -99.00965562922957, 20.449236491264557 ], [ -98.997863679357735, 20.456269660310447 ], [ -98.993613089196373, 20.468946420060643 ], [ -98.992359829331761, 20.467458289572551 ], [ -98.986808689187299, 20.480960121119018 ], [ -98.98191361875412, 20.487428230635132 ], [ -98.974947428613817, 20.491452720658756 ], [ -98.968887678979343, 20.489178630918921 ], [ -98.972554119019065, 20.508067861324303 ], [ -98.972077379209722, 20.511713309768421 ], [ -98.966533309459919, 20.514245540972723 ], [ -98.965569168828736, 20.526334580458972 ], [ -98.960789648985454, 20.525847601328138 ], [ -98.957791089000665, 20.521812250348425 ], [ -98.940187089673302, 20.52991917097275 ], [ -98.937786030011807, 20.51777615098327 ] ] ] ] } },
{ "type": "Feature", "properties": { "CVEGEO": "13080", "CVE_ENT": "13", "CVE_MUN": "080", "NOMGEO": "Yahualica" }, "geometry": { "type": "MultiPolygon", "coordinates": [ [ [ [ -98.419628800097954, 20.992115879841936 ], [ -98.395258829937418, 20.984219949969606 ], [ -98.387479449519006, 20.98429902008553 ], [ -98.380334420447895, 20.987138940264284 ], [ -98.376592180388343, 20.984960650141343 ], [ -98.375093149863403, 20.983768459554934 ], [ -98.376140980453329, 20.97921544987986 ], [ -98.362446630273126, 20.97331860035241 ], [ -98.355770430108535, 20.961600920036808 ], [ -98.349392259752406, 20.961819910104975 ], [ -98.345527579574096, 20.95393551020528 ], [ -98.34231468981119, 20.951240220271977 ], [ -98.342734690205987, 20.948326309653329 ], [ -98.346683910338768, 20.947968850299887 ], [ -98.348218030415708, 20.944318079649594 ], [ -98.352448819563705, 20.942551420386931 ], [ -98.349841449674472, 20.939825679684457 ], [ -98.347448400216422, 20.942564880029934 ], [ -98.345487400426535, 20.941787370328932 ], [ -98.345740280333615, 20.938429650102211 ], [ -98.339396429964665, 20.93134952030902 ], [ -98.337958119630713, 20.930600890164637 ], [ -98.336500309535239, 20.932129180017657 ], [ -98.335928860402973, 20.930383419862377 ], [ -98.327295449692159, 20.929769450383198 ], [ -98.324905630048306, 20.93174267993744 ], [ -98.318091399693657, 20.932247750117099 ], [ -98.314530019575471, 20.935518999911057 ], [ -98.311682548637052, 20.925836539560162 ], [ -98.308723619333378, 20.923408690152304 ], [ -98.309422259067617, 20.917302170037168 ], [ -98.304342308755068, 20.914844310266897 ], [ -98.29912673931041, 20.914720939919199 ], [ -98.295523349457525, 20.915712569875339 ], [ -98.293520689279546, 20.918725620158543 ], [ -98.29527414858488, 20.909174480004097 ], [ -98.303784679076273, 20.907684649897639 ], [ -98.306585779199708, 20.903202580067205 ], [ -98.305643318733814, 20.901900219865094 ], [ -98.307267518766622, 20.894979429790645 ], [ -98.311944678826862, 20.889448229996525 ], [ -98.320211568569391, 20.886708830036103 ], [ -98.321376778684581, 20.888016080044412 ], [ -98.329776549190896, 20.874263909920987 ], [ -98.338571888672618, 20.871080169680372 ], [ -98.342593689367561, 20.871267229940496 ], [ -98.345900050122552, 20.863723350446836 ], [ -98.347369849538325, 20.863064349558524 ], [ -98.348891949662274, 20.86562149009637 ], [ -98.351010540479336, 20.861187480011075 ], [ -98.356545629990322, 20.85710591966507 ], [ -98.359323279545734, 20.856796910178428 ], [ -98.360018080184503, 20.859508289917144 ], [ -98.363429399612883, 20.860639739664425 ], [ -98.365838880014721, 20.863874949648235 ], [ -98.368068850106411, 20.861852689991665 ], [ -98.371125950102652, 20.862314449842636 ], [ -98.373035220359299, 20.856546879827174 ], [ -98.379660780423123, 20.851861579910704 ], [ -98.3818818300673, 20.853513780123361 ], [ -98.387995709677938, 20.853790860383324 ], [ -98.389568150211758, 20.855790319559866 ], [ -98.393643030452353, 20.854402119943536 ], [ -98.398247660295539, 20.85873063040632 ], [ -98.402909059673149, 20.858383880191909 ], [ -98.405581020262019, 20.855197229870434 ], [ -98.41142150960296, 20.854093020061839 ], [ -98.412737780040743, 20.849036380128382 ], [ -98.417022170447652, 20.848096090013325 ], [ -98.418741600183225, 20.850979319588124 ], [ -98.422397540026637, 20.849157540049934 ], [ -98.428222489612878, 20.851106029745218 ], [ -98.430180379923044, 20.856014799587161 ], [ -98.438312740385314, 20.860275459604768 ], [ -98.440320600245045, 20.864412280053546 ], [ -98.43925521994548, 20.86564604976137 ], [ -98.437427120205427, 20.863661029600888 ], [ -98.432161350315695, 20.864540690146185 ], [ -98.445388289981167, 20.885140740407699 ], [ -98.443752620454845, 20.896581420273417 ], [ -98.444604820002823, 20.899997310408519 ], [ -98.439495379870593, 20.901901979912477 ], [ -98.44197705015921, 20.906922109926363 ], [ -98.440489219545725, 20.906498650126725 ], [ -98.442695339588184, 20.91383046031784 ], [ -98.440173940187904, 20.918174379972278 ], [ -98.42993483032096, 20.91803864972702 ], [ -98.423918080181963, 20.920187800276537 ], [ -98.425031119917776, 20.925001059762177 ], [ -98.423671940004439, 20.925429490275352 ], [ -98.422210909645301, 20.934786599652924 ], [ -98.427835029968222, 20.932996979762166 ], [ -98.429603910177917, 20.935803279693587 ], [ -98.425202049686561, 20.948447780344164 ], [ -98.427403820327186, 20.958596629858754 ], [ -98.430024480136382, 20.961823979759373 ], [ -98.438927449921593, 20.959014599699543 ], [ -98.451759710308266, 20.963466059846425 ], [ -98.443245709869956, 20.978155200243727 ], [ -98.434541179919378, 20.97853395015558 ], [ -98.426145479766262, 20.989390369741432 ], [ -98.419628800097954, 20.992115879841936 ] ] ] ] } },
{ "type": "Feature", "properties": { "CVEGEO": "13079", "CVE_ENT": "13", "CVE_MUN": "079", "NOMGEO": "Xochicoatlán" }, "geometry": { "type": "MultiPolygon", "coordinates": [ [ [ [ -98.506262859921065, 20.886612780491991 ], [ -98.507086058626257, 20.882718420409347 ], [ -98.505752598708071, 20.882132741023341 ], [ -98.505768520163627, 20.877266519957054 ], [ -98.50983233890851, 20.868212121165556 ], [ -98.51427645919749, 20.866138540822465 ], [ -98.521294648544441, 20.858557750828066 ], [ -98.522825088657768, 20.852442769531521 ], [ -98.525354549159843, 20.851601519875228 ], [ -98.529726920270605, 20.846209420827709 ], [ -98.533216079299507, 20.846755480557448 ], [ -98.539357518992404, 20.842420769632806 ], [ -98.556354569034724, 20.844467290761568 ], [ -98.56653711980718, 20.835615909815075 ], [ -98.565364169611527, 20.832381619962259 ], [ -98.573773250318922, 20.832941910108005 ], [ -98.581696779476815, 20.836930719904188 ], [ -98.584819399908511, 20.840847980249816 ], [ -98.588976460265712, 20.837066539569008 ], [ -98.590358860132767, 20.830526800821655 ], [ -98.592340599777998, 20.82831502098129 ], [ -98.590613178847192, 20.824300029822865 ], [ -98.584129969546595, 20.818946460461458 ], [ -98.583330420048625, 20.81404143073852 ], [ -98.584804980090553, 20.812877970067685 ], [ -98.586589138800306, 20.814117310102027 ], [ -98.587967059557741, 20.812052350275668 ], [ -98.589803949194973, 20.814792339607624 ], [ -98.591438460376253, 20.811792119580272 ], [ -98.595214829941355, 20.811204909952831 ], [ -98.595549548925916, 20.808257051308736 ], [ -98.58794373929581, 20.806670221105669 ], [ -98.584148139618677, 20.801456370662088 ], [ -98.574612059293344, 20.797169060664768 ], [ -98.572092980257366, 20.794042059917487 ], [ -98.565770878909916, 20.791842799760236 ], [ -98.563935779459015, 20.789729970638984 ], [ -98.566883229686113, 20.784190721086063 ], [ -98.573747420481567, 20.783948199991425 ], [ -98.576992168960729, 20.781209621218178 ], [ -98.581455748901945, 20.780407170083613 ], [ -98.584094778847913, 20.775836940803551 ], [ -98.582489050445034, 20.773067710431473 ], [ -98.583678979273799, 20.768183199876841 ], [ -98.581683688807274, 20.767458750750112 ], [ -98.581766478696025, 20.765570281260963 ], [ -98.585457380302401, 20.763046881196878 ], [ -98.588153118620014, 20.763673170152909 ], [ -98.588406378784299, 20.762130479763542 ], [ -98.592966489510317, 20.760281800613697 ], [ -98.598052920358214, 20.762096090832046 ], [ -98.600675980458078, 20.758320630599464 ], [ -98.60495383030613, 20.758645849707985 ], [ -98.606884688639354, 20.754163510398744 ], [ -98.609655889004216, 20.754941380093655 ], [ -98.611931179539908, 20.752803450798421 ], [ -98.621434320187404, 20.752083800921657 ], [ -98.62259077893053, 20.750142281260732 ], [ -98.623689800348544, 20.752049750177875 ], [ -98.626144519777981, 20.751294049783592 ], [ -98.627429220442636, 20.752996399663981 ], [ -98.633117019442125, 20.75403257957737 ], [ -98.635819369037577, 20.757421310978181 ], [ -98.637488090049388, 20.755982141142237 ], [ -98.640135180131765, 20.757101570117666 ], [ -98.641466019420221, 20.754127580925591 ], [ -98.643671748623035, 20.754952770330735 ], [ -98.647586799824808, 20.752398289575183 ], [ -98.654313548665527, 20.751368520186862 ], [ -98.655257689022633, 20.753434660497174 ], [ -98.662265379869112, 20.753416600386174 ], [ -98.667916980134848, 20.751593020607306 ], [ -98.670285540197924, 20.747144031336557 ], [ -98.672270419786841, 20.747378830898871 ], [ -98.675140059137505, 20.743816380302754 ], [ -98.679758549390101, 20.744397430368966 ], [ -98.680143178940682, 20.742740939977356 ], [ -98.678357179967549, 20.742058261341001 ], [ -98.679672259840046, 20.738697980051477 ], [ -98.682520118799559, 20.735036659774742 ], [ -98.687896369829275, 20.732624620825924 ], [ -98.688965780077424, 20.724819939601691 ], [ -98.684614339146208, 20.722553861044631 ], [ -98.682564178635573, 20.71521553992903 ], [ -98.668944140180628, 20.706040520174589 ], [ -98.676466059787785, 20.701469850258142 ], [ -98.682315508940235, 20.700201251150514 ], [ -98.688493569903386, 20.701326320475037 ], [ -98.688439049006192, 20.698689000320105 ], [ -98.705354319652088, 20.691897320172597 ], [ -98.715845549528268, 20.692589631239159 ], [ -98.722311938841827, 20.697875920411054 ], [ -98.72467153866782, 20.696918060480201 ], [ -98.729115878889161, 20.699742250679872 ], [ -98.726058659012281, 20.704289781266787 ], [ -98.729744318895598, 20.709626740132101 ], [ -98.724549079248362, 20.727086740632537 ], [ -98.720655848672507, 20.727921431070264 ], [ -98.715505938847102, 20.733945290702909 ], [ -98.709456859376459, 20.736957310923437 ], [ -98.70653293897233, 20.736553230731921 ], [ -98.704585658732825, 20.739036001138984 ], [ -98.710653018612163, 20.748298881180844 ], [ -98.716392398814477, 20.749201030836726 ], [ -98.703888149467545, 20.756928060527375 ], [ -98.69638902929205, 20.759748091341475 ], [ -98.692829198530504, 20.764312691230682 ], [ -98.69512702894346, 20.767791970876921 ], [ -98.700185508894378, 20.766807490618024 ], [ -98.696243579240516, 20.772525621287439 ], [ -98.697874718919564, 20.773356151113788 ], [ -98.699338348712516, 20.771629490498391 ], [ -98.706456708614851, 20.775595341289353 ], [ -98.705483998729576, 20.776575921020036 ], [ -98.710229769056596, 20.783570920699599 ], [ -98.708530259440508, 20.786710831160917 ], [ -98.717807288633352, 20.792383520912306 ], [ -98.719571629228142, 20.791186460564948 ], [ -98.721655198617313, 20.794283450568006 ], [ -98.718484018862924, 20.79828371053188 ], [ -98.714722879303608, 20.800091121245302 ], [ -98.714539428729651, 20.804181630798553 ], [ -98.709673689135613, 20.809778090807797 ], [ -98.708103778755117, 20.817173510805429 ], [ -98.704595219227031, 20.819051480569321 ], [ -98.702218568938221, 20.824277510492468 ], [ -98.69491057958669, 20.82966058068477 ], [ -98.693786539333914, 20.833853979989751 ], [ -98.689704430149888, 20.83931745981215 ], [ -98.686326048821613, 20.839877511044904 ], [ -98.68631251862908, 20.844760449820917 ], [ -98.678696029891981, 20.844612779977179 ], [ -98.675018309889808, 20.842887679907541 ], [ -98.672885428713101, 20.844706510438687 ], [ -98.673464449253657, 20.841494920271973 ], [ -98.672342248589274, 20.841266049850528 ], [ -98.670517658975911, 20.843392349578295 ], [ -98.666662398912322, 20.844261800935925 ], [ -98.663146228751515, 20.842572490740814 ], [ -98.659452049283729, 20.848328019682111 ], [ -98.651448079776571, 20.84292285075059 ], [ -98.649159939620233, 20.843938630530776 ], [ -98.648249739786266, 20.84205137972338 ], [ -98.642236459572686, 20.842737219818428 ], [ -98.641948569254524, 20.83993336985964 ], [ -98.634762318965485, 20.842329451218465 ], [ -98.631242968934629, 20.839724490388697 ], [ -98.63026307894512, 20.841183581047133 ], [ -98.63164203003501, 20.842780491196546 ], [ -98.626468229506841, 20.842857849807658 ], [ -98.623443489740254, 20.846686721055914 ], [ -98.615033419787252, 20.845192659628776 ], [ -98.612362428987169, 20.846658939912707 ], [ -98.612984480107357, 20.847955020282843 ], [ -98.60429515012612, 20.848186109887578 ], [ -98.602416370345551, 20.852126349647566 ], [ -98.599988400042449, 20.85010106080566 ], [ -98.59820977872549, 20.851019181141076 ], [ -98.595514430346185, 20.847830179833029 ], [ -98.591359939285439, 20.849408109818629 ], [ -98.589189229358468, 20.847409251169903 ], [ -98.587223018670386, 20.850642710099702 ], [ -98.583483549037197, 20.850996770023695 ], [ -98.582832678805588, 20.855353149759114 ], [ -98.581144819343294, 20.856206779970265 ], [ -98.580952319131072, 20.854328780016647 ], [ -98.577456909132124, 20.852663110022082 ], [ -98.574862720077306, 20.849118861358836 ], [ -98.573102688931129, 20.854632971213984 ], [ -98.57639181946287, 20.857049199640283 ], [ -98.577789660087646, 20.86134894088109 ], [ -98.565788400172877, 20.861724880833584 ], [ -98.564624079567437, 20.866275001292113 ], [ -98.55079213910409, 20.869648720640207 ], [ -98.545396579026701, 20.877496709682308 ], [ -98.5409125989042, 20.87471797072617 ], [ -98.540135309577849, 20.879934120565537 ], [ -98.536692150405798, 20.878590510876545 ], [ -98.527252060117064, 20.879362420997104 ], [ -98.518455319453338, 20.881864030708361 ], [ -98.51231007972288, 20.886865851063206 ], [ -98.507980489150029, 20.88479631012796 ], [ -98.506262859921065, 20.886612780491991 ] ] ] ] } },
{ "type": "Feature", "properties": { "CVEGEO": "13035", "CVE_ENT": "13", "CVE_MUN": "035", "NOMGEO": "Metepec" }, "geometry": { "type": "MultiPolygon", "coordinates": [ [ [ [ -98.422328569906526, 20.327805000809512 ], [ -98.41914114985066, 20.325057980874909 ], [ -98.417968509789191, 20.326118540896893 ], [ -98.41359827962431, 20.323494681228023 ], [ -98.412561180033236, 20.324471091000717 ], [ -98.408037969947003, 20.322594021129611 ], [ -98.40908755022609, 20.320123950448927 ], [ -98.408052910239519, 20.31925604968589 ], [ -98.410250770149119, 20.318709719950078 ], [ -98.411817629977733, 20.320801950009649 ], [ -98.411406820126786, 20.318229619623338 ], [ -98.415153149815822, 20.314041850097048 ], [ -98.420879309589992, 20.317023710409281 ], [ -98.425642309666983, 20.315325019586339 ], [ -98.425820119933022, 20.325501279579147 ], [ -98.427078879835861, 20.326561089781674 ], [ -98.422328569906526, 20.327805000809512 ] ] ], [ [ [ -98.323233510357653, 20.329294920712332 ], [ -98.319959119817355, 20.325315201234613 ], [ -98.310991350287694, 20.322446600262914 ], [ -98.311755710385683, 20.319267689565269 ], [ -98.316223370357278, 20.315908769966434 ], [ -98.316687600014049, 20.312305999549288 ], [ -98.319624460427477, 20.311292750426027 ], [ -98.315467420339147, 20.305049400096269 ], [ -98.310388169835292, 20.30198544959422 ], [ -98.304516050103189, 20.301836780074762 ], [ -98.30292058038215, 20.299438859633263 ], [ -98.300139599931086, 20.299306940084563 ], [ -98.293349570177938, 20.291754199896296 ], [ -98.294579479816576, 20.289043879623009 ], [ -98.289075939954586, 20.278179619674276 ], [ -98.289142949525385, 20.26967343036862 ], [ -98.284943880031065, 20.266955950162604 ], [ -98.284219478859868, 20.249979292027387 ], [ -98.281383178631017, 20.233649170587309 ], [ -98.276541649565615, 20.220505171287385 ], [ -98.270546168616903, 20.215806281286952 ], [ -98.259740568670438, 20.215263821876199 ], [ -98.265869320383686, 20.210330289607359 ], [ -98.266774349534913, 20.207493970038772 ], [ -98.270603719328776, 20.208423341329311 ], [ -98.275833059307217, 20.205441619806273 ], [ -98.278976859616449, 20.208873940447926 ], [ -98.283370148818108, 20.205235091252927 ], [ -98.289367149916345, 20.212298489762489 ], [ -98.299039859219704, 20.202523690429512 ], [ -98.301578889929928, 20.205591079716385 ], [ -98.310942288528466, 20.193373421293213 ], [ -98.330189138965068, 20.206940830623299 ], [ -98.333742859463158, 20.188183199669687 ], [ -98.365899430410579, 20.209856970074036 ], [ -98.393647890333668, 20.220076180237957 ], [ -98.398141740400447, 20.224963399875644 ], [ -98.407602369426712, 20.268240249674669 ], [ -98.404794720325356, 20.273736150413598 ], [ -98.407844030026354, 20.275994250423718 ], [ -98.403912970351584, 20.278758709848827 ], [ -98.411615200372466, 20.281335030178223 ], [ -98.408816780165139, 20.286542739868992 ], [ -98.402460940071862, 20.289806179823312 ], [ -98.399618399695797, 20.29593821876967 ], [ -98.392918619909665, 20.300710600402521 ], [ -98.394610910234704, 20.304764629892389 ], [ -98.393586649518269, 20.30607589029335 ], [ -98.397905139821631, 20.311215180367665 ], [ -98.393581290084938, 20.317556770601627 ], [ -98.389006829937131, 20.314929230966563 ], [ -98.389517249184507, 20.317306551398271 ], [ -98.386567860139422, 20.319204850514208 ], [ -98.383452690253023, 20.318264911188678 ], [ -98.384683380150832, 20.317158741051749 ], [ -98.384252309487124, 20.313650421216462 ], [ -98.381933339511292, 20.315289751333573 ], [ -98.381078619534932, 20.313023721316291 ], [ -98.36970894997016, 20.309447231335056 ], [ -98.371091430011617, 20.305816921262281 ], [ -98.369328880192626, 20.30221698126384 ], [ -98.365223509940762, 20.305810950793052 ], [ -98.358237050140843, 20.308171050708317 ], [ -98.33799585969831, 20.31228892062374 ], [ -98.338000459528757, 20.314173970984001 ], [ -98.33493164985228, 20.316598550705333 ], [ -98.337008710136146, 20.318700630955263 ], [ -98.334099739532192, 20.328885910518181 ], [ -98.323233510357653, 20.329294920712332 ] ] ] ] } },
{ "type": "Feature", "properties": { "CVEGEO": "13073", "CVE_ENT": "13", "CVE_MUN": "073", "NOMGEO": "Tlanchinol" }, "geometry": { "type": "MultiPolygon", "coordinates": [ [ [ [ -98.706200770315178, 21.187202050197566 ], [ -98.70212077043341, 21.185118280332912 ], [ -98.701174569914571, 21.182966879942118 ], [ -98.702742979728143, 21.181529939705673 ], [ -98.699372969889609, 21.176228520495265 ], [ -98.703655119605074, 21.168481450048507 ], [ -98.701820089544881, 21.160771139788665 ], [ -98.696640510024736, 21.161460120654652 ], [ -98.690769349713094, 21.167754350361047 ], [ -98.680232709718439, 21.168163909587129 ], [ -98.67293276995494, 21.163706230248906 ], [ -98.673210819633823, 21.160297619871798 ], [ -98.67135611016505, 21.158665550206884 ], [ -98.659154370068336, 21.156850020348102 ], [ -98.663475309973165, 21.150253490435183 ], [ -98.663627719739367, 21.144078850270201 ], [ -98.662098349801099, 21.142282970121379 ], [ -98.659978340301492, 21.142521259962727 ], [ -98.660373940341671, 21.135191800267883 ], [ -98.657211049788856, 21.124319569861697 ], [ -98.658055290210712, 21.120747649949369 ], [ -98.649387149923484, 21.113394910405454 ], [ -98.645255920147804, 21.106459140250799 ], [ -98.63486442990795, 21.10281209042688 ], [ -98.625203679626566, 21.094899049563217 ], [ -98.615090679848137, 21.092649520092905 ], [ -98.614953630444134, 21.085885680161034 ], [ -98.608080719611607, 21.087539339847275 ], [ -98.600772080403587, 21.08342807980199 ], [ -98.604083549643221, 21.074868649948179 ], [ -98.594563119843002, 21.077118230044011 ], [ -98.590670320462948, 21.076265309859309 ], [ -98.577329829581103, 21.065270550301694 ], [ -98.57580046040411, 21.057832459935614 ], [ -98.570427920486267, 21.062597979747121 ], [ -98.56450473989949, 21.065108659766267 ], [ -98.560380309886582, 21.065554720225997 ], [ -98.555055219944478, 21.063780150211379 ], [ -98.549106250314807, 21.057539460408449 ], [ -98.547596550271223, 21.052924349871876 ], [ -98.536487659537826, 21.044208679583178 ], [ -98.530011279579895, 21.04299624988731 ], [ -98.524700859551999, 21.045886119547475 ], [ -98.517520659572227, 21.046063880101034 ], [ -98.507090139798649, 21.050882600036559 ], [ -98.507565380188055, 21.046485619898785 ], [ -98.510369860476743, 21.046010520079214 ], [ -98.511177750309002, 21.043647080178108 ], [ -98.515815949911655, 21.040168599771004 ], [ -98.517227380029212, 21.033424549676255 ], [ -98.523004580177727, 21.029421600065309 ], [ -98.524565049570583, 21.029836029761164 ], [ -98.524350549978948, 21.026998919871982 ], [ -98.531053429784649, 21.025258709625049 ], [ -98.530259750311259, 21.022749020204227 ], [ -98.534497419769679, 21.02458224957957 ], [ -98.531886940438852, 21.021805149950907 ], [ -98.53208388044213, 21.019013769721159 ], [ -98.529430720185687, 21.019662000058634 ], [ -98.530466339902006, 21.015387490270921 ], [ -98.528583909582764, 21.015524340377603 ], [ -98.532534709750081, 21.009096199893659 ], [ -98.530642310409092, 21.004807019772567 ], [ -98.533693199903297, 20.994762260175055 ], [ -98.53274126024813, 20.991424599737428 ], [ -98.534780350272854, 20.989656689938851 ], [ -98.536990580297768, 20.990264370144651 ], [ -98.538338830076356, 20.98241781983365 ], [ -98.54298157995953, 20.980976649755007 ], [ -98.5434508501084, 20.977997109573177 ], [ -98.546982620056454, 20.978270660427363 ], [ -98.550765430005171, 20.975031680407959 ], [ -98.547828220140843, 20.970488540070551 ], [ -98.545412059965088, 20.969225659735514 ], [ -98.54374394004104, 20.970469710326103 ], [ -98.544509149856864, 20.969176420171333 ], [ -98.542270939858128, 20.966137149665862 ], [ -98.540033219665304, 20.967616449787766 ], [ -98.543289460310859, 20.964871690086934 ], [ -98.541030030179627, 20.963967659894717 ], [ -98.542628230278737, 20.962380649694701 ], [ -98.542909369778599, 20.960194079566527 ], [ -98.541935180281243, 20.960381319900563 ], [ -98.54117270994945, 20.959925480153963 ], [ -98.542612049693716, 20.958994799737599 ], [ -98.542699519981468, 20.955067709861556 ], [ -98.539627030435355, 20.950233780104007 ], [ -98.53521754989815, 20.948385289867637 ], [ -98.536409539621019, 20.93770044984181 ], [ -98.539704290159591, 20.932891449572217 ], [ -98.547996969907857, 20.931386849696572 ], [ -98.552598740026028, 20.933115909892898 ], [ -98.555656170337727, 20.940570820333512 ], [ -98.554963769619846, 20.944947849976835 ], [ -98.556835249865287, 20.949379620138448 ], [ -98.555652770410532, 20.951706279652292 ], [ -98.569273479901454, 20.953421339833287 ], [ -98.571793309955297, 20.956681650200775 ], [ -98.578285569668651, 20.954155979911114 ], [ -98.579879550264778, 20.957976170206532 ], [ -98.582397659845952, 20.956408310364576 ], [ -98.584685769648814, 20.958472679856694 ], [ -98.589255580116628, 20.955554539806339 ], [ -98.591689080214209, 20.956695080120987 ], [ -98.595756620060399, 20.955259879908251 ], [ -98.597003180409047, 20.952766829964091 ], [ -98.609336629880872, 20.954959860404049 ], [ -98.612248320279363, 20.95064289022234 ], [ -98.618327249897717, 20.951758820201388 ], [ -98.633170740236167, 20.943258079979728 ], [ -98.633799749657598, 20.940767830025806 ], [ -98.637412399792908, 20.938487879642178 ], [ -98.636682549622719, 20.936669880153651 ], [ -98.640315110368519, 20.931672420448418 ], [ -98.640301650118644, 20.928715449614643 ], [ -98.644466459605965, 20.925758120055281 ], [ -98.64938305048166, 20.925626889993815 ], [ -98.650070340361509, 20.922054659767504 ], [ -98.648830119797623, 20.920319769641718 ], [ -98.650541549539966, 20.918901259828051 ], [ -98.65439831038266, 20.918353430061458 ], [ -98.654838999977073, 20.917039619687984 ], [ -98.657200079857148, 20.918071489627916 ], [ -98.658665369850084, 20.916525089750717 ], [ -98.662576850255277, 20.918208380381309 ], [ -98.66718208989208, 20.917557339778902 ], [ -98.670338969546464, 20.919736800016189 ], [ -98.67872330991176, 20.920177150324246 ], [ -98.681211020176775, 20.92433545040366 ], [ -98.685062909720259, 20.917356079763362 ], [ -98.687963370057403, 20.91589054999146 ], [ -98.689916710457567, 20.903837710082431 ], [ -98.695450420010346, 20.901994319903181 ], [ -98.699102120201658, 20.902584280228407 ], [ -98.700127460001355, 20.905014659771737 ], [ -98.702574370329486, 20.903733570456481 ], [ -98.703180620340703, 20.907683650024698 ], [ -98.707394889558486, 20.914577569750719 ], [ -98.704422550123567, 20.927806710192471 ], [ -98.705358539735954, 20.933914940432672 ], [ -98.710900709889785, 20.942038570166979 ], [ -98.711926800416606, 20.947470679869653 ], [ -98.717496170198231, 20.950559430038972 ], [ -98.720237600192021, 20.971853740268251 ], [ -98.717806579713468, 20.976075600169104 ], [ -98.721954649565362, 20.987366490083204 ], [ -98.726746309738402, 20.991237509805455 ], [ -98.730183950348945, 20.998330770181099 ], [ -98.728003120463939, 21.003471769663747 ], [ -98.722782619895355, 21.008700150312492 ], [ -98.731364679824566, 21.016375860050559 ], [ -98.729276079713046, 21.018304090388526 ], [ -98.726986819676824, 21.028211549719234 ], [ -98.731417420456481, 21.034243290200589 ], [ -98.732393120021769, 21.039512400127887 ], [ -98.730952510281568, 21.039840820325679 ], [ -98.732695509986456, 21.041535629943219 ], [ -98.731821030427923, 21.047248939659497 ], [ -98.735773880272433, 21.049020580232661 ], [ -98.73546455005706, 21.051375880226207 ], [ -98.738481889969819, 21.052779399770184 ], [ -98.736653910133285, 21.05568709041232 ], [ -98.733791770186471, 21.056792489655901 ], [ -98.735179120447953, 21.059284659599577 ], [ -98.733395060409265, 21.063395379964991 ], [ -98.73448688991985, 21.068825250174569 ], [ -98.732518680433103, 21.070592890139711 ], [ -98.735717089645405, 21.08770402954779 ], [ -98.731607690055483, 21.093568019658612 ], [ -98.732823199778935, 21.098149169547153 ], [ -98.730723999640645, 21.101916349769805 ], [ -98.729572749673224, 21.119365000338767 ], [ -98.729501079527154, 21.129402879899008 ], [ -98.733393289903674, 21.137048719864776 ], [ -98.732804550368414, 21.147830230182915 ], [ -98.72454372024383, 21.154972969663639 ], [ -98.72878198001834, 21.158314520212471 ], [ -98.724376909929333, 21.16233842993552 ], [ -98.72415705033805, 21.166026219764845 ], [ -98.721025969570192, 21.16852454031276 ], [ -98.722278350050431, 21.171946629768584 ], [ -98.720321860310364, 21.177107979730227 ], [ -98.722125879752014, 21.179755859728829 ], [ -98.721581479625542, 21.18153363023124 ], [ -98.71654637970714, 21.185991980512696 ], [ -98.714648479826124, 21.183442750481333 ], [ -98.712496629896037, 21.185902419602765 ], [ -98.706200770315178, 21.187202050197566 ] ] ] ] } },
{ "type": "Feature", "properties": { "CVEGEO": "13034", "CVE_ENT": "13", "CVE_MUN": "034", "NOMGEO": "Lolotla" }, "geometry": { "type": "MultiPolygon", "coordinates": [ [ [ [ -98.741178370398302, 21.192573541199557 ], [ -98.737019520100475, 21.188217110231896 ], [ -98.735511749875172, 21.182335219560695 ], [ -98.727660769775198, 21.179549420859615 ], [ -98.726529619757372, 21.181281480083129 ], [ -98.728336519783412, 21.184342819804986 ], [ -98.723834880138881, 21.183049569768496 ], [ -98.720338510434317, 21.187131000193794 ], [ -98.718908109699655, 21.186361850005273 ], [ -98.722101599702995, 21.180384450210603 ], [ -98.720321860310364, 21.177107979730227 ], [ -98.722278350050431, 21.171946629768584 ], [ -98.721025969570192, 21.16852454031276 ], [ -98.72415705033805, 21.166026219764845 ], [ -98.724376909929333, 21.16233842993552 ], [ -98.72878198001834, 21.158314520212471 ], [ -98.72454372024383, 21.154972969663639 ], [ -98.732804550368414, 21.147830230182915 ], [ -98.733393289903674, 21.137048719864776 ], [ -98.729501079527154, 21.129402879899008 ], [ -98.729572749673224, 21.119365000338767 ], [ -98.730723999640645, 21.101916349769805 ], [ -98.732823199778935, 21.098149169547153 ], [ -98.731607690055483, 21.093568019658612 ], [ -98.735717089645405, 21.08770402954779 ], [ -98.732518680433103, 21.070592890139711 ], [ -98.73448688991985, 21.068825250174569 ], [ -98.733395060409265, 21.063395379964991 ], [ -98.735179120447953, 21.059284659599577 ], [ -98.733791770186471, 21.056792489655901 ], [ -98.736653910133285, 21.05568709041232 ], [ -98.738481889969819, 21.052779399770184 ], [ -98.73546455005706, 21.051375880226207 ], [ -98.735773880272433, 21.049020580232661 ], [ -98.731821030427923, 21.047248939659497 ], [ -98.732695509986456, 21.041535629943219 ], [ -98.730952510281568, 21.039840820325679 ], [ -98.732393120021769, 21.039512400127887 ], [ -98.731417420456481, 21.034243290200589 ], [ -98.726986819676824, 21.028211549719234 ], [ -98.729276079713046, 21.018304090388526 ], [ -98.731364679824566, 21.016375860050559 ], [ -98.722782619895355, 21.008700150312492 ], [ -98.728003120463939, 21.003471769663747 ], [ -98.730183950348945, 20.998330770181099 ], [ -98.726746309738402, 20.991237509805455 ], [ -98.721954649565362, 20.987366490083204 ], [ -98.717806579713468, 20.976075600169104 ], [ -98.720237600192021, 20.971853740268251 ], [ -98.717496170198231, 20.950559430038972 ], [ -98.711926800416606, 20.947470679869653 ], [ -98.710900709889785, 20.942038570166979 ], [ -98.705358539735954, 20.933914940432672 ], [ -98.704422550123567, 20.927806710192471 ], [ -98.707394889558486, 20.914577569750719 ], [ -98.703180620340703, 20.907683650024698 ], [ -98.702574370329486, 20.903733570456481 ], [ -98.700127460001355, 20.905014659771737 ], [ -98.698770650099178, 20.902448569831016 ], [ -98.693391999948247, 20.902337460157725 ], [ -98.689916710457567, 20.903837710082431 ], [ -98.687963370057403, 20.91589054999146 ], [ -98.685062909720259, 20.917356079763362 ], [ -98.681211020176775, 20.92433545040366 ], [ -98.67872330991176, 20.920177150324246 ], [ -98.670338969546464, 20.919736800016189 ], [ -98.66718208989208, 20.917557339778902 ], [ -98.662576850255277, 20.918208380381309 ], [ -98.658665369850084, 20.916525089750717 ], [ -98.655536739557803, 20.918150309670278 ], [ -98.654838999977073, 20.917039619687984 ], [ -98.648830119797623, 20.920319769641718 ], [ -98.642291690110554, 20.915006709867274 ], [ -98.634821859933822, 20.913559970289786 ], [ -98.635921679935564, 20.909997320338 ], [ -98.634896090117053, 20.908852799879234 ], [ -98.625821660323425, 20.905831260032443 ], [ -98.630706030145461, 20.899602890279684 ], [ -98.629105949643147, 20.898298020013904 ], [ -98.630739089901098, 20.896661449730193 ], [ -98.641457279545619, 20.897991340400555 ], [ -98.651116220176647, 20.893328349759628 ], [ -98.656059829926335, 20.895644089874658 ], [ -98.660087659587788, 20.899822509700495 ], [ -98.661848309700858, 20.894252430050283 ], [ -98.669201749719761, 20.889303819877977 ], [ -98.669101859652145, 20.887005279797446 ], [ -98.666087619889325, 20.885179179739321 ], [ -98.667497629752233, 20.883937120375119 ], [ -98.666266550307938, 20.882640379742508 ], [ -98.667024970409486, 20.879323740354259 ], [ -98.665076050415664, 20.879094420326016 ], [ -98.668936380120741, 20.874753510190498 ], [ -98.668498139519357, 20.869339350443127 ], [ -98.665253659849171, 20.867424419837729 ], [ -98.662732750110067, 20.861917650135609 ], [ -98.652300249838987, 20.861949000057439 ], [ -98.653458150266943, 20.855650890293138 ], [ -98.651487889760872, 20.849886749693894 ], [ -98.652372709630725, 20.845647920217385 ], [ -98.659977619864719, 20.848230149826424 ], [ -98.662032770086043, 20.843193110847899 ], [ -98.668744170103622, 20.843924770333047 ], [ -98.672342248589274, 20.841266049850528 ], [ -98.673464449253657, 20.841494920271973 ], [ -98.672885428713101, 20.844706510438687 ], [ -98.675018309889808, 20.842887679907541 ], [ -98.678696029891981, 20.844612779977179 ], [ -98.68631251862908, 20.844760449820917 ], [ -98.686326048821613, 20.839877511044904 ], [ -98.689704430149888, 20.83931745981215 ], [ -98.693786539333914, 20.833853979989751 ], [ -98.69491057958669, 20.82966058068477 ], [ -98.702218568938221, 20.824277510492468 ], [ -98.709668629098161, 20.827183261223276 ], [ -98.718412519314398, 20.827578581056098 ], [ -98.728278648917154, 20.831534051078862 ], [ -98.734580058802067, 20.831640451047388 ], [ -98.742257348644429, 20.829300711042261 ], [ -98.74585025870563, 20.830367740447468 ], [ -98.747495548978364, 20.832700851001569 ], [ -98.750744249241905, 20.839826771198094 ], [ -98.739034818559773, 20.842408170942669 ], [ -98.736563508754188, 20.844555890778729 ], [ -98.752260519456016, 20.860123570591099 ], [ -98.753322909303876, 20.862977830567154 ], [ -98.742194829194645, 20.86848651071233 ], [ -98.739476228552661, 20.865641720832347 ], [ -98.737640399115406, 20.851748940864717 ], [ -98.730171879204931, 20.847073121141907 ], [ -98.727011429378294, 20.847973490591329 ], [ -98.719292259444231, 20.857762820650827 ], [ -98.714605479284998, 20.855258751092869 ], [ -98.706362978874765, 20.863828230926675 ], [ -98.711932149115526, 20.868693860554508 ], [ -98.716416428946715, 20.881601631258139 ], [ -98.722189798738114, 20.882279141058881 ], [ -98.71845216875559, 20.874396740761046 ], [ -98.722355109017755, 20.87350312122193 ], [ -98.737163849475223, 20.880266831010481 ], [ -98.739101079144433, 20.883878431122874 ], [ -98.741949578652267, 20.883773251326215 ], [ -98.745809278595161, 20.888601890874305 ], [ -98.754754399479168, 20.891686120867828 ], [ -98.758119778779417, 20.891217460688363 ], [ -98.761462779246472, 20.894128260646269 ], [ -98.762149089143591, 20.899250721298099 ], [ -98.767839579442239, 20.90724963095796 ], [ -98.767607828963577, 20.908643060434883 ], [ -98.764484689419888, 20.909222660861673 ], [ -98.767848029190674, 20.911588020796035 ], [ -98.766500419115985, 20.911777340518416 ], [ -98.766368649064773, 20.916588551230976 ], [ -98.769154539153007, 20.918440541167652 ], [ -98.76734393899477, 20.921002060749473 ], [ -98.770469478992609, 20.921975830948359 ], [ -98.768553278712432, 20.92554514080674 ], [ -98.771538748813711, 20.927080290875054 ], [ -98.77276839893382, 20.934004800551204 ], [ -98.777075629104132, 20.939259910820734 ], [ -98.778086949179894, 20.942969050511905 ], [ -98.776429518949243, 20.945002480916212 ], [ -98.772596919392683, 20.943052350884564 ], [ -98.771915649226841, 20.944741221045351 ], [ -98.765485578977135, 20.943741230702145 ], [ -98.766218878763581, 20.945492851112398 ], [ -98.76296175036309, 20.945905319633237 ], [ -98.763340919664202, 20.948192740002547 ], [ -98.759255599779934, 20.947619599948055 ], [ -98.756687459999981, 20.950575179911027 ], [ -98.75366726037241, 20.950973310112207 ], [ -98.752048429950008, 20.954052050229098 ], [ -98.74740410959825, 20.952995629601254 ], [ -98.751626459591449, 20.95935699966109 ], [ -98.751449430364929, 20.968456829828501 ], [ -98.752772060339623, 20.970695690207133 ], [ -98.757171020105247, 20.970770859976042 ], [ -98.751837719768972, 20.974345539940696 ], [ -98.750161449861167, 20.978843720094023 ], [ -98.75576318027521, 20.98989854008239 ], [ -98.750126710285727, 20.995059769850048 ], [ -98.742542540270549, 20.997856170089122 ], [ -98.738192950397661, 21.001451749654827 ], [ -98.740076720393873, 21.003938819573133 ], [ -98.73900202985692, 21.010749050180547 ], [ -98.749793049545147, 21.012897050259443 ], [ -98.751708940238814, 21.025571000376697 ], [ -98.758682999662497, 21.035431919549996 ], [ -98.759558430033252, 21.043035459999789 ], [ -98.755111480071889, 21.051702490130062 ], [ -98.757131580205098, 21.056998109838815 ], [ -98.756407889635867, 21.060757340107923 ], [ -98.766323969602141, 21.059248090112845 ], [ -98.771415260324375, 21.066095659978416 ], [ -98.77961006034748, 21.067341619792014 ], [ -98.780589280333487, 21.070400479874351 ], [ -98.783747709812999, 21.072486830422974 ], [ -98.778967619522462, 21.074123619771711 ], [ -98.777713460389236, 21.080848919987787 ], [ -98.783542109546843, 21.087972779769292 ], [ -98.782798950034604, 21.089245829882334 ], [ -98.779136719611984, 21.091798150098949 ], [ -98.775643449918292, 21.090727400368777 ], [ -98.77080077031917, 21.084175219604475 ], [ -98.765769710181658, 21.087637379877151 ], [ -98.762533659926746, 21.084271050049104 ], [ -98.759034769603517, 21.084323280104687 ], [ -98.757970510102609, 21.08929194993938 ], [ -98.760367880459128, 21.098063650112476 ], [ -98.754466659596574, 21.0984519698067 ], [ -98.753492620312358, 21.105223250375353 ], [ -98.739561380455271, 21.113517620065192 ], [ -98.740045289828345, 21.117712089898014 ], [ -98.748186650218415, 21.118238149664663 ], [ -98.749540319816631, 21.120928890122318 ], [ -98.74930997031305, 21.12335522996425 ], [ -98.743393490059702, 21.125231319595621 ], [ -98.746089860193067, 21.130735320284224 ], [ -98.745107170312181, 21.132848290284503 ], [ -98.740587509703545, 21.131991420239583 ], [ -98.737519879999894, 21.129545319556723 ], [ -98.735650659884499, 21.130930319964115 ], [ -98.736319770452141, 21.133041349901422 ], [ -98.740381709949872, 21.135121060446913 ], [ -98.742025620203023, 21.152494830034776 ], [ -98.747408540393991, 21.157468579589423 ], [ -98.765894859715615, 21.164820050405023 ], [ -98.766226120249186, 21.166752940031994 ], [ -98.762195080071038, 21.168981029745638 ], [ -98.765136980245529, 21.174319750354176 ], [ -98.76873279969638, 21.174471079760515 ], [ -98.765866249692706, 21.175811969687789 ], [ -98.76381264997876, 21.18047760026267 ], [ -98.767303460010467, 21.184416659968463 ], [ -98.755137800155396, 21.18667254997257 ], [ -98.746528709652992, 21.184328291016264 ], [ -98.740541110091911, 21.189406850085327 ], [ -98.742158649656403, 21.191342170815762 ], [ -98.741178370398302, 21.192573541199557 ] ] ] ] } },
{ "type": "Feature", "properties": { "CVEGEO": "13019", "CVE_ENT": "13", "CVE_MUN": "019", "NOMGEO": "Chilcuautla" }, "geometry": { "type": "MultiPolygon", "coordinates": [ [ [ [ -99.267664079747618, 20.416660380179199 ], [ -99.265960030212426, 20.41002645982276 ], [ -99.261392620260338, 20.410039619779624 ], [ -99.257186319581123, 20.407629279801643 ], [ -99.254420649828518, 20.4086351697221 ], [ -99.253372059811923, 20.412127049603978 ], [ -99.250467220348298, 20.412912830444725 ], [ -99.249808459596494, 20.414722620099656 ], [ -99.242308340306153, 20.412037969960007 ], [ -99.227237430114926, 20.411808429706429 ], [ -99.223790379960619, 20.412999291027663 ], [ -99.218095850359788, 20.41052646026867 ], [ -99.210478340413275, 20.410888080032301 ], [ -99.20063837978114, 20.406194349770814 ], [ -99.194175800407663, 20.408928319874573 ], [ -99.163588419773404, 20.410470599617494 ], [ -99.167043949200249, 20.397139910907821 ], [ -99.155778370366136, 20.390057580021601 ], [ -99.156265179201796, 20.388273400392496 ], [ -99.16046364997969, 20.387190059931296 ], [ -99.164513250339397, 20.383558541053802 ], [ -99.165492739149173, 20.378134490711144 ], [ -99.163477449948516, 20.372041230202186 ], [ -99.171212399539527, 20.366817600129661 ], [ -99.17612132043368, 20.360339090038671 ], [ -99.185263149670206, 20.354406570174756 ], [ -99.187556979761112, 20.353280519549724 ], [ -99.193350460040165, 20.355940219918601 ], [ -99.200830630003026, 20.354437890230628 ], [ -99.200981310349107, 20.358985999681444 ], [ -99.202887309918538, 20.360228369795067 ], [ -99.203820949970364, 20.35806218039102 ], [ -99.206300680065624, 20.35848069010606 ], [ -99.208484619705729, 20.355082059557045 ], [ -99.211318519964308, 20.354093290405292 ], [ -99.218364849621892, 20.356396430043194 ], [ -99.230701369574092, 20.353016169966146 ], [ -99.229603709701593, 20.347904600327258 ], [ -99.231948490308667, 20.340428089695475 ], [ -99.226284489580863, 20.340029979573 ], [ -99.22236890976427, 20.335514649681418 ], [ -99.224220829670244, 20.331568629554148 ], [ -99.223211308564657, 20.325034770660722 ], [ -99.218749779839698, 20.31988894018868 ], [ -99.225159139786584, 20.310618829673167 ], [ -99.219120880452337, 20.307206889856101 ], [ -99.214839449853983, 20.301083970422688 ], [ -99.21398865030234, 20.297021310419005 ], [ -99.216185539823456, 20.293559709708752 ], [ -99.215439880174216, 20.291797519886856 ], [ -99.211852709709675, 20.290556739565616 ], [ -99.210443519840851, 20.286836139566539 ], [ -99.205308720072978, 20.286002880355849 ], [ -99.202483980464876, 20.281066220293134 ], [ -99.196520459933595, 20.280794029864165 ], [ -99.194924489896479, 20.27714994966572 ], [ -99.198936030139009, 20.273832849617175 ], [ -99.199049200441181, 20.271301509870657 ], [ -99.190785090032406, 20.270981000254345 ], [ -99.19190403025155, 20.262772150026642 ], [ -99.200032451265855, 20.263223169710002 ], [ -99.200463881884247, 20.26203399932033 ], [ -99.197057371907306, 20.26007582047632 ], [ -99.201991222311705, 20.257466060078681 ], [ -99.196189892448714, 20.255411139856019 ], [ -99.195309421875294, 20.251972680461158 ], [ -99.202923769836161, 20.25178354999548 ], [ -99.206356309554124, 20.242978769708603 ], [ -99.213259938800221, 20.239205820125907 ], [ -99.234466999014785, 20.239770999710888 ], [ -99.244361520417726, 20.245883460217211 ], [ -99.244900660063664, 20.2430262799848 ], [ -99.250050800116369, 20.244852909956006 ], [ -99.257340910048072, 20.243214119700056 ], [ -99.277897420363104, 20.243757979667173 ], [ -99.281328249757507, 20.249203679826064 ], [ -99.284039319796761, 20.250774539599206 ], [ -99.291185110476036, 20.244804679775552 ], [ -99.296876719548706, 20.248307720383689 ], [ -99.303657199112919, 20.24970537069829 ], [ -99.306732999184362, 20.248904510086692 ], [ -99.309997309469523, 20.25041368084521 ], [ -99.315325320178133, 20.248136480279442 ], [ -99.32370141991963, 20.25090202995769 ], [ -99.332649599021792, 20.249909430051758 ], [ -99.336727740339654, 20.25213351977855 ], [ -99.337730079733177, 20.255100599882237 ], [ -99.338610849705361, 20.262429480424668 ], [ -99.336842259783054, 20.269739109797872 ], [ -99.338281170210195, 20.275827720096757 ], [ -99.341767570355159, 20.282776689995746 ], [ -99.34895311015481, 20.28815505013003 ], [ -99.351468579980732, 20.298593250207627 ], [ -99.353834109574336, 20.299256859982851 ], [ -99.358920650062885, 20.305170770173255 ], [ -99.359203310062753, 20.307583779624181 ], [ -99.350398630262745, 20.305382080343726 ], [ -99.350407170002626, 20.308618739650797 ], [ -99.347733799799499, 20.308439029926951 ], [ -99.346616480142757, 20.310471229556509 ], [ -99.344524880083924, 20.309953450021069 ], [ -99.342365549796611, 20.305744599872178 ], [ -99.336313708709369, 20.30727639996287 ], [ -99.332494139352107, 20.311218180228298 ], [ -99.332892259138845, 20.316531079868621 ], [ -99.329991888733261, 20.314877290132792 ], [ -99.325351889392948, 20.315556400418487 ], [ -99.32160094896642, 20.311107030283747 ], [ -99.315977779340614, 20.309042020314344 ], [ -99.315249998955892, 20.320525080094573 ], [ -99.312358249116613, 20.323880369836594 ], [ -99.309981799371414, 20.324322369570702 ], [ -99.309761708791925, 20.326272220140986 ], [ -99.299662909244233, 20.323495399737837 ], [ -99.2997998487768, 20.327746749632734 ], [ -99.305338921065214, 20.334661279973737 ], [ -99.305413849262308, 20.336665720037892 ], [ -99.295131818599572, 20.33711052037113 ], [ -99.293171599087401, 20.342088739818479 ], [ -99.293130178720062, 20.349808520400419 ], [ -99.290323338694989, 20.353543980059822 ], [ -99.290746748627129, 20.357953510147585 ], [ -99.288945969304052, 20.359361170433637 ], [ -99.29231041950608, 20.368696970102985 ], [ -99.290802768890444, 20.375152350351126 ], [ -99.287094909398945, 20.378945229661895 ], [ -99.286935318803103, 20.38511873998846 ], [ -99.283846618778227, 20.395923049701974 ], [ -99.28603233875765, 20.394498629638381 ], [ -99.291017249095304, 20.395282320427153 ], [ -99.286962378861972, 20.398394819698819 ], [ -99.289671119952857, 20.40647599974983 ], [ -99.282600350233295, 20.408584969574612 ], [ -99.279443939522324, 20.412640650096368 ], [ -99.267664079747618, 20.416660380179199 ] ] ] ] } },
{ "type": "Feature", "properties": { "CVEGEO": "13077", "CVE_ENT": "13", "CVE_MUN": "077", "NOMGEO": "Tulancingo de Bravo" }, "geometry": { "type": "MultiPolygon", "coordinates": [ [ [ [ -98.283370148818079, 20.205235091252874 ], [ -98.278798089845424, 20.208805650366866 ], [ -98.275833059307189, 20.205441619806255 ], [ -98.276985020187311, 20.202494980012325 ], [ -98.272174540072285, 20.196828799859091 ], [ -98.280435020311913, 20.192093110385155 ], [ -98.288888399491768, 20.195595510997336 ], [ -98.292660260172397, 20.193367660266755 ], [ -98.290708780025184, 20.18500310965096 ], [ -98.287118718764347, 20.184686341136036 ], [ -98.283887658571189, 20.18209820122188 ], [ -98.290311489118324, 20.178139090007804 ], [ -98.290270850059514, 20.176826910992762 ], [ -98.287827108862658, 20.174084060547663 ], [ -98.282380850350464, 20.176435630436629 ], [ -98.277769889514047, 20.16300992106672 ], [ -98.275622617959286, 20.166587479847468 ], [ -98.272183830229267, 20.16778594024176 ], [ -98.268309719563064, 20.155815521448567 ], [ -98.26403288931742, 20.155104310071934 ], [ -98.256803259981467, 20.149584690575484 ], [ -98.252271649731625, 20.143433849562271 ], [ -98.252458539080436, 20.138679109856582 ], [ -98.246656818559231, 20.130995951118933 ], [ -98.247482780184242, 20.110592050532798 ], [ -98.253815949632539, 20.11013858045721 ], [ -98.255145199690389, 20.107613720369656 ], [ -98.254565689422748, 20.102474369674539 ], [ -98.256165579476431, 20.100559709991138 ], [ -98.260594049787457, 20.101509140354622 ], [ -98.264086459509315, 20.094957060763623 ], [ -98.270635489498645, 20.095916941111142 ], [ -98.27845691923649, 20.089412750873091 ], [ -98.283829768825711, 20.091797950982652 ], [ -98.285814178625657, 20.087292150023924 ], [ -98.28733674966783, 20.08991382994186 ], [ -98.288914769357035, 20.090218350287927 ], [ -98.290663780106343, 20.087854230495818 ], [ -98.293716289787383, 20.091570770357801 ], [ -98.299962180289171, 20.092997371099294 ], [ -98.305397049242018, 20.096731350664253 ], [ -98.307555629711516, 20.097112620414197 ], [ -98.308280740315013, 20.093819629782956 ], [ -98.311965460355722, 20.09109969129457 ], [ -98.313073740292396, 20.093389750397716 ], [ -98.317668620133134, 20.09431595091052 ], [ -98.317704260350595, 20.095821541353331 ], [ -98.319395978616001, 20.094196220793226 ], [ -98.323609349255051, 20.096165481125912 ], [ -98.326226940318293, 20.093162949901831 ], [ -98.325404649629434, 20.087714519608109 ], [ -98.328547709147543, 20.086656249625861 ], [ -98.327449549833304, 20.084062150344046 ], [ -98.330807229831493, 20.083517119765254 ], [ -98.330187799595379, 20.080480750652011 ], [ -98.332027170076358, 20.075340250385022 ], [ -98.331047259327647, 20.074098089652534 ], [ -98.342590490263021, 20.061906709656302 ], [ -98.345375430044427, 20.066397230193541 ], [ -98.349958879949583, 20.064582150794337 ], [ -98.355544059912319, 20.064676570936967 ], [ -98.358523519489793, 20.068176631181519 ], [ -98.358207019613246, 20.066423620091914 ], [ -98.364175628552232, 20.066012940352 ], [ -98.360412380194575, 20.058091850980201 ], [ -98.360616020144676, 20.053596910788119 ], [ -98.362834860404249, 20.057435399758809 ], [ -98.367093770031005, 20.058431770865695 ], [ -98.37028345907585, 20.061614740914589 ], [ -98.375592858826337, 20.061814570968313 ], [ -98.377889719692874, 20.056347801042222 ], [ -98.384351228651894, 20.062329260364706 ], [ -98.400282910073571, 20.064948770531952 ], [ -98.402228180269589, 20.063261019877434 ], [ -98.406108168708016, 20.068339182534292 ], [ -98.40581468930823, 20.069573340883142 ], [ -98.401685769498528, 20.070247889809988 ], [ -98.403909339238382, 20.080805259948097 ], [ -98.408922598559869, 20.079452180225147 ], [ -98.408461850327569, 20.069100090556123 ], [ -98.4325470002495, 20.065562780804097 ], [ -98.44524354961267, 20.062027310940525 ], [ -98.460024600360541, 20.052173751244052 ], [ -98.463479228921358, 20.055669001113191 ], [ -98.462232509379149, 20.056383021339698 ], [ -98.482070369141596, 20.057042460732614 ], [ -98.48056035016981, 20.058292431140551 ], [ -98.480803798719307, 20.064479981251822 ], [ -98.49674231877222, 20.064677481053327 ], [ -98.495263779720673, 20.067049341339157 ], [ -98.499330520080207, 20.069974550611843 ], [ -98.501920279803528, 20.081940770757303 ], [ -98.500211578868175, 20.080505320495263 ], [ -98.493177490211963, 20.080802820730167 ], [ -98.491654318555746, 20.076956400844562 ], [ -98.482748949964645, 20.071789911042675 ], [ -98.479754049571739, 20.076819171163443 ], [ -98.475075079063743, 20.074782373036744 ], [ -98.464162380174429, 20.085110250407165 ], [ -98.460299418705745, 20.086451820729831 ], [ -98.459137019448377, 20.089976540711614 ], [ -98.453975018758101, 20.093698819732506 ], [ -98.453583019839783, 20.096408540808721 ], [ -98.448616829092998, 20.100362690063232 ], [ -98.444046200398134, 20.107533000992127 ], [ -98.432452348750118, 20.115852690771742 ], [ -98.421323980775355, 20.120038200357065 ], [ -98.422429248192643, 20.122022151114837 ], [ -98.404389059203424, 20.136298280777098 ], [ -98.39748290968285, 20.130281941053315 ], [ -98.389651890425924, 20.131551739882479 ], [ -98.385195289106534, 20.126274380244293 ], [ -98.385658828571309, 20.133866371233779 ], [ -98.375931199478956, 20.141833350170646 ], [ -98.369399749984225, 20.140611219614428 ], [ -98.379278849060285, 20.162582340435812 ], [ -98.377956879783525, 20.172249370602369 ], [ -98.374524949662543, 20.176945020277305 ], [ -98.374835049703009, 20.178922399806993 ], [ -98.370920678871855, 20.179534680541678 ], [ -98.368646998985454, 20.182120430385737 ], [ -98.369945219850536, 20.187744979793948 ], [ -98.372463920119344, 20.190821751192221 ], [ -98.367656169409031, 20.197458079868778 ], [ -98.367391289437791, 20.204763121069462 ], [ -98.375191119080938, 20.205232149620503 ], [ -98.375144060014378, 20.208947881063466 ], [ -98.364451478780325, 20.209009320955058 ], [ -98.359352650342501, 20.204304710390574 ], [ -98.355619229020448, 20.203808141090821 ], [ -98.355593908649652, 20.201892030952493 ], [ -98.333742859463129, 20.188183199669634 ], [ -98.330189138965025, 20.206940830623267 ], [ -98.310942288528452, 20.193373421293199 ], [ -98.301578889929914, 20.205591079716349 ], [ -98.299039859219675, 20.20252369042948 ], [ -98.289367149916316, 20.212298489762471 ], [ -98.283370148818079, 20.205235091252874 ] ] ] ] } },
{ "type": "Feature", "properties": { "CVEGEO": "13051", "CVE_ENT": "13", "CVE_MUN": "051", "NOMGEO": "Mineral de la Reforma" }, "geometry": { "type": "MultiPolygon", "coordinates": [ [ [ [ -98.692372540418091, 20.141178860670482 ], [ -98.688534480453072, 20.134728220501984 ], [ -98.689524659415724, 20.12976012125274 ], [ -98.684872459089235, 20.126510630689531 ], [ -98.685867710318163, 20.123479431104872 ], [ -98.681557259428331, 20.125046981098443 ], [ -98.675751879051248, 20.124475620659691 ], [ -98.67078169011576, 20.121433681127993 ], [ -98.670435890003901, 20.116771891061109 ], [ -98.668595539565274, 20.113708260966781 ], [ -98.664367879366466, 20.11193649070421 ], [ -98.662499569753152, 20.10520120126484 ], [ -98.664415319902218, 20.101808060527347 ], [ -98.666342579016458, 20.102569551280435 ], [ -98.666787779399669, 20.099986380886492 ], [ -98.664083047492213, 20.073250710762508 ], [ -98.665176318850783, 20.066353033031874 ], [ -98.673605736622534, 20.0667454498419 ], [ -98.674927798872091, 20.062204511118175 ], [ -98.682286739358275, 20.062179322394616 ], [ -98.688730979319004, 20.058415631000784 ], [ -98.690013629866982, 20.055078770705578 ], [ -98.696898770000814, 20.053327520773564 ], [ -98.696850618999306, 20.050947250951793 ], [ -98.699161980075644, 20.048552420562146 ], [ -98.697459979111187, 20.030050000823209 ], [ -98.686759998820222, 20.034130020523992 ], [ -98.681675288815924, 20.026740141199628 ], [ -98.675488880268333, 20.02615868073331 ], [ -98.679699979643686, 20.012620030836992 ], [ -98.68384193888447, 20.015578461156167 ], [ -98.685550019324367, 20.018910031221623 ], [ -98.688044459418151, 20.016545031047269 ], [ -98.6892911696863, 20.018781220467194 ], [ -98.700724338579946, 20.019671740867381 ], [ -98.703796370335823, 20.021878721341828 ], [ -98.70604002862602, 20.021170031184873 ], [ -98.707113216055646, 20.023918265317359 ], [ -98.715338423860061, 20.02387897663905 ], [ -98.715562780053133, 20.020485981068017 ], [ -98.722056289262795, 20.020162451016965 ], [ -98.723081579347692, 20.022045771194087 ], [ -98.727214519944525, 20.008477121128692 ], [ -98.716403939590776, 20.006753030531435 ], [ -98.713162770066063, 19.998908451286947 ], [ -98.728417370234169, 20.00450346134657 ], [ -98.715048548876666, 19.992188320521585 ], [ -98.71840285999609, 19.992699711286203 ], [ -98.718549979442187, 19.990603450997103 ], [ -98.720221369708668, 19.993119491194303 ], [ -98.727557649994523, 19.994351800650723 ], [ -98.730826448803981, 19.980079771194504 ], [ -98.741127738999083, 19.98260235072167 ], [ -98.771620318864592, 19.985412250446327 ], [ -98.767217620385665, 19.99134548121728 ], [ -98.765732090040061, 19.999015861352927 ], [ -98.767344570160148, 20.003521650534974 ], [ -98.762454049451776, 20.010175580984981 ], [ -98.76217307911746, 20.007919910469241 ], [ -98.758076679990708, 20.014708891258433 ], [ -98.773855926012587, 20.024019140515026 ], [ -98.772310208440473, 20.032049383300585 ], [ -98.776240503891515, 20.034213701691428 ], [ -98.768096127385647, 20.051954918347008 ], [ -98.7776544879802, 20.058222839165161 ], [ -98.768837398193298, 20.069972060171587 ], [ -98.760094842924005, 20.067186855737528 ], [ -98.755444649623612, 20.075038177986482 ], [ -98.751469427168686, 20.078363177607464 ], [ -98.749616338389202, 20.089823056830571 ], [ -98.741102666361854, 20.085976135047048 ], [ -98.734324561118953, 20.095447177001716 ], [ -98.731877928768867, 20.094439408886817 ], [ -98.728845108685746, 20.101920964216539 ], [ -98.722380251722285, 20.110610370170889 ], [ -98.719482492435318, 20.104154054205285 ], [ -98.717998313274407, 20.105013775693909 ], [ -98.715421574946959, 20.11308420255023 ], [ -98.712196726579322, 20.117293558237076 ], [ -98.71373953048078, 20.120908993629282 ], [ -98.711159310684408, 20.125097559421157 ], [ -98.715805390420257, 20.124761832204886 ], [ -98.715745243468717, 20.130744806516709 ], [ -98.711403949095342, 20.130773551204758 ], [ -98.707900690084017, 20.134579460855619 ], [ -98.706735460051931, 20.132711480709084 ], [ -98.703481739782433, 20.132550740460243 ], [ -98.702497420018517, 20.134149920774082 ], [ -98.699914289499517, 20.132892830915591 ], [ -98.698666179531784, 20.135908880667742 ], [ -98.695291799553786, 20.137600340590431 ], [ -98.694930429632009, 20.140277951046926 ], [ -98.692372540418091, 20.141178860670482 ] ] ] ] } },
{ "type": "Feature", "properties": { "CVEGEO": "13082", "CVE_ENT": "13", "CVE_MUN": "082", "NOMGEO": "Zapotlán de Juárez" }, "geometry": { "type": "MultiPolygon", "coordinates": [ [ [ [ -98.903810029871721, 20.050340510176778 ], [ -98.898292860246585, 20.04850969094478 ], [ -98.895038719378206, 20.049347230652984 ], [ -98.889947599319299, 20.044211259639447 ], [ -98.884360858680765, 20.045706971153102 ], [ -98.875192780150584, 20.044919691264859 ], [ -98.872037259925193, 20.042638219568417 ], [ -98.862042920447735, 20.04162543085431 ], [ -98.857237199892197, 20.038136690634229 ], [ -98.857280738873428, 20.035098919768426 ], [ -98.855451739090981, 20.033664621022314 ], [ -98.857327968668784, 20.030008150492407 ], [ -98.85631158034461, 20.024771820250731 ], [ -98.854174979272713, 20.024019650407919 ], [ -98.855698520331686, 20.019482829930787 ], [ -98.854837580259698, 20.016535340208282 ], [ -98.851178718665878, 20.019762119858022 ], [ -98.850824818608615, 20.033792060955143 ], [ -98.844170628568975, 20.040991260217158 ], [ -98.842592779534655, 20.040190740194422 ], [ -98.837001619532742, 20.042042449722068 ], [ -98.837141392404263, 20.038008310216124 ], [ -98.832757448362685, 20.036020249829264 ], [ -98.830125879365141, 20.025462980180674 ], [ -98.827907939616182, 20.024156429782526 ], [ -98.830983169645407, 20.022759859793005 ], [ -98.830694688689988, 20.021438230689323 ], [ -98.822669999930326, 20.01804909005546 ], [ -98.818759550160451, 20.026384079940009 ], [ -98.810646220202855, 20.021760510292683 ], [ -98.789959449681461, 19.986427950159658 ], [ -98.807472719672148, 19.984420620109518 ], [ -98.796947309608854, 19.976820279586388 ], [ -98.84298295019299, 19.925724750440146 ], [ -98.871255540145256, 19.942263249583277 ], [ -98.879798780208077, 19.924277650730232 ], [ -98.886869969231483, 19.929489909534812 ], [ -98.888439650132966, 19.932659650452674 ], [ -98.881863971700696, 19.937752760503855 ], [ -98.868368367078233, 19.953555999157235 ], [ -98.870840395615829, 19.956192482452423 ], [ -98.887116592240375, 19.964088394230604 ], [ -98.896081224717634, 19.987352820259982 ], [ -98.89481310974169, 19.996987032498339 ], [ -98.907975784621129, 19.998441914100933 ], [ -98.91290012274969, 20.001000626914525 ], [ -98.911489642863714, 20.008355335637518 ], [ -98.903858829078885, 20.008350280704697 ], [ -98.903058630429797, 20.016197290899711 ], [ -98.908848259857677, 20.022019741242168 ], [ -98.919178940192367, 20.044409880848377 ], [ -98.916487710200499, 20.046857180012577 ], [ -98.909850028576059, 20.047452940980616 ], [ -98.903810029871721, 20.050340510176778 ] ] ] ] } },
{ "type": "Feature", "properties": { "CVEGEO": "13064", "CVE_ENT": "13", "CVE_MUN": "064", "NOMGEO": "Tepetitlán" }, "geometry": { "type": "MultiPolygon", "coordinates": [ [ [ [ -99.40705138018032, 20.275567569707516 ], [ -99.399064290133751, 20.270215020448251 ], [ -99.399255919717362, 20.266202819924754 ], [ -99.394642820134706, 20.26191876956727 ], [ -99.394669949721475, 20.258693110145508 ], [ -99.391838370195202, 20.257622720355172 ], [ -99.390439220018095, 20.254974059842944 ], [ -99.384478509772592, 20.254757170351869 ], [ -99.372298649946813, 20.258834660000012 ], [ -99.363164430088815, 20.256355169730018 ], [ -99.340074739746242, 20.253993109860403 ], [ -99.344678709490736, 20.250072779764167 ], [ -99.346230969734975, 20.245313181060578 ], [ -99.357963479511042, 20.236525541283701 ], [ -99.35662661971466, 20.230944780976223 ], [ -99.359673718754763, 20.217886971105699 ], [ -99.355769260227689, 20.208493510888456 ], [ -99.360625148661782, 20.202215349737013 ], [ -99.361523450400682, 20.196917350781323 ], [ -99.342097080112055, 20.186299291072761 ], [ -99.342393179565306, 20.181509281139835 ], [ -99.344494548856829, 20.182056350984755 ], [ -99.34462281869024, 20.179074450119693 ], [ -99.347182459004799, 20.181013919831077 ], [ -99.350854199481702, 20.180783140548389 ], [ -99.350806349705323, 20.178968621246721 ], [ -99.346431820313171, 20.175977229664333 ], [ -99.350590650131565, 20.170398750138311 ], [ -99.347095340254981, 20.168217620038515 ], [ -99.346052400402939, 20.160133770176671 ], [ -99.343874029313625, 20.15710743031994 ], [ -99.344902089482702, 20.148006679673436 ], [ -99.341851860163203, 20.146111849894865 ], [ -99.340143629247294, 20.137061399779377 ], [ -99.348311979286123, 20.135311829750385 ], [ -99.347798178068757, 20.133029320212099 ], [ -99.352674828053779, 20.131611230746731 ], [ -99.357046117912589, 20.130549799943093 ], [ -99.362442538397985, 20.131566480013287 ], [ -99.366345798882818, 20.12955055019868 ], [ -99.368912829110101, 20.125289250763966 ], [ -99.363915319479872, 20.109668459668963 ], [ -99.371089818233131, 20.10835602130534 ], [ -99.368709289029937, 20.106203380238057 ], [ -99.369573579152686, 20.102366420365819 ], [ -99.374382419385682, 20.103090001145624 ], [ -99.374516778974623, 20.107214140442935 ], [ -99.376099780275027, 20.108639109996286 ], [ -99.372958448551799, 20.111755080674957 ], [ -99.389146629162596, 20.127461650818194 ], [ -99.399506949094885, 20.130832600218294 ], [ -99.40082945923082, 20.133102540178726 ], [ -99.405807659483742, 20.135366381105847 ], [ -99.409213769575715, 20.135383771297096 ], [ -99.412845678936336, 20.138831319919337 ], [ -99.427641220237263, 20.139987740433906 ], [ -99.434478490372413, 20.149811951025296 ], [ -99.436515430121332, 20.155258720583511 ], [ -99.435450778718888, 20.156153351135995 ], [ -99.441203519822807, 20.158947109853258 ], [ -99.442891690219639, 20.160682969689166 ], [ -99.441555859200392, 20.162145231138418 ], [ -99.451825999812471, 20.163557830522421 ], [ -99.453375859659559, 20.162242399826262 ], [ -99.459794150174929, 20.163540681034842 ], [ -99.461905179581876, 20.162205831191354 ], [ -99.469464770140945, 20.16428177010043 ], [ -99.466732600109609, 20.177246029917193 ], [ -99.457842229819988, 20.18262607956305 ], [ -99.458284279636743, 20.188211850209807 ], [ -99.447973079537917, 20.191504449867605 ], [ -99.45070350987578, 20.198866680032864 ], [ -99.447493819905731, 20.2056539699959 ], [ -99.450053860310433, 20.214889220416129 ], [ -99.454132949996591, 20.220951320163678 ], [ -99.44714167894665, 20.226430748855069 ], [ -99.442170680006299, 20.23488899986258 ], [ -99.451394550165091, 20.248870909694581 ], [ -99.437005050412438, 20.2546588502268 ], [ -99.417314719569248, 20.268658479879036 ], [ -99.41385502954877, 20.268270170279955 ], [ -99.415201800153, 20.263461290380381 ], [ -99.411225620220932, 20.262817890146728 ], [ -99.40857422952557, 20.267599970232311 ], [ -99.409312520117467, 20.274785719813075 ], [ -99.40705138018032, 20.275567569707516 ] ] ] ] } },
{ "type": "Feature", "properties": { "CVEGEO": "13024", "CVE_ENT": "13", "CVE_MUN": "024", "NOMGEO": "Huasca de Ocampo" }, "geometry": { "type": "MultiPolygon", "coordinates": [ [ [ [ -98.534489319913931, 20.346927019659123 ], [ -98.527140720028584, 20.344991080082771 ], [ -98.525283260070353, 20.341859999864841 ], [ -98.52285225003007, 20.34261852008283 ], [ -98.517401079579628, 20.336851680179347 ], [ -98.511244940025165, 20.339327459590518 ], [ -98.505592848723495, 20.335406030940881 ], [ -98.50385211995912, 20.337827619280208 ], [ -98.500806078794142, 20.337172460565313 ], [ -98.499609078701113, 20.33873968001329 ], [ -98.498084017963976, 20.337655169780586 ], [ -98.496494399874393, 20.338691740403412 ], [ -98.494670217912159, 20.336254981675452 ], [ -98.489931139309434, 20.336917800257222 ], [ -98.486675829969911, 20.33478804906138 ], [ -98.477590689773095, 20.336437910431027 ], [ -98.471097659920432, 20.335947150324628 ], [ -98.469442430173615, 20.334352750071623 ], [ -98.469798969906762, 20.332498150149856 ], [ -98.473061599669506, 20.331143849820684 ], [ -98.47898813853871, 20.324848461222718 ], [ -98.476660600219432, 20.324680340127351 ], [ -98.475875849710562, 20.321844979571345 ], [ -98.484462629822545, 20.320794650306382 ], [ -98.492007630188596, 20.31561868011859 ], [ -98.49444374034745, 20.307899000294377 ], [ -98.497567149537403, 20.308993050098223 ], [ -98.498451679794428, 20.297082780214645 ], [ -98.490409229988728, 20.291801060147481 ], [ -98.490942110297624, 20.289767890247823 ], [ -98.4879322501545, 20.285111550349111 ], [ -98.482207539526399, 20.282090549936282 ], [ -98.482106249685771, 20.280447690352606 ], [ -98.479537459643183, 20.280132320304826 ], [ -98.486044980310368, 20.274232969568821 ], [ -98.483962629621374, 20.269834169886245 ], [ -98.488697800125166, 20.266666429645401 ], [ -98.486869379592704, 20.263082509929582 ], [ -98.484822460369827, 20.262435600403631 ], [ -98.481638340161382, 20.256348849597671 ], [ -98.479494079600101, 20.256519519843877 ], [ -98.474816450107809, 20.252052890362695 ], [ -98.471776219685609, 20.25218383034138 ], [ -98.4711544901824, 20.248177849814063 ], [ -98.466573739941808, 20.246189600275791 ], [ -98.4686012904492, 20.244090779766754 ], [ -98.464882480099121, 20.234059549935317 ], [ -98.469348749853097, 20.235807659743504 ], [ -98.468266350152859, 20.232694490065445 ], [ -98.471129060263394, 20.232982060283156 ], [ -98.471541859749678, 20.229263710131647 ], [ -98.479345060326267, 20.228947850230043 ], [ -98.478396969823706, 20.222664339602748 ], [ -98.48029202021452, 20.218827549604708 ], [ -98.478467889602996, 20.215937550015706 ], [ -98.469521800415464, 20.210374650304612 ], [ -98.464101940255816, 20.197269709827182 ], [ -98.461451600170449, 20.194343309829193 ], [ -98.48583797014399, 20.183990550441376 ], [ -98.480073489939159, 20.159024691175233 ], [ -98.480343969416552, 20.152733120645184 ], [ -98.482528060158941, 20.153640620280424 ], [ -98.484790580334305, 20.148549260079051 ], [ -98.48802500022687, 20.148375689961085 ], [ -98.488764770347686, 20.150234349708409 ], [ -98.487981279759822, 20.146683219918927 ], [ -98.492021420093266, 20.141612199974645 ], [ -98.491218380182502, 20.133537120322202 ], [ -98.493297459733043, 20.133141229877591 ], [ -98.493739000283128, 20.126695120187989 ], [ -98.498575659769685, 20.126795819603501 ], [ -98.499483349977197, 20.118966740132006 ], [ -98.502507420034036, 20.112117000055925 ], [ -98.514276180122735, 20.105577430198903 ], [ -98.517282950452753, 20.0993059801011 ], [ -98.519844520381355, 20.101526620704604 ], [ -98.519964480064644, 20.103898950874136 ], [ -98.525943850374475, 20.107747941254775 ], [ -98.530655849788673, 20.102802950732627 ], [ -98.539642030354216, 20.100528850586258 ], [ -98.542804430056734, 20.106256981317117 ], [ -98.549175449845663, 20.103438251047024 ], [ -98.552476169750406, 20.104100291196019 ], [ -98.554750939666008, 20.102239261301616 ], [ -98.561436630309132, 20.110194321320709 ], [ -98.566502460147731, 20.111811460758808 ], [ -98.566911940049593, 20.117416480620335 ], [ -98.573582370332758, 20.121585339980431 ], [ -98.566092490106215, 20.130408550444585 ], [ -98.564464889898744, 20.143573220169802 ], [ -98.561497680353497, 20.146508750432709 ], [ -98.561924018065966, 20.158090769958843 ], [ -98.558509750181159, 20.160793820324987 ], [ -98.559994680462609, 20.168705060416734 ], [ -98.55882050983486, 20.175917769815726 ], [ -98.560574829788578, 20.176798080436328 ], [ -98.561143619541454, 20.179597820116886 ], [ -98.566450379770174, 20.171940620363735 ], [ -98.570310819816726, 20.172164480322419 ], [ -98.576220830318206, 20.16728631968526 ], [ -98.583378279789684, 20.17057374966139 ], [ -98.586362740007971, 20.16601425966325 ], [ -98.594165230052511, 20.169033419908292 ], [ -98.593873400266716, 20.171646879630867 ], [ -98.596403769600983, 20.175842370187823 ], [ -98.598692149953351, 20.173219919872331 ], [ -98.602978940318081, 20.174416400297442 ], [ -98.60342356965279, 20.180429460245591 ], [ -98.607086649670293, 20.175998250425543 ], [ -98.60962206048336, 20.177961399718058 ], [ -98.613650660105023, 20.176862600179842 ], [ -98.613571750192449, 20.180084889941529 ], [ -98.610675820069176, 20.184052179668853 ], [ -98.608718939854214, 20.196314290283013 ], [ -98.606780370313032, 20.198433379829353 ], [ -98.612489920049796, 20.199863659655449 ], [ -98.615866879590953, 20.198248090166672 ], [ -98.617268049602202, 20.195657480308668 ], [ -98.621944220262378, 20.19851822980155 ], [ -98.623880450468292, 20.197061750343696 ], [ -98.62448074014813, 20.193010619682518 ], [ -98.629179540125918, 20.189877549619442 ], [ -98.62961137037064, 20.199439150390287 ], [ -98.631394090156903, 20.202054180334081 ], [ -98.629022739846818, 20.207175690020133 ], [ -98.63262781993997, 20.226641910206194 ], [ -98.628901799652184, 20.229270969719682 ], [ -98.632065000421491, 20.230643079671911 ], [ -98.626253320139142, 20.240084510142619 ], [ -98.628437819773083, 20.241887380758339 ], [ -98.627891180358844, 20.247904400435843 ], [ -98.637411780477422, 20.258123229606916 ], [ -98.632003580140577, 20.275035229880274 ], [ -98.627861688693287, 20.276389091150723 ], [ -98.61589651983472, 20.27284708957443 ], [ -98.614642620268739, 20.274244450319554 ], [ -98.612268419610402, 20.273236479855896 ], [ -98.602607080125779, 20.29194280007761 ], [ -98.601774709555912, 20.29910151024265 ], [ -98.593899449716076, 20.30280902966858 ], [ -98.591816799732001, 20.305648109640195 ], [ -98.589993310024624, 20.306529919923094 ], [ -98.5788244900275, 20.304210909869266 ], [ -98.567724150307356, 20.300363290311694 ], [ -98.562393649957002, 20.301621279557772 ], [ -98.564174570207555, 20.305153940410275 ], [ -98.561560739974254, 20.308059920219367 ], [ -98.563026180285178, 20.314502120340727 ], [ -98.556488740292949, 20.315880879856081 ], [ -98.55554664984399, 20.31849194976542 ], [ -98.557153950108827, 20.328282260354499 ], [ -98.554534380375799, 20.330043890051321 ], [ -98.534855799570806, 20.33433667973793 ], [ -98.531843059773124, 20.33865066036903 ], [ -98.538358679809448, 20.34189168000627 ], [ -98.534489319913931, 20.346927019659123 ] ] ] ] } },
{ "type": "Feature", "properties": { "CVEGEO": "13041", "CVE_ENT": "13", "CVE_MUN": "041", "NOMGEO": "Mixquiahuala de Juárez" }, "geometry": { "type": "MultiPolygon", "coordinates": [ [ [ [ -99.125977861707582, 20.316188437180401 ], [ -99.118765379800877, 20.309553430455114 ], [ -99.117807508575993, 20.301079509811778 ], [ -99.115049479324256, 20.293974909904474 ], [ -99.11190911976928, 20.291281401162916 ], [ -99.111049029779849, 20.283402830538044 ], [ -99.125146310284066, 20.277461321229946 ], [ -99.130935310252127, 20.268713510621858 ], [ -99.126177179625515, 20.262427540662497 ], [ -99.126269860415093, 20.247985481057302 ], [ -99.123664629517705, 20.247744371260072 ], [ -99.121491049990283, 20.238403661235424 ], [ -99.137200849914038, 20.229651340627004 ], [ -99.137096139533057, 20.227785890686217 ], [ -99.13183914983037, 20.21731749056725 ], [ -99.113389920378566, 20.206465480621596 ], [ -99.112373939580692, 20.199601060983913 ], [ -99.116800570362031, 20.197675861136851 ], [ -99.129524850064044, 20.196858251043356 ], [ -99.132622259845974, 20.198218910551315 ], [ -99.138082480281426, 20.197013661330907 ], [ -99.166826539227941, 20.157126020963325 ], [ -99.175356110363168, 20.151087200216008 ], [ -99.179819370266017, 20.150800750118947 ], [ -99.185396419674575, 20.155196800150108 ], [ -99.190042680329597, 20.154245800350665 ], [ -99.208631479927675, 20.160469450397873 ], [ -99.212499220045402, 20.160047770531413 ], [ -99.229777859764837, 20.167615510673059 ], [ -99.224160919263454, 20.189543939888754 ], [ -99.223887548609227, 20.196988920771272 ], [ -99.248599889529274, 20.202365151264811 ], [ -99.245829178585879, 20.214539649582299 ], [ -99.251983279085778, 20.219062200071892 ], [ -99.24648773929357, 20.222035950005111 ], [ -99.242723678961781, 20.226257551686977 ], [ -99.240030689404975, 20.2357102907065 ], [ -99.247412799245723, 20.233590091056318 ], [ -99.253266739408957, 20.234349249892613 ], [ -99.257266460140528, 20.227127599772142 ], [ -99.275177690039044, 20.229613859550621 ], [ -99.279635258782861, 20.236523120098873 ], [ -99.281925418952724, 20.235153421063675 ], [ -99.28204511886716, 20.23655125068175 ], [ -99.288047178577912, 20.236362510267831 ], [ -99.289496420144232, 20.237588319893092 ], [ -99.299874250126663, 20.235596980128406 ], [ -99.303512369520433, 20.236733570414891 ], [ -99.304116290012772, 20.239500680367051 ], [ -99.30802882910821, 20.240237970454995 ], [ -99.301834250194361, 20.248922120262275 ], [ -99.296876719548706, 20.248307720383689 ], [ -99.291185110476036, 20.244804679775552 ], [ -99.284039319796761, 20.250774539599206 ], [ -99.281328249757507, 20.249203679826064 ], [ -99.277897420363104, 20.243757979667173 ], [ -99.257340910048072, 20.243214119700056 ], [ -99.250050800116369, 20.244852909956006 ], [ -99.244900660063664, 20.2430262799848 ], [ -99.244361520417726, 20.245883460217211 ], [ -99.234466999014785, 20.239770999710888 ], [ -99.214287349277782, 20.239034430851859 ], [ -99.206356309554124, 20.242978769708603 ], [ -99.203541139067539, 20.251026739541985 ], [ -99.201219151402512, 20.252399879690461 ], [ -99.201832339606398, 20.247925689769595 ], [ -99.19498639975788, 20.240541949894407 ], [ -99.198583740753747, 20.236225980537366 ], [ -99.19759716916262, 20.230702889962021 ], [ -99.183927452012782, 20.231773980819987 ], [ -99.180665382296908, 20.234783370492586 ], [ -99.178831511363256, 20.245251819601936 ], [ -99.162169800291622, 20.246612880019342 ], [ -99.162570180429654, 20.253091979906863 ], [ -99.160564620368348, 20.252955689733227 ], [ -99.160554679532581, 20.261224770403167 ], [ -99.165804420381193, 20.261803910096653 ], [ -99.166907680040552, 20.276438740436546 ], [ -99.170535830087672, 20.286075349892105 ], [ -99.170604219636957, 20.288980079729257 ], [ -99.167822549624347, 20.293161749871828 ], [ -99.151804749659107, 20.298930380080073 ], [ -99.133233149826722, 20.315037999614841 ], [ -99.125977861707582, 20.316188437180401 ] ] ] ] } },
{ "type": "Feature", "properties": { "CVEGEO": "13060", "CVE_ENT": "13", "CVE_MUN": "060", "NOMGEO": "Tenango de Doria" }, "geometry": { "type": "MultiPolygon", "coordinates": [ [ [ [ -98.112733600299777, 20.409256630239007 ], [ -98.107075779695663, 20.406596049712917 ], [ -98.106879309915428, 20.404770119854916 ], [ -98.107990939980738, 20.403511379549911 ], [ -98.111907520020239, 20.404374520401742 ], [ -98.11583248992018, 20.401825459560797 ], [ -98.11487098008422, 20.397444279801949 ], [ -98.110400449600291, 20.397198549668534 ], [ -98.107400650466516, 20.393406740384428 ], [ -98.106633000313195, 20.394689479909733 ], [ -98.104199850268685, 20.394025940246362 ], [ -98.102168120115437, 20.390911140073673 ], [ -98.102779890128971, 20.389509399895264 ], [ -98.096944940377099, 20.388674049738686 ], [ -98.093890489926295, 20.386634750283577 ], [ -98.101937449619768, 20.380283570169404 ], [ -98.101978229817831, 20.375130090889634 ], [ -98.108388540158941, 20.373958290660486 ], [ -98.106740310045907, 20.368123370999136 ], [ -98.115609910214701, 20.363203400898946 ], [ -98.113331310016719, 20.360898619694591 ], [ -98.112503780032114, 20.354295719711828 ], [ -98.115574119757426, 20.353803659743484 ], [ -98.117405420297416, 20.350145659956393 ], [ -98.123999889884203, 20.348502829843589 ], [ -98.126184000473785, 20.346296349784769 ], [ -98.127194680108602, 20.344392889558804 ], [ -98.124238400295582, 20.341480769918512 ], [ -98.126835510398564, 20.336231020275015 ], [ -98.131528630011047, 20.336528349626501 ], [ -98.139158680011676, 20.332704349810573 ], [ -98.145014659893221, 20.334783030033158 ], [ -98.142647940297593, 20.331969800438355 ], [ -98.14661022038878, 20.330255569586633 ], [ -98.157613430130752, 20.332451769743777 ], [ -98.163253550154607, 20.327848600370867 ], [ -98.171923060403415, 20.333430879751372 ], [ -98.181763260180787, 20.33628200038109 ], [ -98.179236089826503, 20.332355060350125 ], [ -98.17966565961602, 20.326847399660906 ], [ -98.177871579706562, 20.320463909683255 ], [ -98.179536999559701, 20.312785779665244 ], [ -98.177923029596997, 20.309413449584607 ], [ -98.18042005046587, 20.303449289590279 ], [ -98.178130889833014, 20.297264369743569 ], [ -98.179077569553954, 20.293808369545847 ], [ -98.189944180202957, 20.294410830428504 ], [ -98.191448059278116, 20.291355122207264 ], [ -98.194483340400069, 20.290837371057364 ], [ -98.2004475389638, 20.292100450625007 ], [ -98.206499889008271, 20.296238831527333 ], [ -98.215948229758339, 20.291456581934785 ], [ -98.224767579889587, 20.295113030451084 ], [ -98.230507600233537, 20.295284551050099 ], [ -98.23267153881865, 20.300629252033723 ], [ -98.236476479304756, 20.304347482235666 ], [ -98.242220740367628, 20.304119352215356 ], [ -98.246586658848017, 20.301210081299207 ], [ -98.254029648806664, 20.301341881728508 ], [ -98.257571119257875, 20.298130510672433 ], [ -98.256198170035688, 20.286293651893423 ], [ -98.260431889544137, 20.285524941045828 ], [ -98.266037119950497, 20.273611091201417 ], [ -98.274825320068629, 20.268806231354187 ], [ -98.275453139781277, 20.266129222232056 ], [ -98.280566508762547, 20.266166629733647 ], [ -98.284443540431809, 20.262788850343053 ], [ -98.284943880031037, 20.266955950162554 ], [ -98.289142949525356, 20.269673430368606 ], [ -98.289075939954557, 20.278179619674241 ], [ -98.294579479816534, 20.289043879622977 ], [ -98.293349570177909, 20.291754199896246 ], [ -98.300139599931072, 20.299306940084513 ], [ -98.302920580382107, 20.299438859633245 ], [ -98.304516050103146, 20.301836780074744 ], [ -98.310388169835264, 20.301985449594202 ], [ -98.311033419666444, 20.30353926012538 ], [ -98.315266420360217, 20.304858349590415 ], [ -98.319624460427448, 20.311292750425999 ], [ -98.316687600014021, 20.312305999549256 ], [ -98.316223370357235, 20.315908769966345 ], [ -98.311755710385668, 20.319267689565216 ], [ -98.310943180055631, 20.32263674059768 ], [ -98.292046679534266, 20.330761620987655 ], [ -98.290303119718615, 20.334724220679959 ], [ -98.292846220260785, 20.349323661169272 ], [ -98.290371750210625, 20.353186430604673 ], [ -98.290405619809235, 20.350566230648184 ], [ -98.286487019678177, 20.344551250775819 ], [ -98.280251919813011, 20.353400580640503 ], [ -98.278536030348718, 20.358859940637391 ], [ -98.280572540036616, 20.36948343107769 ], [ -98.276379999689411, 20.37519468134111 ], [ -98.272391620386955, 20.368228771248209 ], [ -98.270538539698194, 20.367904600500836 ], [ -98.263426819945153, 20.372622250457795 ], [ -98.256684679905618, 20.381661400754496 ], [ -98.245475620313755, 20.380637571122644 ], [ -98.245122309860434, 20.378916920680673 ], [ -98.242660060263717, 20.378162861081613 ], [ -98.237468740099132, 20.38147654085633 ], [ -98.236617490284772, 20.38369495063019 ], [ -98.232024679843761, 20.385641951104841 ], [ -98.223668739733824, 20.383947681048191 ], [ -98.220578149720993, 20.382077950921975 ], [ -98.219302719586238, 20.379183291068898 ], [ -98.214521720189524, 20.384071911087176 ], [ -98.210722119819053, 20.381796170476221 ], [ -98.207861769724829, 20.382211051330266 ], [ -98.205236940428364, 20.386408081079765 ], [ -98.198688429722381, 20.387290911099715 ], [ -98.191620489901084, 20.393053780683562 ], [ -98.188385650460759, 20.400908460475911 ], [ -98.183309849802214, 20.403036491152388 ], [ -98.182516780151389, 20.40819868104785 ], [ -98.179579860268959, 20.407468000715202 ], [ -98.175312200124409, 20.410414350189264 ], [ -98.173862170071146, 20.402404820375878 ], [ -98.170978290225236, 20.398377149732934 ], [ -98.16168990988163, 20.392561420088402 ], [ -98.159165719687891, 20.387743139649594 ], [ -98.14391765965695, 20.391422109550454 ], [ -98.140439850452793, 20.398371319585042 ], [ -98.137584999897612, 20.398096720175722 ], [ -98.137595880455294, 20.400032419703766 ], [ -98.126597020115355, 20.398495860016094 ], [ -98.124547150092042, 20.401432059613594 ], [ -98.124348519944746, 20.406018819981366 ], [ -98.112733600299777, 20.409256630239007 ] ] ] ] } },
{ "type": "Feature", "properties": { "CVEGEO": "13059", "CVE_ENT": "13", "CVE_MUN": "059", "NOMGEO": "Tecozautla" }, "geometry": { "type": "MultiPolygon", "coordinates": [ [ [ [ -99.503033489561417, 20.659003820233814 ], [ -99.495067679178405, 20.655932970271618 ], [ -99.496490149018612, 20.653825650081082 ], [ -99.495581198617117, 20.65193241966837 ], [ -99.490200318785128, 20.651114229874068 ], [ -99.492623309168081, 20.64820306016771 ], [ -99.492978109409847, 20.643073619547703 ], [ -99.487461819384151, 20.643210679803456 ], [ -99.482185108583352, 20.640131580058146 ], [ -99.479992278719124, 20.635405579943221 ], [ -99.468307798601188, 20.629295629804069 ], [ -99.462245378847129, 20.627291629645459 ], [ -99.45957710899583, 20.628889029792724 ], [ -99.457817418665755, 20.626335029544236 ], [ -99.450986689327664, 20.626457459717095 ], [ -99.449232918597161, 20.624497339982508 ], [ -99.45346736949908, 20.606748230894613 ], [ -99.470623229062042, 20.605407550634553 ], [ -99.471466568680057, 20.600777550776666 ], [ -99.470303858838335, 20.598388181108515 ], [ -99.47426679909853, 20.595736601073501 ], [ -99.471086939429014, 20.589789740588632 ], [ -99.474272708862131, 20.586000570574519 ], [ -99.472778648830626, 20.582440061313324 ], [ -99.465613018872986, 20.580739820895424 ], [ -99.464642889461743, 20.577898280668801 ], [ -99.475846978609681, 20.576514721186332 ], [ -99.482387289394026, 20.573345031320819 ], [ -99.484675888945205, 20.569360080533254 ], [ -99.487453049295709, 20.569325831322317 ], [ -99.48842502919085, 20.564682621330995 ], [ -99.488790219067582, 20.560936601104068 ], [ -99.48605279896465, 20.556453630616701 ], [ -99.486156619274212, 20.552031221148329 ], [ -99.481830918604317, 20.547556800574078 ], [ -99.481144138789148, 20.543499030822904 ], [ -99.477212908885562, 20.541704000488675 ], [ -99.474769138812945, 20.53792148129941 ], [ -99.475230629076805, 20.532208601051405 ], [ -99.47288554931805, 20.527344950922792 ], [ -99.47673247902307, 20.526545910765815 ], [ -99.481080078879543, 20.523095981019782 ], [ -99.480376718654227, 20.519209571070025 ], [ -99.484273258754911, 20.51616380085742 ], [ -99.481372969245143, 20.510704450905312 ], [ -99.483490779313541, 20.503425981090814 ], [ -99.485794649298441, 20.502191780613412 ], [ -99.48394665886957, 20.499953830894839 ], [ -99.476389739486848, 20.498787881066438 ], [ -99.475977858614272, 20.496255661287837 ], [ -99.470419019250244, 20.497187080505959 ], [ -99.468469548634985, 20.494924859543485 ], [ -99.470206398866466, 20.493225979951472 ], [ -99.469577719249529, 20.489113950431779 ], [ -99.479159149260965, 20.487803659633229 ], [ -99.493416518729148, 20.480253380137199 ], [ -99.503015769395986, 20.478267000395341 ], [ -99.510013599914032, 20.47418862043348 ], [ -99.521871970306506, 20.471913450287857 ], [ -99.526782479759817, 20.463637180015368 ], [ -99.52876276962705, 20.462684860214498 ], [ -99.528202850444373, 20.461226970284482 ], [ -99.534414889924648, 20.461028180235385 ], [ -99.534321679574745, 20.457303849881651 ], [ -99.53606459987337, 20.457508309605643 ], [ -99.537408709309958, 20.46539006122973 ], [ -99.543449430151639, 20.471388280333898 ], [ -99.545816910262886, 20.47126165971358 ], [ -99.549289938914114, 20.476576399620019 ], [ -99.547685649454621, 20.477532661322332 ], [ -99.548991350235923, 20.478368909907516 ], [ -99.546250750420526, 20.479241020372424 ], [ -99.543064890243841, 20.487665970188491 ], [ -99.542197859955394, 20.493904079929823 ], [ -99.543944079974793, 20.495183910397525 ], [ -99.535140460092393, 20.503860089580289 ], [ -99.535852680445103, 20.508714619861223 ], [ -99.539990020428718, 20.509590649848015 ], [ -99.540462629537473, 20.512406309590325 ], [ -99.555328309877481, 20.508419520420826 ], [ -99.561622090474856, 20.503876720060852 ], [ -99.568632860286357, 20.503803859911823 ], [ -99.575368370311764, 20.500589079928968 ], [ -99.587500520118468, 20.509800349697677 ], [ -99.589244370134367, 20.506254619775945 ], [ -99.594441079993729, 20.503525230415512 ], [ -99.594271940145916, 20.495490520447998 ], [ -99.596813080441422, 20.490584259579236 ], [ -99.610746850382156, 20.486232399725683 ], [ -99.608218230154506, 20.485282219634563 ], [ -99.608731829695145, 20.483961060077323 ], [ -99.607208200184218, 20.484117599947552 ], [ -99.606051740015843, 20.481471310325425 ], [ -99.60374180005013, 20.481751580138869 ], [ -99.605563220110454, 20.476587509932532 ], [ -99.612257320385439, 20.478771200223079 ], [ -99.61723154002145, 20.47823478040727 ], [ -99.616281110327705, 20.475825180169224 ], [ -99.618586940461114, 20.474136779868608 ], [ -99.613622799715898, 20.469271369987887 ], [ -99.619089000440511, 20.46818759965134 ], [ -99.620044820132819, 20.465715489911869 ], [ -99.620889599713166, 20.457704230395731 ], [ -99.618735050276456, 20.45362671980627 ], [ -99.623028769580586, 20.452862380349909 ], [ -99.624696770217213, 20.454233510072456 ], [ -99.62653835011082, 20.450280450188135 ], [ -99.628842629837948, 20.450309109789625 ], [ -99.636618220151121, 20.454111770048705 ], [ -99.63856125986274, 20.458472019613094 ], [ -99.637334950413177, 20.461329879768112 ], [ -99.64500451975195, 20.471078650323086 ], [ -99.648641539607112, 20.464984600191542 ], [ -99.652033629755309, 20.462923969580441 ], [ -99.651938220270722, 20.461077829835201 ], [ -99.656953379999237, 20.459848709910542 ], [ -99.660743740281731, 20.471043580315428 ], [ -99.663329510187125, 20.472624859910535 ], [ -99.662296020050377, 20.475764309966987 ], [ -99.664390679657529, 20.479883049903471 ], [ -99.667343650036756, 20.478668339671387 ], [ -99.680518059717073, 20.481779969614006 ], [ -99.688037689522574, 20.477468710301981 ], [ -99.686879250414947, 20.474211059948242 ], [ -99.697183769966614, 20.470281030252583 ], [ -99.701109380239743, 20.469705250356451 ], [ -99.704813319685925, 20.471147520365065 ], [ -99.729208479780084, 20.460286799605623 ], [ -99.732160079584219, 20.462139660196026 ], [ -99.735045570054538, 20.461056539560936 ], [ -99.737552950079788, 20.463160550272164 ], [ -99.738306770328677, 20.46054698026288 ], [ -99.732679449823806, 20.460283919564265 ], [ -99.733307480272899, 20.455580710225387 ], [ -99.731067860135042, 20.452389370402628 ], [ -99.734512750310046, 20.452471340350151 ], [ -99.735293980271223, 20.451042019894619 ], [ -99.731985769957276, 20.446395219754756 ], [ -99.73848262956173, 20.446042090428836 ], [ -99.737792150225118, 20.443980090104318 ], [ -99.742384909783112, 20.444149260380005 ], [ -99.742566980237029, 20.436449690090981 ], [ -99.74499741992274, 20.431133059826905 ], [ -99.752116219575427, 20.4264261996857 ], [ -99.754857380255999, 20.422635200393312 ], [ -99.761247120349537, 20.420234280095148 ], [ -99.766028229769134, 20.424293019901004 ], [ -99.765620379994147, 20.427889709599508 ], [ -99.769025980275714, 20.429680290341885 ], [ -99.777111540025771, 20.441390399986449 ], [ -99.776666970301449, 20.443566120192852 ], [ -99.772279340431794, 20.444500169634189 ], [ -99.776598519536705, 20.455721940242945 ], [ -99.782569969823939, 20.456940679995331 ], [ -99.786112769556027, 20.460465200360556 ], [ -99.785765309719409, 20.462082720375026 ], [ -99.789899280271769, 20.46222696989464 ], [ -99.797189200439377, 20.458094369877607 ], [ -99.803461750155193, 20.460093050312661 ], [ -99.81128008974531, 20.473811029853564 ], [ -99.820140779602497, 20.47544022037405 ], [ -99.823916199589561, 20.478014779915213 ], [ -99.829363429664468, 20.477826140051903 ], [ -99.835079850303316, 20.481035720417662 ], [ -99.828071179116463, 20.543007651270464 ], [ -99.82128051873579, 20.540611659731631 ], [ -99.804625079288428, 20.544758380678161 ], [ -99.794931049020292, 20.551103059671952 ], [ -99.785303660026543, 20.553414721069245 ], [ -99.779328819631161, 20.559304909962687 ], [ -99.777537139942268, 20.558501979674109 ], [ -99.773850019407206, 20.560016260553262 ], [ -99.769660370435574, 20.557545490496654 ], [ -99.768419000075511, 20.55981486020524 ], [ -99.75626537922534, 20.56136199961567 ], [ -99.753425450123046, 20.563035250087804 ], [ -99.745903339933747, 20.559274581231513 ], [ -99.738683260297179, 20.560520800547714 ], [ -99.733490049915176, 20.567672000031052 ], [ -99.731378400183132, 20.567940349737292 ], [ -99.728243370393102, 20.57510633991631 ], [ -99.71445324997687, 20.576909779962154 ], [ -99.712588940079073, 20.578072939727036 ], [ -99.711952079956674, 20.5812666199195 ], [ -99.709038829876121, 20.580835949927369 ], [ -99.705053060161617, 20.576710020032476 ], [ -99.696412950344637, 20.574445019868232 ], [ -99.694228350004494, 20.576416880327628 ], [ -99.696069619786897, 20.578761080388123 ], [ -99.694937060009707, 20.581020910120685 ], [ -99.690503109668413, 20.581384000031978 ], [ -99.684400400041525, 20.57914989040226 ], [ -99.682487179598553, 20.583715249939505 ], [ -99.678740780276286, 20.585326749746812 ], [ -99.680252849533247, 20.588866310015298 ], [ -99.674135970446812, 20.588574319765357 ], [ -99.669352770315555, 20.590824550114878 ], [ -99.668623400267094, 20.593594430284174 ], [ -99.663309720076072, 20.594081520296996 ], [ -99.657870370406926, 20.601799290030819 ], [ -99.64773793958642, 20.60146450963558 ], [ -99.642454550399279, 20.604340400242524 ], [ -99.634583749544106, 20.605654150135202 ], [ -99.631622830040655, 20.603086879932992 ], [ -99.624216460443776, 20.600622620198973 ], [ -99.622546659825389, 20.597652339872685 ], [ -99.624174509844437, 20.593972110242582 ], [ -99.619511279933874, 20.59140695024066 ], [ -99.616437910030314, 20.594424979917314 ], [ -99.612914480266539, 20.594965110320526 ], [ -99.612485740096034, 20.599325660419758 ], [ -99.609444769960973, 20.600358579846883 ], [ -99.607414259887605, 20.606400020075782 ], [ -99.59843990995175, 20.607708230299394 ], [ -99.59274205957044, 20.610832290283316 ], [ -99.593791720069518, 20.616045430220584 ], [ -99.589708110111985, 20.620400140168783 ], [ -99.587674859780975, 20.62082869012572 ], [ -99.581674280252685, 20.617861880159541 ], [ -99.578949449565229, 20.618832249643837 ], [ -99.578648549917546, 20.628495429607511 ], [ -99.57530445955679, 20.630675660085515 ], [ -99.573462309553605, 20.635013179982728 ], [ -99.568188230094123, 20.63614868961475 ], [ -99.565344400007376, 20.640394149721836 ], [ -99.55688216960904, 20.643586820444781 ], [ -99.538812719922731, 20.643669679707649 ], [ -99.53595711009676, 20.650606460266275 ], [ -99.527041289657419, 20.656626449584234 ], [ -99.518769549631102, 20.658456919827163 ], [ -99.503033489561417, 20.659003820233814 ] ] ] ] } },
{ "type": "Feature", "properties": { "CVEGEO": "13032", "CVE_ENT": "13", "CVE_MUN": "032", "NOMGEO": "Jaltocán" }, "geometry": { "type": "MultiPolygon", "coordinates": [ [ [ [ -98.525035829880323, 21.197600909618661 ], [ -98.51777124966371, 21.190374150194675 ], [ -98.518808649516671, 21.18674951005957 ], [ -98.514674920401035, 21.17663936979832 ], [ -98.516762740265278, 21.174476429927925 ], [ -98.519583740101069, 21.175078540293239 ], [ -98.520169520204433, 21.172308579733475 ], [ -98.511120950015311, 21.171343660035735 ], [ -98.506806079887369, 21.169757919730444 ], [ -98.506270569770024, 21.167898830253211 ], [ -98.502947030245309, 21.168033049864118 ], [ -98.501974509738446, 21.164999739742182 ], [ -98.498896310273125, 21.163690279786085 ], [ -98.496591879984123, 21.164493690110511 ], [ -98.495942770230755, 21.16061648038907 ], [ -98.49220025989473, 21.158051229712459 ], [ -98.494150050382316, 21.155737289961984 ], [ -98.492909770323834, 21.154104820078629 ], [ -98.493460180310436, 21.146398720439258 ], [ -98.491431659848715, 21.145236460115107 ], [ -98.491737780028643, 21.143909739617822 ], [ -98.498599089867781, 21.138473149857212 ], [ -98.500916280114268, 21.132256349902161 ], [ -98.506615709865358, 21.124486369846689 ], [ -98.510260519630407, 21.125757619553195 ], [ -98.508639949764884, 21.13092294043053 ], [ -98.516961490415454, 21.124601800013505 ], [ -98.521363749644223, 21.125396889777573 ], [ -98.524480709660679, 21.115065919787963 ], [ -98.526025750139482, 21.113928450103749 ], [ -98.527814219637634, 21.115050400220067 ], [ -98.534617029975195, 21.110414179813183 ], [ -98.538365829891575, 21.115457000231782 ], [ -98.53949537977185, 21.110854909768442 ], [ -98.548692689651801, 21.109317060291623 ], [ -98.553645059605472, 21.110186979687033 ], [ -98.553147820421259, 21.113645910286237 ], [ -98.555332749857101, 21.114370860046499 ], [ -98.551404880398437, 21.121781320460332 ], [ -98.555306369528381, 21.121103919710116 ], [ -98.549787400105885, 21.131966769556545 ], [ -98.554477490039631, 21.140918629982732 ], [ -98.5563798598765, 21.150183850419616 ], [ -98.561425249681761, 21.154488120095014 ], [ -98.561076259537018, 21.156396579719619 ], [ -98.555952229844706, 21.157484279973769 ], [ -98.555060149938527, 21.159496170078725 ], [ -98.548554060375736, 21.163019620325816 ], [ -98.548195059634068, 21.165551119928363 ], [ -98.551553399645996, 21.169530910283051 ], [ -98.541187029537923, 21.176583200248114 ], [ -98.539160510257062, 21.183250029570907 ], [ -98.529371309828989, 21.182289739914118 ], [ -98.527721690047571, 21.183158599674901 ], [ -98.527396320417012, 21.185872549729901 ], [ -98.52334556972778, 21.18325851014615 ], [ -98.522668169706932, 21.188072320126057 ], [ -98.528922980416937, 21.195450550280921 ], [ -98.525035829880323, 21.197600909618661 ] ] ] ] } },
{ "type": "Feature", "properties": { "CVEGEO": "13058", "CVE_ENT": "13", "CVE_MUN": "058", "NOMGEO": "Tasquillo" }, "geometry": { "type": "MultiPolygon", "coordinates": [ [ [ [ -99.283130859031928, 20.609268230864068 ], [ -99.274425938787132, 20.598780680888037 ], [ -99.274626088569519, 20.59017942046636 ], [ -99.272502279278299, 20.584590710385633 ], [ -99.273982749263396, 20.579214620567555 ], [ -99.269169828663948, 20.572722220802845 ], [ -99.270414489449394, 20.567783171068296 ], [ -99.274417418972519, 20.564638891187816 ], [ -99.277199048646935, 20.556385350670787 ], [ -99.282223089011538, 20.554339830539043 ], [ -99.28519070900775, 20.550400521063512 ], [ -99.282277089399599, 20.548048080481447 ], [ -99.281806219049443, 20.540646631049636 ], [ -99.277028278703185, 20.541063181195128 ], [ -99.272893059020646, 20.53875743131103 ], [ -99.266173459431798, 20.54001163122388 ], [ -99.263815769383712, 20.531835631048203 ], [ -99.247915218949387, 20.526934151236507 ], [ -99.249124748805116, 20.523441581278259 ], [ -99.248078339136484, 20.518054920508185 ], [ -99.251662059349272, 20.519075321008977 ], [ -99.257161859475914, 20.516014370733075 ], [ -99.260016919132141, 20.517831970617376 ], [ -99.264164519295207, 20.51709617130545 ], [ -99.268587058904458, 20.514637111168227 ], [ -99.272222278736237, 20.509156891298954 ], [ -99.281059478863313, 20.511951741021299 ], [ -99.284578979180296, 20.509313481003609 ], [ -99.286694979452378, 20.498926400682613 ], [ -99.28201150889646, 20.492529420717016 ], [ -99.280971139278009, 20.493138980812507 ], [ -99.281174679352802, 20.490089740816391 ], [ -99.279116998901287, 20.490071220928101 ], [ -99.279248999027331, 20.485806600567891 ], [ -99.295323118662964, 20.480791370521054 ], [ -99.295370379261698, 20.473036370873302 ], [ -99.29830514883281, 20.473514511166261 ], [ -99.299909878818625, 20.472186000894155 ], [ -99.299935509228277, 20.464678280899566 ], [ -99.316716949249042, 20.452215880543218 ], [ -99.324551508711735, 20.466761450725162 ], [ -99.324470199381778, 20.492579511282294 ], [ -99.353577948696085, 20.497423951175911 ], [ -99.36631970886188, 20.494465420706177 ], [ -99.365866748920809, 20.505208740652112 ], [ -99.373107579047115, 20.503344851222913 ], [ -99.377867619268869, 20.506083171301359 ], [ -99.38279902881267, 20.506657831126482 ], [ -99.38386341928252, 20.513439061011983 ], [ -99.385157739020627, 20.513283180943777 ], [ -99.384247089035696, 20.512270030445734 ], [ -99.388723019187253, 20.50576046060657 ], [ -99.392514379216735, 20.503496140816374 ], [ -99.402235858998651, 20.504106751125608 ], [ -99.404461629170086, 20.502620581318222 ], [ -99.413018948544348, 20.505691320689486 ], [ -99.415510798793193, 20.504444510650053 ], [ -99.426742059275981, 20.505273721048042 ], [ -99.430045969036343, 20.501112580887035 ], [ -99.435238618979682, 20.503773351275477 ], [ -99.441293858748494, 20.5017556613384 ], [ -99.449198548547599, 20.494786091176888 ], [ -99.447320349478929, 20.488965750452344 ], [ -99.448604259499589, 20.486571280847595 ], [ -99.45250102919033, 20.48860788129792 ], [ -99.457750948632281, 20.487562511190745 ], [ -99.46111048894106, 20.491726890464779 ], [ -99.470419019250244, 20.497187080505959 ], [ -99.475977858614272, 20.496255661287837 ], [ -99.476389739486848, 20.498787881066438 ], [ -99.48394665886957, 20.499953830894839 ], [ -99.485450779004537, 20.501443520955256 ], [ -99.481372969245143, 20.510704450905312 ], [ -99.484273258754911, 20.51616380085742 ], [ -99.480376718654227, 20.519209571070025 ], [ -99.481080078879543, 20.523095981019782 ], [ -99.47673247902307, 20.526545910765815 ], [ -99.47288554931805, 20.527344950922792 ], [ -99.475230629076805, 20.532208601051405 ], [ -99.474769138812945, 20.53792148129941 ], [ -99.477212908885562, 20.541704000488675 ], [ -99.481144138789148, 20.543499030822904 ], [ -99.481830918604317, 20.547556800574078 ], [ -99.486156619274212, 20.552031221148329 ], [ -99.48605279896465, 20.556453630616701 ], [ -99.488790219067582, 20.560936601104068 ], [ -99.48842502919085, 20.564682621330995 ], [ -99.487453049295709, 20.569325831322317 ], [ -99.484675888945205, 20.569360080533254 ], [ -99.482387289394026, 20.573345031320819 ], [ -99.475846978609681, 20.576514721186332 ], [ -99.464642889461743, 20.577898280668801 ], [ -99.465613018872986, 20.580739820895424 ], [ -99.472778648830626, 20.582440061313324 ], [ -99.474272708862131, 20.586000570574519 ], [ -99.471086939429014, 20.589789740588632 ], [ -99.474379599297819, 20.59527998092835 ], [ -99.470303858838335, 20.598388181108515 ], [ -99.471466568680057, 20.600777550776666 ], [ -99.470623229062042, 20.605407550634553 ], [ -99.464034978982568, 20.606858970938998 ], [ -99.454050658756842, 20.606441721170469 ], [ -99.453380779313335, 20.608609799993584 ], [ -99.449189549149253, 20.6066292308725 ], [ -99.44007019888214, 20.609092290574708 ], [ -99.434121019168785, 20.606136181025299 ], [ -99.429522138985718, 20.60777968066845 ], [ -99.424152179481638, 20.603535520599113 ], [ -99.419714379070584, 20.604821400460462 ], [ -99.418983059154527, 20.602293220775167 ], [ -99.41508188947364, 20.599808060907002 ], [ -99.415259598626932, 20.603080650957438 ], [ -99.411425578636994, 20.601241001027102 ], [ -99.409394258755043, 20.604854740784457 ], [ -99.408767598603248, 20.601806860641897 ], [ -99.404277769430891, 20.599159510580041 ], [ -99.403204579416752, 20.60071135118141 ], [ -99.399903738942669, 20.600639231037448 ], [ -99.393534138978268, 20.603615181168522 ], [ -99.39175697919552, 20.600925140676257 ], [ -99.392738278562504, 20.598092911240208 ], [ -99.388986569169091, 20.596243121143807 ], [ -99.386890379438725, 20.589890091257558 ], [ -99.382865088589767, 20.588223481096101 ], [ -99.379206338849173, 20.591268920940021 ], [ -99.374796768730462, 20.590846801195593 ], [ -99.371711549223264, 20.588242320699933 ], [ -99.369119769275287, 20.589384030514516 ], [ -99.368941509079519, 20.583387350689968 ], [ -99.364127088799179, 20.577556490693905 ], [ -99.362351319129019, 20.578088450793405 ], [ -99.361132999420164, 20.582074380952374 ], [ -99.355842169349174, 20.58153085129906 ], [ -99.352980908605645, 20.583723750681017 ], [ -99.351344739028164, 20.582969800552441 ], [ -99.35152839882744, 20.57775123124474 ], [ -99.349798488549368, 20.57619402092493 ], [ -99.336764798577761, 20.576285850946348 ], [ -99.328339629150506, 20.583549620607819 ], [ -99.326593428848071, 20.578344860501328 ], [ -99.315196629120479, 20.573842520841929 ], [ -99.314175658768988, 20.570387601326029 ], [ -99.312077079182828, 20.57298580112365 ], [ -99.304781678917053, 20.576439940915474 ], [ -99.305236909181588, 20.580740510589003 ], [ -99.302494138777902, 20.58498331129211 ], [ -99.288315509241727, 20.593380311255977 ], [ -99.289627059296095, 20.594422740733886 ], [ -99.284036878583677, 20.600982910661191 ], [ -99.283130859031928, 20.609268230864068 ] ] ] ] } },
{ "type": "Feature", "properties": { "CVEGEO": "13057", "CVE_ENT": "13", "CVE_MUN": "057", "NOMGEO": "Singuilucan" }, "geometry": { "type": "MultiPolygon", "coordinates": [ [ [ [ -98.589761509700963, 20.126200830738039 ], [ -98.582523419857864, 20.125986261045554 ], [ -98.580391510027638, 20.121967460566655 ], [ -98.575950540151283, 20.122913460818758 ], [ -98.570814220290274, 20.120774540930601 ], [ -98.566911940049593, 20.117416480620335 ], [ -98.566502460147731, 20.111811460758808 ], [ -98.561436630309132, 20.110194321320709 ], [ -98.554750939666008, 20.102239261301616 ], [ -98.552476169750406, 20.104100291196019 ], [ -98.549175449845663, 20.103438251047024 ], [ -98.542804430056734, 20.106256981317117 ], [ -98.539642030354216, 20.100528850586258 ], [ -98.530655849788673, 20.102802950732627 ], [ -98.525943850374475, 20.107747941254775 ], [ -98.519964480064644, 20.103898950874136 ], [ -98.517773289513656, 20.099517250698032 ], [ -98.498849599643933, 20.094073001168187 ], [ -98.49884147965453, 20.089854550848319 ], [ -98.482947751182806, 20.080859490934913 ], [ -98.479754049571739, 20.076819171163443 ], [ -98.482748949964645, 20.071789911042675 ], [ -98.491654318555746, 20.076956400844562 ], [ -98.493177490211963, 20.080802820730167 ], [ -98.500211578868175, 20.080505320495263 ], [ -98.501920279803528, 20.081940770757303 ], [ -98.499330520080207, 20.069974550611843 ], [ -98.495263779720673, 20.067049341339157 ], [ -98.49674231877222, 20.064677481053327 ], [ -98.480803798719307, 20.064479981251822 ], [ -98.48056035016981, 20.058292431140551 ], [ -98.482070369141596, 20.057042460732614 ], [ -98.462232509379149, 20.056383021339698 ], [ -98.463479228921358, 20.055669001113191 ], [ -98.459232170362313, 20.052656999880764 ], [ -98.473588709875386, 20.038870231323259 ], [ -98.466818659852208, 20.037479491222705 ], [ -98.451215920197413, 20.041607381090838 ], [ -98.448626140103769, 20.043531911091275 ], [ -98.441426949738798, 20.043734751215492 ], [ -98.425684509997865, 20.026523650913543 ], [ -98.416666280422817, 20.020166801324677 ], [ -98.41205197953137, 20.020221650587064 ], [ -98.409070770102346, 20.024053981343886 ], [ -98.391496280260782, 20.021490081034912 ], [ -98.388332309907653, 20.019208630567142 ], [ -98.394051340376734, 20.011873230969748 ], [ -98.396643320207502, 20.003601860507281 ], [ -98.400480579602046, 19.999108091081119 ], [ -98.39627066000692, 19.993044111096658 ], [ -98.392657749597163, 19.989482830698911 ], [ -98.385009230098632, 19.988363121362081 ], [ -98.365468769580502, 19.990491520777333 ], [ -98.358175109864888, 19.987794520941804 ], [ -98.36093171927206, 19.982969120977071 ], [ -98.365044059782832, 19.982880920870574 ], [ -98.374103649275284, 19.975835950764509 ], [ -98.37064999891733, 19.976736090448849 ], [ -98.365730150214461, 19.970907511071484 ], [ -98.366841180200041, 19.968080890506684 ], [ -98.365847379844681, 19.957629291055746 ], [ -98.361332719817455, 19.952467050562586 ], [ -98.360788859680937, 19.946489580980973 ], [ -98.36913733880057, 19.94640465108785 ], [ -98.372550379092985, 19.942693321031321 ], [ -98.368687310332007, 19.938513181126066 ], [ -98.371913348704581, 19.937435051108533 ], [ -98.377350090166701, 19.926996021034377 ], [ -98.378712310368854, 19.919627681202432 ], [ -98.37625049033926, 19.918974151205862 ], [ -98.373222769726254, 19.909131980785443 ], [ -98.381500459905908, 19.902231111269213 ], [ -98.386164029704872, 19.912536481305654 ], [ -98.407445429752272, 19.914659050735658 ], [ -98.407182459537864, 19.91711109109259 ], [ -98.411526479815009, 19.920236571065345 ], [ -98.413738289704398, 19.92010811054854 ], [ -98.422471819499037, 19.916002580928112 ], [ -98.427448170052401, 19.905952251262111 ], [ -98.429335939885391, 19.90504902046408 ], [ -98.433866169799401, 19.906968651322448 ], [ -98.43734849016235, 19.902509850981886 ], [ -98.439691860313204, 19.902290111039395 ], [ -98.437046739654377, 19.895573691328696 ], [ -98.432043170146244, 19.894625231036024 ], [ -98.430321690390741, 19.892385000662749 ], [ -98.43796863020809, 19.887098110665555 ], [ -98.438509940157431, 19.87829157054373 ], [ -98.441431249725767, 19.877540170592145 ], [ -98.446720849909809, 19.881616541229199 ], [ -98.449413419915729, 19.888273890605404 ], [ -98.454488720321024, 19.886902541100294 ], [ -98.457254399939742, 19.889043580606771 ], [ -98.458491740171354, 19.888335860672498 ], [ -98.458006169928737, 19.884095200559749 ], [ -98.454950060299794, 19.880643320778322 ], [ -98.453052659698329, 19.875139030717634 ], [ -98.456038549617631, 19.869577261072163 ], [ -98.461014850290951, 19.869031200935083 ], [ -98.461373429958812, 19.872354660602166 ], [ -98.465296350445669, 19.871088321034854 ], [ -98.469649660311262, 19.873034490910381 ], [ -98.482635430189347, 19.871871571152489 ], [ -98.486252290181852, 19.874743771068157 ], [ -98.50039234990912, 19.868569430418933 ], [ -98.522155480200212, 19.8714933110248 ], [ -98.525246569674479, 19.869282860497222 ], [ -98.524175940458719, 19.872076290525605 ], [ -98.525457140249969, 19.876642690587836 ], [ -98.532286249610067, 19.886081120680807 ], [ -98.537334150271093, 19.887614230264568 ], [ -98.534924379791818, 19.891443881250776 ], [ -98.533604579772387, 19.901300951018932 ], [ -98.535534280461064, 19.902604480547001 ], [ -98.530391150425316, 19.904216461114423 ], [ -98.528300850403738, 19.906889251263113 ], [ -98.529801459974919, 19.916712000804335 ], [ -98.538908510277281, 19.921444150589952 ], [ -98.5389416904207, 19.925610690860598 ], [ -98.54391049042141, 19.927922020509786 ], [ -98.547589939952076, 19.927474540573925 ], [ -98.545460380304505, 19.932948540507319 ], [ -98.569695479710802, 19.93437660096777 ], [ -98.568357799562619, 19.943659290708592 ], [ -98.575336720091258, 19.945955910712019 ], [ -98.571982429787553, 19.951230251064473 ], [ -98.584429319850031, 19.953894461153375 ], [ -98.587052420438013, 19.953190351034344 ], [ -98.587118139890663, 19.957696291212056 ], [ -98.589982349899287, 19.954436180744828 ], [ -98.594398690376281, 19.956281170652851 ], [ -98.587317520377468, 19.964935661272396 ], [ -98.587328319549812, 19.972106980761037 ], [ -98.585586110360154, 19.972017460818336 ], [ -98.585262520142592, 19.97511882068267 ], [ -98.587829909887716, 19.976339690813756 ], [ -98.584420719960988, 19.982216111309505 ], [ -98.580831479993222, 19.983259080537959 ], [ -98.585891650048097, 19.988196341169331 ], [ -98.579785450204852, 19.987641820506038 ], [ -98.587005279695049, 19.992237349591196 ], [ -98.582649310099768, 19.999507200757076 ], [ -98.589033629714734, 20.002822831055919 ], [ -98.593209879699486, 20.007098851158709 ], [ -98.598750549934479, 19.999970001130766 ], [ -98.600610710355085, 20.001497741267734 ], [ -98.600209349706105, 20.005553020887692 ], [ -98.615183479871817, 20.017567510694171 ], [ -98.620576679738306, 20.018626540802146 ], [ -98.605175919745193, 20.035952370902073 ], [ -98.600304249745164, 20.037091980951974 ], [ -98.600346379505993, 20.041232421283318 ], [ -98.591607349953094, 20.054978450607756 ], [ -98.575928920124838, 20.070752850993983 ], [ -98.577609850260501, 20.072426060599366 ], [ -98.580631060094177, 20.070054430869682 ], [ -98.586759750380722, 20.077381430490302 ], [ -98.593605379880486, 20.071269200708567 ], [ -98.597576510245077, 20.071815150980989 ], [ -98.598563799587154, 20.070070320667401 ], [ -98.600743230154279, 20.072130891021541 ], [ -98.599019090187227, 20.073060050825731 ], [ -98.600539850272682, 20.073733061359992 ], [ -98.595953909892785, 20.080490831044667 ], [ -98.603255779575719, 20.086632400885534 ], [ -98.594506770357739, 20.09422815095483 ], [ -98.593850820348933, 20.09949126070131 ], [ -98.589436459813697, 20.099416404032148 ], [ -98.593931030363123, 20.103417781123419 ], [ -98.583859149810891, 20.12200374066688 ], [ -98.601924740347158, 20.117923910274033 ], [ -98.594051429614765, 20.121835580974224 ], [ -98.589761509700963, 20.126200830738039 ] ] ] ] } },
{ "type": "Feature", "properties": { "CVEGEO": "13050", "CVE_ENT": "13", "CVE_MUN": "050", "NOMGEO": "Progreso de Obregón" }, "geometry": { "type": "MultiPolygon", "coordinates": [ [ [ [ -99.148808430387675, 20.377674890805331 ], [ -99.144953318621489, 20.371413430376521 ], [ -99.143202688632769, 20.353258081134989 ], [ -99.14048511878083, 20.35260114094736 ], [ -99.135032459178134, 20.344415339631361 ], [ -99.124886830319582, 20.338835170844394 ], [ -99.118778629543982, 20.318569919927118 ], [ -99.12232428032074, 20.31614395025802 ], [ -99.133233149826722, 20.315037999614841 ], [ -99.151804749659107, 20.298930380080073 ], [ -99.167822549624347, 20.293161749871828 ], [ -99.170604219636957, 20.288980079729257 ], [ -99.170535830087672, 20.286075349892105 ], [ -99.166907680040552, 20.276438740436546 ], [ -99.165804420381193, 20.261803910096653 ], [ -99.160554679532581, 20.261224770403167 ], [ -99.160564620368348, 20.252955689733227 ], [ -99.162570180429654, 20.253091979906863 ], [ -99.162169800291622, 20.246612880019342 ], [ -99.178831511363256, 20.245251819601936 ], [ -99.180528122010102, 20.235160820253789 ], [ -99.182488002065526, 20.232756879974335 ], [ -99.19759716916262, 20.230702889962021 ], [ -99.198583740753747, 20.236225980537366 ], [ -99.195006111442623, 20.240638679800668 ], [ -99.198459999549002, 20.242924050113974 ], [ -99.199510340938772, 20.246501549922641 ], [ -99.202336569718582, 20.249122430066169 ], [ -99.200405539783901, 20.251528319329463 ], [ -99.201219151402512, 20.252399879690461 ], [ -99.196273863123963, 20.251294520960151 ], [ -99.195144112395838, 20.253838140314887 ], [ -99.201991222311705, 20.257466060078681 ], [ -99.197057371907306, 20.26007582047632 ], [ -99.200463881884247, 20.26203399932033 ], [ -99.200032451265855, 20.263223169710002 ], [ -99.19190403025155, 20.262772150026642 ], [ -99.190785090032406, 20.270981000254345 ], [ -99.199049200441181, 20.271301509870657 ], [ -99.198936030139009, 20.273832849617175 ], [ -99.194924489896479, 20.27714994966572 ], [ -99.196520459933595, 20.280794029864165 ], [ -99.202483980464876, 20.281066220293134 ], [ -99.205308720072978, 20.286002880355849 ], [ -99.210443519840851, 20.286836139566539 ], [ -99.211852709709675, 20.290556739565616 ], [ -99.215439880174216, 20.291797519886856 ], [ -99.216185539823456, 20.293559709708752 ], [ -99.21398865030234, 20.297021310419005 ], [ -99.214839449853983, 20.301083970422688 ], [ -99.219120880452337, 20.307206889856101 ], [ -99.225159139786584, 20.310618829673167 ], [ -99.218749779839698, 20.31988894018868 ], [ -99.223211308564657, 20.325034770660722 ], [ -99.224220829670244, 20.331568629554148 ], [ -99.22236890976427, 20.335514649681418 ], [ -99.226284489580863, 20.340029979573 ], [ -99.231948490308667, 20.340428089695475 ], [ -99.229603709701593, 20.347904600327258 ], [ -99.230701369574092, 20.353016169966146 ], [ -99.218364849621892, 20.356396430043194 ], [ -99.211318519964308, 20.354093290405292 ], [ -99.208484619705729, 20.355082059557045 ], [ -99.206300680065624, 20.35848069010606 ], [ -99.203820949970364, 20.35806218039102 ], [ -99.202887309918538, 20.360228369795067 ], [ -99.200981310349107, 20.358985999681444 ], [ -99.200830630003026, 20.354437890230628 ], [ -99.193350460040165, 20.355940219918601 ], [ -99.187556979761112, 20.353280519549724 ], [ -99.17612132043368, 20.360339090038671 ], [ -99.171212399539527, 20.366817600129661 ], [ -99.163477449948516, 20.372041230202186 ], [ -99.162303820039099, 20.369975689740937 ], [ -99.151180619339002, 20.371752721231619 ], [ -99.148808430387675, 20.377674890805331 ] ] ] ] } },
{ "type": "Feature", "properties": { "CVEGEO": "13056", "CVE_ENT": "13", "CVE_MUN": "056", "NOMGEO": "Santiago Tulantepec de Lugo Guerrero" }, "geometry": { "type": "MultiPolygon", "coordinates": [ [ [ [ -98.403916848970312, 20.080772550227923 ], [ -98.401685769498528, 20.070247889809988 ], [ -98.40581468930823, 20.069573340883142 ], [ -98.406108168708016, 20.068339182534292 ], [ -98.402228180269589, 20.063261019877434 ], [ -98.400282910073571, 20.064948770531952 ], [ -98.384351228651894, 20.062329260364706 ], [ -98.377889719692874, 20.056347801042222 ], [ -98.375592858826337, 20.061814570968313 ], [ -98.37028345907585, 20.061614740914589 ], [ -98.367093770031005, 20.058431770865695 ], [ -98.362834860404249, 20.057435399758809 ], [ -98.360616020144676, 20.053596910788119 ], [ -98.360412380194575, 20.058091850980201 ], [ -98.364175628552232, 20.066012940352 ], [ -98.358207019613246, 20.066423620091914 ], [ -98.358523519489793, 20.068176631181519 ], [ -98.355544059912319, 20.064676570936967 ], [ -98.349974089719211, 20.046362432831785 ], [ -98.341549478985058, 20.048444151197323 ], [ -98.334451339289629, 20.0424728803312 ], [ -98.336348229269902, 20.038858090702423 ], [ -98.335746460303071, 20.034508279614336 ], [ -98.34429921895341, 20.026425919874782 ], [ -98.345047799672557, 20.022645229977648 ], [ -98.350217980411543, 20.020894109655973 ], [ -98.356541149357881, 20.021363650354868 ], [ -98.355839848874979, 20.009103771188755 ], [ -98.359719629426834, 20.000584260704478 ], [ -98.35785957914733, 19.995066250079415 ], [ -98.360535739787963, 19.989985720820513 ], [ -98.359715320230819, 19.988389980758939 ], [ -98.365468769580502, 19.990491520777333 ], [ -98.385009230098632, 19.988363121362081 ], [ -98.392657749597163, 19.989482830698911 ], [ -98.400480579602046, 19.999108091081119 ], [ -98.396643320207502, 20.003601860507281 ], [ -98.394051340376734, 20.011873230969748 ], [ -98.388332309907653, 20.019208630567142 ], [ -98.391496280260782, 20.021490081034912 ], [ -98.409070770102346, 20.024053981343886 ], [ -98.41205197953137, 20.020221650587064 ], [ -98.416666280422817, 20.020166801324677 ], [ -98.425684509997865, 20.026523650913543 ], [ -98.440939059652976, 20.04360360085353 ], [ -98.448626140103769, 20.043531911091275 ], [ -98.451215920197413, 20.041607381090838 ], [ -98.466818659852208, 20.037479491222705 ], [ -98.473588709875386, 20.038870231323259 ], [ -98.470364749949084, 20.043268851078157 ], [ -98.455035489693813, 20.056170319950631 ], [ -98.44524354961267, 20.062027310940525 ], [ -98.4325470002495, 20.065562780804097 ], [ -98.408461850327569, 20.069100090556123 ], [ -98.408922598559869, 20.079452180225147 ], [ -98.403916848970312, 20.080772550227923 ] ] ] ] } },
{ "type": "Feature", "properties": { "CVEGEO": "13042", "CVE_ENT": "13", "CVE_MUN": "042", "NOMGEO": "Molango de Escamilla" }, "geometry": { "type": "MultiPolygon", "coordinates": [ [ [ [ -98.838285113113301, 20.976042800135595 ], [ -98.82980385947144, 20.967917420833878 ], [ -98.821505778723179, 20.966242061050711 ], [ -98.81821604876248, 20.968077580538818 ], [ -98.820521368769704, 20.969884001043646 ], [ -98.81781319869107, 20.973570750961485 ], [ -98.802833568541146, 20.968533230445399 ], [ -98.769849888576175, 20.968568631162302 ], [ -98.7612538292761, 20.96594480068179 ], [ -98.764366749313311, 20.96017718080132 ], [ -98.763720479013841, 20.953619800857034 ], [ -98.768569078531385, 20.94707420095277 ], [ -98.76509676891915, 20.944066380441704 ], [ -98.771915649226841, 20.944741221045351 ], [ -98.772596919392683, 20.943052350884564 ], [ -98.776429518949243, 20.945002480916212 ], [ -98.778086949179894, 20.942969050511905 ], [ -98.777075629104132, 20.939259910820734 ], [ -98.77276839893382, 20.934004800551204 ], [ -98.771538748813711, 20.927080290875054 ], [ -98.768553278712432, 20.92554514080674 ], [ -98.770469478992609, 20.921975830948359 ], [ -98.76734393899477, 20.921002060749473 ], [ -98.769154539153007, 20.918440541167652 ], [ -98.766368649064773, 20.916588551230976 ], [ -98.766500419115985, 20.911777340518416 ], [ -98.767848029190674, 20.911588020796035 ], [ -98.764484689419888, 20.909222660861673 ], [ -98.767607828963577, 20.908643060434883 ], [ -98.767839579442239, 20.90724963095796 ], [ -98.762149089143591, 20.899250721298099 ], [ -98.761462779246472, 20.894128260646269 ], [ -98.758119778779417, 20.891217460688363 ], [ -98.754754399479168, 20.891686120867828 ], [ -98.745809278595161, 20.888601890874305 ], [ -98.741949578652267, 20.883773251326215 ], [ -98.739101079144433, 20.883878431122874 ], [ -98.737163849475223, 20.880266831010481 ], [ -98.722355109017755, 20.87350312122193 ], [ -98.71845216875559, 20.874396740761046 ], [ -98.722189798738114, 20.882279141058881 ], [ -98.716416428946715, 20.881601631258139 ], [ -98.711932149115526, 20.868693860554508 ], [ -98.706362978874765, 20.863828230926675 ], [ -98.714605479284998, 20.855258751092869 ], [ -98.719292259444231, 20.857762820650827 ], [ -98.727011429378294, 20.847973490591329 ], [ -98.730171879204931, 20.847073121141907 ], [ -98.737640399115406, 20.851748940864717 ], [ -98.739476228552661, 20.865641720832347 ], [ -98.742194829194645, 20.86848651071233 ], [ -98.753394889252561, 20.862793451216316 ], [ -98.736563508754188, 20.844555890778729 ], [ -98.739034818559773, 20.842408170942669 ], [ -98.750744249241905, 20.839826771198094 ], [ -98.74585025870563, 20.830367740447468 ], [ -98.741706678787281, 20.829281521318165 ], [ -98.734580058802067, 20.831640451047388 ], [ -98.728278648917154, 20.831534051078862 ], [ -98.718412519314398, 20.827578581056098 ], [ -98.709668629098161, 20.827183261223276 ], [ -98.702213819211963, 20.824471880441163 ], [ -98.704595219227031, 20.819051480569321 ], [ -98.708918538911348, 20.816101220742993 ], [ -98.709673689135613, 20.809778090807797 ], [ -98.714539428729651, 20.804181630798553 ], [ -98.714722879303608, 20.800091121245302 ], [ -98.718484018862924, 20.79828371053188 ], [ -98.721716719411162, 20.794052750817325 ], [ -98.719571629228142, 20.791186460564948 ], [ -98.717807288633352, 20.792383520912306 ], [ -98.708530259440508, 20.786710831160917 ], [ -98.710229769056596, 20.783570920699599 ], [ -98.705483998729576, 20.776575921020036 ], [ -98.706456708614851, 20.775595341289353 ], [ -98.699338348712516, 20.771629490498391 ], [ -98.697874718919564, 20.773356151113788 ], [ -98.696243579240516, 20.772525621287439 ], [ -98.700185508894378, 20.766807490618024 ], [ -98.69512702894346, 20.767791970876921 ], [ -98.692829198530504, 20.764312691230682 ], [ -98.697557368553504, 20.759004750791522 ], [ -98.703888149467545, 20.756928060527375 ], [ -98.716223168743113, 20.749448690852265 ], [ -98.710653018612163, 20.748298881180844 ], [ -98.704585658732825, 20.739036001138984 ], [ -98.70653293897233, 20.736553230731921 ], [ -98.709456859376459, 20.736957310923437 ], [ -98.715505938847102, 20.733945290702909 ], [ -98.720655848672507, 20.727921431070264 ], [ -98.724549079248362, 20.727086740632537 ], [ -98.725721719043619, 20.722451740852986 ], [ -98.728753309142718, 20.721219800753847 ], [ -98.738611858956119, 20.723365400685392 ], [ -98.738830999011782, 20.727027221180503 ], [ -98.735713519180763, 20.729912401082522 ], [ -98.744056689107907, 20.735797431160936 ], [ -98.746498508977666, 20.740574570825775 ], [ -98.753085220193014, 20.740849619725232 ], [ -98.75694282867812, 20.753579521154471 ], [ -98.754936519196136, 20.761896970886568 ], [ -98.756658198763517, 20.764234940525625 ], [ -98.755581978831117, 20.76679189056912 ], [ -98.761273109263911, 20.773005681050012 ], [ -98.761676419129458, 20.775906220927805 ], [ -98.765469049165944, 20.778198320891075 ], [ -98.76574797871227, 20.78458226050483 ], [ -98.771170938954285, 20.791812220758601 ], [ -98.774330448818631, 20.793408510603417 ], [ -98.773217088797836, 20.796251860655328 ], [ -98.78053373889442, 20.800042510905769 ], [ -98.780504228633717, 20.80740594090798 ], [ -98.784696319011374, 20.815408601080438 ], [ -98.784482199266861, 20.822083170905582 ], [ -98.787286819483413, 20.82748878088929 ], [ -98.784166338909799, 20.833162430575999 ], [ -98.784592278538796, 20.851743151223328 ], [ -98.781502819279225, 20.854695800956339 ], [ -98.788096519090288, 20.8619207405544 ], [ -98.791064599437533, 20.862591830745604 ], [ -98.790941859187683, 20.865393120456808 ], [ -98.793459649486508, 20.865428851040701 ], [ -98.796310978537463, 20.870777711215574 ], [ -98.799194118907451, 20.871863231087509 ], [ -98.799484349288221, 20.87596135057986 ], [ -98.797419148688206, 20.87930263088807 ], [ -98.803868879251169, 20.877996340984872 ], [ -98.813009379096968, 20.872020830764924 ], [ -98.815083939472132, 20.86896678077607 ], [ -98.822727249313289, 20.868645981308035 ], [ -98.826950478803155, 20.869745740807431 ], [ -98.84379628868794, 20.888067460588363 ], [ -98.847714429306194, 20.885522980673869 ], [ -98.847388768702146, 20.882618080939363 ], [ -98.85007407809384, 20.876469649920551 ], [ -98.851805249422867, 20.883499631095983 ], [ -98.858494308744298, 20.890581150778235 ], [ -98.857940048634589, 20.893734620662439 ], [ -98.86263057035309, 20.902377800461025 ], [ -98.860944168692725, 20.904264650930354 ], [ -98.861737088938, 20.915008370611826 ], [ -98.85771257931745, 20.924589981159126 ], [ -98.845233309343527, 20.934033341019337 ], [ -98.844015348901706, 20.936927511037343 ], [ -98.857031309092548, 20.962578080708475 ], [ -98.857179819304619, 20.970168860646673 ], [ -98.859967290192657, 20.972099549800074 ], [ -98.855386308648534, 20.974724571086821 ], [ -98.851075418750099, 20.971781121035679 ], [ -98.842812908665564, 20.971683860483676 ], [ -98.841810109384326, 20.974682140755039 ], [ -98.838285113113301, 20.976042800135595 ] ] ] ] } },
{ "type": "Feature", "properties": { "CVEGEO": "13040", "CVE_ENT": "13", "CVE_MUN": "040", "NOMGEO": "La Misión" }, "geometry": { "type": "MultiPolygon", "coordinates": [ [ [ [ -99.064076520185509, 21.17507628983013 ], [ -99.062318570313295, 21.174159920341673 ], [ -99.059701020063684, 21.167689539733075 ], [ -99.064747600064521, 21.166713819667681 ], [ -99.072048570122803, 21.159527319793106 ], [ -99.072506880149049, 21.157267509991438 ], [ -99.06133169043035, 21.154205339940379 ], [ -99.058569030462124, 21.158748000317935 ], [ -99.055704889991759, 21.160134690286188 ], [ -99.050900539522189, 21.151950369843473 ], [ -99.047718140225541, 21.152931740178449 ], [ -99.039141399695239, 21.151464179594161 ], [ -99.034410140065816, 21.138336770175879 ], [ -99.031170339971254, 21.138394350450465 ], [ -99.028186029520811, 21.135304849995251 ], [ -99.027149950120062, 21.131474769629389 ], [ -99.035551630080334, 21.123261290271319 ], [ -99.036273970417341, 21.119891689776921 ], [ -99.040380879942333, 21.117159749837391 ], [ -99.041219819716233, 21.113973710113914 ], [ -99.039758219755953, 21.11361174959335 ], [ -99.036767510104795, 21.106490749875736 ], [ -99.035904199629115, 21.098944850384505 ], [ -99.037155980395553, 21.092928150317487 ], [ -99.034856109567926, 21.087577830116985 ], [ -99.044305350006113, 21.078316920023624 ], [ -99.036983720114478, 21.071898059968969 ], [ -99.028996109914942, 21.070670080030123 ], [ -99.022706319641316, 21.067368290375686 ], [ -99.020516939674621, 21.068319510295087 ], [ -99.009188769623776, 21.066867549752125 ], [ -99.007804030275338, 21.063269289918438 ], [ -99.014547399912686, 21.060727109912403 ], [ -99.015973920048651, 21.058563309897231 ], [ -99.020409369765773, 21.057738479767146 ], [ -99.009084569841022, 21.05347811033548 ], [ -99.007528020200994, 21.049230310146189 ], [ -99.002565550165926, 21.050455019858266 ], [ -99.000822709705247, 21.045576570075031 ], [ -98.997161649838787, 21.042162800018588 ], [ -98.986270950284407, 21.039552680135589 ], [ -98.976916800200414, 21.044882139588626 ], [ -98.974735570462343, 21.047704489960452 ], [ -98.968959019834585, 21.046861780007927 ], [ -98.965110970393212, 21.050832449671319 ], [ -98.96189264977599, 21.051535260291793 ], [ -98.960796779996429, 21.046549259724561 ], [ -98.963951110415167, 21.040700830030136 ], [ -98.963375879651181, 21.039115890191702 ], [ -98.95830410970585, 21.036941720053981 ], [ -98.957227690020488, 21.03385884987755 ], [ -98.95849697038075, 21.031286350144057 ], [ -98.961377179813923, 21.030290060089555 ], [ -98.97134974028485, 21.034777689796432 ], [ -98.973470490224841, 21.034119349967387 ], [ -98.972582049937472, 21.0322193697701 ], [ -98.967871309636919, 21.030394970401154 ], [ -98.968153779519142, 21.026771020006368 ], [ -98.97949130993193, 21.025718090168624 ], [ -98.976178779715696, 21.021623369972239 ], [ -98.971860149697321, 21.020434629716789 ], [ -98.972955690140225, 21.003902120135223 ], [ -98.975924689669469, 21.00228862033406 ], [ -98.976600319995484, 21.00644002962563 ], [ -98.979739380453253, 21.007159569844873 ], [ -98.978805829941209, 21.002196949619009 ], [ -98.98008978027805, 20.998548350447443 ], [ -98.987563659594301, 20.997929950066474 ], [ -98.987593140050564, 20.994682850358515 ], [ -98.990492490286186, 20.991916340360504 ], [ -98.997661950348871, 20.993819649943568 ], [ -99.006260399628488, 20.99094601988828 ], [ -99.007684519821808, 20.992727519662768 ], [ -99.007264950017031, 20.998521919853022 ], [ -99.011425690441655, 21.001447430405065 ], [ -99.015863549793082, 20.999670509657875 ], [ -99.017414969743157, 20.994043650106729 ], [ -99.021095849682482, 20.992573200127463 ], [ -99.030665570107658, 21.000972779649228 ], [ -99.038018400461283, 21.004837690309753 ], [ -99.038805180391776, 21.002362679657935 ], [ -99.031407949571701, 20.99691062030908 ], [ -99.033131220370251, 20.993318850021872 ], [ -99.037631450477548, 20.995225490164049 ], [ -99.042228719888243, 20.993012120410757 ], [ -99.046222230066576, 20.995399050292956 ], [ -99.049363490395763, 20.999893980124206 ], [ -99.049628919931223, 20.98883919996646 ], [ -99.047437419908377, 20.987765120449943 ], [ -99.041819940344936, 20.990066459625357 ], [ -99.037577089948158, 20.981317579960951 ], [ -99.034060709922869, 20.980595719779586 ], [ -99.032182419618266, 20.983019600298441 ], [ -99.029973289915375, 20.982723890001473 ], [ -99.026307579568098, 20.979891149596888 ], [ -99.023801859857898, 20.973480540113904 ], [ -99.031871060136282, 20.973453920444118 ], [ -99.032146179535175, 20.967417249887486 ], [ -99.035834659822285, 20.965008660133407 ], [ -99.037062570186862, 20.961057280016352 ], [ -99.052955349576564, 20.956476659683386 ], [ -99.054497850227619, 20.958154450387674 ], [ -99.053868200352341, 20.962307429739997 ], [ -99.058417770174756, 20.961981310370707 ], [ -99.057518540348312, 20.959236819684097 ], [ -99.06281752016551, 20.960818250029895 ], [ -99.066017180052285, 20.967806260440454 ], [ -99.066912940331989, 20.974299540016421 ], [ -99.060950260439711, 20.980523510113134 ], [ -99.062890540360556, 20.98105570961275 ], [ -99.072071150219685, 20.991705060345993 ], [ -99.078356489690535, 20.993740510301901 ], [ -99.078869200308461, 20.997340719618613 ], [ -99.087850049579103, 20.99776817024723 ], [ -99.087721940199685, 21.001274259896935 ], [ -99.092738309702568, 21.005897050137239 ], [ -99.098997400031934, 21.01774311963133 ], [ -99.094774579762429, 21.020438399552216 ], [ -99.095072660268286, 21.028637510043183 ], [ -99.110306680048268, 21.043896170352603 ], [ -99.114801600366974, 21.043736969843572 ], [ -99.115201480380762, 21.046906539724091 ], [ -99.120831910094367, 21.050522799778584 ], [ -99.129051829538398, 21.065682850004254 ], [ -99.125501820315733, 21.07008547982964 ], [ -99.135072770095476, 21.075410829604294 ], [ -99.140884460361619, 21.083696570215853 ], [ -99.142991830203243, 21.0895978002665 ], [ -99.14852162953585, 21.091406579852528 ], [ -99.152537319614837, 21.099045779677724 ], [ -99.152265400120015, 21.103450340362564 ], [ -99.155451200446052, 21.110053890434575 ], [ -99.156278739944327, 21.108369140225641 ], [ -99.158628979678667, 21.108885109849307 ], [ -99.168406019612149, 21.114430050104165 ], [ -99.172032680041696, 21.117244660312618 ], [ -99.174567120017684, 21.12266590996656 ], [ -99.180875889846874, 21.126641049743206 ], [ -99.175478050118443, 21.138378319725426 ], [ -99.171016180163477, 21.137485000266956 ], [ -99.167285709741691, 21.140108939594423 ], [ -99.163464650130351, 21.139863569889112 ], [ -99.150056479754994, 21.147860250084857 ], [ -99.144248249858578, 21.145140169960701 ], [ -99.136047890231183, 21.152271949852931 ], [ -99.130638340267495, 21.152418659601924 ], [ -99.126368120315931, 21.146637720429265 ], [ -99.111492320160366, 21.148508510093489 ], [ -99.112211490261458, 21.15402882007578 ], [ -99.110853379962236, 21.156558459596027 ], [ -99.103512540457757, 21.15343202998006 ], [ -99.096040649676269, 21.154652979788775 ], [ -99.090631120153205, 21.153095520034331 ], [ -99.08398917961172, 21.159589579793288 ], [ -99.077048489541383, 21.159144660069227 ], [ -99.07688833957306, 21.162370910166128 ], [ -99.07093745956098, 21.16638137954326 ], [ -99.070943549604195, 21.167586920051214 ], [ -99.077770799715239, 21.17074772034108 ], [ -99.076887339743436, 21.173303030207141 ], [ -99.070527649529026, 21.172319920442845 ], [ -99.064076520185509, 21.17507628983013 ] ] ] ] } },
{ "type": "Feature", "properties": { "CVEGEO": "13069", "CVE_ENT": "13", "CVE_MUN": "069", "NOMGEO": "Tizayuca" }, "geometry": { "type": "MultiPolygon", "coordinates": [ [ [ [ -98.956829168973684, 19.905600830587925 ], [ -98.950662400122113, 19.906240751083484 ], [ -98.949579674523562, 19.899472096042551 ], [ -98.943174079275877, 19.897261180404524 ], [ -98.943234169859409, 19.893896079609547 ], [ -98.941877619170782, 19.893083179698223 ], [ -98.942993230221134, 19.891295340315047 ], [ -98.939798579915646, 19.886207429843186 ], [ -98.937323249446308, 19.886543079776896 ], [ -98.934662738821771, 19.890231920125768 ], [ -98.925761829439736, 19.885563600148103 ], [ -98.926735939509371, 19.883513860812872 ], [ -98.923965510176828, 19.884475630639098 ], [ -98.91926030860165, 19.881905740806722 ], [ -98.919897849341282, 19.880911400896739 ], [ -98.917418860274196, 19.878182680599235 ], [ -98.913805059314157, 19.877012920012906 ], [ -98.914447350268787, 19.875718821170008 ], [ -98.91244214950386, 19.874800509772289 ], [ -98.914840879992965, 19.874883630545245 ], [ -98.913127739080437, 19.87353994034833 ], [ -98.91394842994255, 19.872350461080398 ], [ -98.915730450183645, 19.873115110890499 ], [ -98.914604109820218, 19.871440420782015 ], [ -98.91748097972787, 19.869233180383233 ], [ -98.905203219718743, 19.863543799976611 ], [ -98.908788778997177, 19.857124971292272 ], [ -98.902977939439452, 19.859305510514144 ], [ -98.907651630313339, 19.850796480883862 ], [ -98.905670450180949, 19.845981981060298 ], [ -98.907877318934382, 19.84357618130916 ], [ -98.915405418945454, 19.841876450685895 ], [ -98.916323199507332, 19.839332281052396 ], [ -98.927631518764841, 19.843392681238765 ], [ -98.94548939967116, 19.803801779685763 ], [ -98.94754742952999, 19.804537082396227 ], [ -98.948758533878362, 19.800510878778894 ], [ -98.95301566043814, 19.800161171149892 ], [ -98.954051908879137, 19.798573511046577 ], [ -98.955399449808326, 19.798830319607244 ], [ -98.954683050097515, 19.800543090243679 ], [ -98.961359120181129, 19.803908083736609 ], [ -98.960917057458914, 19.805094371098935 ], [ -99.008200719258113, 19.828402060997423 ], [ -99.000151709798828, 19.834179181036564 ], [ -99.015617939776448, 19.859386350209995 ], [ -99.017031780041023, 19.859703309837787 ], [ -99.016830489654339, 19.861452570146817 ], [ -99.020391220114192, 19.86410677011472 ], [ -99.020581150122752, 19.867682660039293 ], [ -98.966005968777452, 19.891656800814236 ], [ -98.955975453833503, 19.885166729944892 ], [ -98.953546938645033, 19.888539889790749 ], [ -98.961446400253266, 19.89364071030834 ], [ -98.955058749070758, 19.896396481125652 ], [ -98.956829168973684, 19.905600830587925 ] ] ] ] } },
{ "type": "Feature", "properties": { "CVEGEO": "13039", "CVE_ENT": "13", "CVE_MUN": "039", "NOMGEO": "Mineral del Monte" }, "geometry": { "type": "MultiPolygon", "coordinates": [ [ [ [ -98.661318770153997, 20.207179570263566 ], [ -98.660062110319217, 20.199424709987046 ], [ -98.663684580473458, 20.193157689704435 ], [ -98.660649510356393, 20.192726400267077 ], [ -98.666265200200655, 20.182756650137748 ], [ -98.65964105000532, 20.17875445967908 ], [ -98.663318220225918, 20.168848750176021 ], [ -98.66047541955939, 20.165420149956777 ], [ -98.666270550375458, 20.164454279602385 ], [ -98.665197829967525, 20.160172169974832 ], [ -98.660040109643475, 20.153841879640407 ], [ -98.661434880413509, 20.152762260331691 ], [ -98.656966400021091, 20.150796289730891 ], [ -98.65583965992947, 20.147011889668867 ], [ -98.652388020283254, 20.144505770390555 ], [ -98.646894380411894, 20.145551340361486 ], [ -98.64771469023799, 20.147884480274026 ], [ -98.632915199599168, 20.147049220376068 ], [ -98.631606089846727, 20.144944370115756 ], [ -98.632257510409843, 20.141053799942469 ], [ -98.635792480479225, 20.13970702985252 ], [ -98.632471890350985, 20.131753570235119 ], [ -98.630607849703338, 20.131739169741063 ], [ -98.630833219606757, 20.129490580191916 ], [ -98.629387770085955, 20.128594509593484 ], [ -98.62510051986817, 20.127930889778259 ], [ -98.621070110012624, 20.130403860178255 ], [ -98.612790150424388, 20.128663220242615 ], [ -98.611393339840475, 20.132870079999343 ], [ -98.60890214970911, 20.130006580205482 ], [ -98.605105749736097, 20.117549089565401 ], [ -98.608065310047905, 20.114563909988213 ], [ -98.607181860296336, 20.112166419889292 ], [ -98.614967380128178, 20.107654230202808 ], [ -98.615806509662889, 20.096011250090662 ], [ -98.618203139888976, 20.092451229621346 ], [ -98.617088259545483, 20.09024593976654 ], [ -98.619119909721391, 20.088350089703535 ], [ -98.621547150110914, 20.08830498002331 ], [ -98.622500860182413, 20.092072180156105 ], [ -98.625427459627033, 20.093766199814617 ], [ -98.629474769635991, 20.093005090039757 ], [ -98.6371613502739, 20.097323020014173 ], [ -98.648532579593819, 20.098523290003044 ], [ -98.655879179711079, 20.101013709764253 ], [ -98.658500649542404, 20.104496509549058 ], [ -98.661826579858371, 20.105817170200474 ], [ -98.664367879366495, 20.111936490704259 ], [ -98.668595539565317, 20.113708260966728 ], [ -98.670781690115788, 20.121433681128011 ], [ -98.674266829705445, 20.122421621278956 ], [ -98.67432042957941, 20.124174230667599 ], [ -98.681557259428303, 20.125046981098464 ], [ -98.685867710318206, 20.123479431104904 ], [ -98.684872459089192, 20.126510630689445 ], [ -98.689524659415682, 20.129760121252708 ], [ -98.6885344804531, 20.134728220502019 ], [ -98.692149720383611, 20.14106725049162 ], [ -98.694222749996143, 20.140760891219788 ], [ -98.693793999837936, 20.144088850968995 ], [ -98.692126940401607, 20.145215490858867 ], [ -98.692475919251578, 20.149234620952573 ], [ -98.696377629122225, 20.152773570728225 ], [ -98.701743850261764, 20.153378630972664 ], [ -98.702774880456801, 20.163532780338752 ], [ -98.701435259997027, 20.177612799905457 ], [ -98.696169799522494, 20.178226619898592 ], [ -98.690742820426948, 20.181877399640609 ], [ -98.689817460051799, 20.184569649979327 ], [ -98.680003619824987, 20.188809380131922 ], [ -98.675284289665115, 20.198286369605487 ], [ -98.66724657021571, 20.203202540028439 ], [ -98.665170079891809, 20.202692770036649 ], [ -98.664878260184494, 20.205157199737954 ], [ -98.661318770153997, 20.207179570263566 ] ] ] ] } },
{ "type": "Feature", "properties": { "CVEGEO": "13033", "CVE_ENT": "13", "CVE_MUN": "033", "NOMGEO": "Juárez Hidalgo" }, "geometry": { "type": "MultiPolygon", "coordinates": [ [ [ [ -98.862384778764593, 20.902013880750697 ], [ -98.857940048634589, 20.893734620662439 ], [ -98.858494308744298, 20.890581150778235 ], [ -98.851805249422867, 20.883499631095983 ], [ -98.85007407809384, 20.876469649920551 ], [ -98.847388768702146, 20.882618080939363 ], [ -98.847714429306194, 20.885522980673869 ], [ -98.844182109029376, 20.888159280664649 ], [ -98.826950478803155, 20.869745740807431 ], [ -98.822727249313289, 20.868645981308035 ], [ -98.815083939472132, 20.86896678077607 ], [ -98.813009379096968, 20.872020830764924 ], [ -98.803868879251169, 20.877996340984872 ], [ -98.797876109440466, 20.879448771133347 ], [ -98.799833658747815, 20.874306750717359 ], [ -98.799194118907451, 20.871863231087509 ], [ -98.796310978537463, 20.870777711215574 ], [ -98.793459649486508, 20.865428851040701 ], [ -98.790941859187683, 20.865393120456808 ], [ -98.791064599437533, 20.862591830745604 ], [ -98.788096519090288, 20.8619207405544 ], [ -98.781502819279225, 20.854695800956339 ], [ -98.784592278538796, 20.851743151223328 ], [ -98.784166338909799, 20.833162430575999 ], [ -98.787286819483413, 20.82748878088929 ], [ -98.784482199266861, 20.822083170905582 ], [ -98.784696319011374, 20.815408601080438 ], [ -98.780011478780608, 20.805387230871734 ], [ -98.781345799164995, 20.802955710681236 ], [ -98.780667029227544, 20.800367171310256 ], [ -98.778590549446946, 20.799027620506344 ], [ -98.78162822858063, 20.798346521325271 ], [ -98.787755339777931, 20.792824690338502 ], [ -98.792830218844159, 20.792037339837577 ], [ -98.794197818671734, 20.78819842131691 ], [ -98.799865309926886, 20.783989260723313 ], [ -98.812291318548731, 20.779868150960183 ], [ -98.832336599420927, 20.769296121186855 ], [ -98.845540018914491, 20.768975380595002 ], [ -98.851130690140693, 20.775524621323903 ], [ -98.850116968764752, 20.780386090602349 ], [ -98.852350289725365, 20.785638219855013 ], [ -98.8702579202089, 20.789150169640529 ], [ -98.877878769761068, 20.78750722089967 ], [ -98.875321078862498, 20.793140339866532 ], [ -98.876543599493345, 20.794663140411426 ], [ -98.874850548792509, 20.795373490479491 ], [ -98.876344078800358, 20.796915919756987 ], [ -98.874332580460546, 20.796450200205637 ], [ -98.871924540374536, 20.803046140895692 ], [ -98.87450850974416, 20.811830830653829 ], [ -98.873917648640841, 20.82302346120483 ], [ -98.886235280316967, 20.836474550787948 ], [ -98.885756019679889, 20.842895581054801 ], [ -98.895291119152631, 20.844003340226553 ], [ -98.89795880047653, 20.841033739781587 ], [ -98.899658690325239, 20.844796479659284 ], [ -98.898987800449532, 20.847188019971284 ], [ -98.901168549979175, 20.850318549634952 ], [ -98.899345059703592, 20.851972200312183 ], [ -98.894938400197475, 20.850045719557649 ], [ -98.892943829681784, 20.850723519913338 ], [ -98.893463570207686, 20.85429211988253 ], [ -98.891023769844679, 20.859444310176166 ], [ -98.886568980441339, 20.858313719827951 ], [ -98.885100199980442, 20.862272280146335 ], [ -98.882391709756476, 20.863462460047899 ], [ -98.882163170282766, 20.864779710116412 ], [ -98.885919519532592, 20.86503702962677 ], [ -98.879120059947013, 20.88630397004594 ], [ -98.874302179860251, 20.888152690070172 ], [ -98.862384778764593, 20.902013880750697 ] ] ] ] } }
]
}
